team_size,duration_months,budget_usd,requirements_clarity,client_involvement,tech_complexity,risk_encoded,type_encoded,budget_per_person,complexity_risk,team_experience,regulatory_compliance,geographic_distribution,sdlc,effort_person_months,cost_usd
8,46,939105.04,2,2,3,3,3,117388.13,9,2,1,2,Spiral,501.3,944284.57
20,36,1137773.26,4,4,3,3,2,56888.663,9,5,1,3,Spiral,707.17,1372304.51
8,4,1452830.82,5,5,3,3,2,181603.8525,9,3,1,3,Scrum,34.97,457375.88
73,13,685695.3,5,3,1,2,2,9393.0863,2,2,1,1,SAFe,777.52,927661.64
31,38,1313679.37,2,3,4,1,2,42376.7539,4,2,0,2,Iterative,1144.11,1711460.87
29,43,1430330.62,2,5,1,1,1,49321.7455,1,5,0,3,Scrum,616.62,1266694.74
64,5,963527.9,1,3,3,1,4,15055.1234,3,4,0,3,SAFe,248.74,1068954.85
67,10,556492.16,5,5,4,3,3,8305.8531,12,1,1,2,Spiral,1124.24,619584.52
77,38,1294633.62,4,4,2,2,1,16813.4236,4,5,1,3,SAFe,1933.58,1622018.13
8,9,128581.77,3,5,4,2,2,16072.7212,8,2,0,2,Scrum,71.41,1071150.0
33,31,1271617.92,2,3,3,3,3,38533.8764,9,4,1,3,Spiral,1044.1,1615740.18
6,15,74898.17,1,4,4,1,4,12483.0283,4,2,0,3,Scrum,120.23,100467.9
51,44,630314.55,5,5,2,2,2,12359.1088,4,2,0,1,Agile,1713.81,850124.28
79,34,110761.16,2,4,3,3,2,1402.04,9,2,0,2,Spiral,3318.6,140038.91
79,7,381018.81,5,3,4,2,1,4823.0229,8,3,1,3,V-Model,542.6,489359.22
23,17,980841.15,1,3,1,2,2,42645.2674,2,4,0,1,Scrum,268.39,1228569.5
39,21,81671.88,1,3,3,1,4,2094.1508,3,4,1,1,Iterative,685.43,106823.04
50,30,262623.85,4,1,3,3,4,5252.477,9,2,1,3,Spiral,2204.36,320825.48
79,18,932094.55,5,2,1,3,4,11798.6652,3,1,1,3,SAFe,1910.5,1301380.37
7,42,539179.15,4,2,3,3,2,77025.5929,9,2,1,3,Scrum,329.33,547570.47
55,19,214294.77,1,4,5,2,3,3896.2685,10,4,0,1,Agile,1082.59,282167.19
41,34,879168.74,2,4,1,1,1,21443.14,1,3,1,3,Scrum,1037.75,1080726.92
72,35,168030.51,4,3,2,1,1,2333.7571,2,3,1,2,SAFe,1625.86,207093.49
70,15,1329090.28,1,3,1,2,4,18987.004,2,4,0,2,SAFe,677.58,1541715.92
71,42,454675.99,1,1,5,3,3,6403.8872,15,5,0,3,Spiral,3567.25,577606.47
39,43,1091637.76,3,3,1,3,1,27990.7118,3,3,1,2,Agile,1487.38,1333610.5
45,32,177138.82,1,3,1,3,2,3936.4182,3,3,1,2,Iterative,1374.79,201597.1
15,24,332196.34,2,2,5,3,3,22146.4227,15,4,1,1,Spiral,401.54,10916868.75
54,8,512259.01,4,2,1,2,4,9486.278,2,4,1,3,SAFe,408.16,582133.45
74,45,267908.79,2,2,3,1,2,3620.3891,3,2,1,1,SAFe,3054.01,313690.85
8,20,123065.56,1,3,3,2,4,15383.195,6,3,0,2,Iterative,160.74,1768140.0
9,33,512782.1,1,4,2,3,3,56975.7889,6,4,0,3,Spiral,347.64,619234.44
42,42,898124.44,2,2,2,2,3,21383.9152,4,1,1,2,Iterative,2587.46,997407.8
21,27,726897.58,5,4,1,1,3,34614.1705,1,1,1,1,Waterfall,542.33,792793.36
59,26,661734.54,3,3,3,1,3,11215.8397,3,4,1,2,SAFe,1298.22,814452.18
9,31,922436.53,4,4,5,2,3,102492.9478,10,5,1,2,V-Model,257.01,1246698.83
2,8,1133029.08,3,5,5,1,3,566514.54,5,2,1,1,Scrum,13.87,255323.84
27,23,795579.46,4,3,3,1,2,29465.9059,3,1,1,1,Waterfall,520.11,1028637.92
47,43,573205.53,2,4,5,2,4,12195.8623,10,3,1,3,Spiral,2575.95,573931.41
34,19,456256.9,1,5,2,3,3,13419.3206,6,1,0,3,Spiral,971.99,522864.68
12,29,807571.87,3,1,5,3,2,67297.6558,15,3,1,2,Spiral,386.15,957957.72
13,48,586234.47,3,4,5,3,1,45094.9592,15,3,0,1,Spiral,705.1,687633.4
59,31,943976.69,1,2,5,2,4,15999.6049,10,3,0,2,SAFe,1884.4,986951.42
75,41,765743.13,2,5,5,2,1,10209.9084,10,3,0,3,SAFe,3288.07,983691.23
54,13,287309.97,5,2,4,3,1,5320.555,12,4,1,1,Spiral,605.69,296740.59
3,3,904834.68,1,5,2,1,2,301611.56,2,4,0,3,RAD,7.78,80909.11
28,17,439072.72,1,3,1,2,3,15681.1686,2,2,0,1,Iterative,477.16,493071.49
48,10,1030214.96,4,1,5,3,4,21462.8117,15,4,0,1,Spiral,455.02,1302986.67
6,19,819106.36,4,4,3,3,1,136517.7267,9,2,0,3,Spiral,152.73,993813.54
79,48,716605.65,3,5,4,2,1,9070.9576,8,1,1,2,Spiral,4686.81,894947.19
5,46,44669.48,1,3,5,1,3,8933.896,5,5,1,2,Agile,227.96,54124.71
75,28,772364.13,1,1,3,3,1,10298.1884,9,1,0,2,Spiral,2306.77,882845.5
39,30,674526.45,5,3,5,1,4,17295.55,5,1,1,2,V-Model,1327.11,862125.72
72,28,1351984.71,3,2,5,2,1,18777.5654,10,5,0,3,SAFe,1622.6,1465609.43
36,7,548285.32,3,1,2,2,3,15230.1478,4,2,0,3,Agile,341.77,715281.58
17,32,666450.45,3,5,3,3,2,39202.9676,9,1,0,1,Agile,616.15,737242.7
33,5,764917.79,2,2,5,2,4,23179.327,10,5,1,1,Spiral,117.52,858592.3
40,13,1429829.03,4,5,2,3,3,35745.7258,6,3,0,1,Agile,495.55,1652179.39
58,36,1135186.73,4,4,3,3,4,19572.185,9,5,0,1,Spiral,1915.81,1420901.84
61,37,1290482.21,5,3,4,3,2,21155.4461,12,5,0,3,Spiral,2184.39,1680099.23
48,48,1435272.17,2,3,4,2,3,29901.5035,8,4,1,3,Spiral,502.65,204484.66
29,46,376837.82,5,2,3,2,2,12994.4076,6,2,0,1,Agile,1217.8,402675.47
38,36,930512.76,4,1,4,1,2,24487.1779,4,1,1,2,V-Model,1464.65,1207891.11
76,29,902836.88,1,1,3,1,4,11879.4326,3,3,1,1,SAFe,1397.81,1195311.19
36,36,1289475.57,4,5,4,3,3,35818.7658,12,5,1,1,Spiral,1271.03,1592577.1
4,40,47644.1,4,1,1,2,3,11911.025,2,5,0,2,Agile,119.95,56782.34
77,28,158538.38,5,4,4,3,4,2058.94,12,4,1,1,Spiral,2219.71,228310.6
60,24,1092118.57,4,4,3,2,1,18201.9762,6,4,0,3,SAFe,1184.04,15984540.0
4,9,1244784.55,1,2,3,3,4,311196.1375,9,2,1,1,Iterative,52.48,733471.99
19,31,837716.18,4,5,3,2,1,44090.3253,6,2,1,2,V-Model,664.14,958299.16
33,14,1345931.43,4,2,2,2,3,40785.8009,4,1,1,1,Agile,515.83,1584477.95
60,18,802633.54,2,3,1,1,4,13377.2257,1,4,1,3,SAFe,680.88,1069018.71
50,25,1291122.31,3,4,2,2,2,25822.4462,4,2,0,3,SAFe,1411.73,1497986.0
74,42,749281.74,1,2,5,2,2,10125.4289,10,4,0,1,SAFe,2321.98,970210.14
22,2,838049.0,3,2,5,2,4,38093.1364,10,4,0,1,RAD,37.83,506361.72
3,17,413560.52,2,3,3,1,3,137853.5067,3,3,1,1,Agile,47.3,464491.48
6,4,60488.68,3,4,4,1,1,10081.4467,4,2,0,1,RAD,15.6,163800.0
12,2,12003.99,4,1,4,1,3,1000.3325,4,4,1,3,V-Model,30.57,12606.04
41,18,495694.36,3,3,1,3,1,12090.1063,3,3,1,3,Agile,780.62,680375.16
23,39,151687.57,3,4,5,1,1,6595.1117,5,3,1,3,V-Model,912.57,181057.14
36,31,354654.94,4,2,5,1,2,9851.5261,5,1,0,1,Agile,1231.52,461617.78
42,39,402942.45,4,4,2,1,1,9593.8679,2,2,1,2,V-Model,1188.85,588328.27
56,15,33956.5,5,5,5,1,4,606.3661,5,3,1,1,V-Model,697.79,43847.51
74,38,879103.41,2,2,5,1,1,11879.7758,5,1,1,3,SAFe,2940.52,890013.78
55,36,273646.72,3,3,2,3,1,4975.3949,6,1,0,2,Spiral,2497.03,328754.27
37,22,33440.91,5,5,5,2,1,903.8084,10,5,1,3,V-Model,658.98,41110.27
39,41,987698.64,1,5,1,1,2,25325.6062,1,5,0,2,Scrum,891.95,1327555.36
64,17,733862.67,2,4,1,3,1,11466.6042,3,2,0,2,SAFe,1142.62,836824.34
52,29,342710.5,1,2,4,1,1,6590.5865,4,4,0,2,SAFe,1080.22,396448.64
57,18,1215653.4,3,1,4,2,2,21327.2526,8,1,0,1,Agile,1388.52,1446519.17
55,20,730178.36,3,1,3,1,2,13275.9702,3,5,0,3,SAFe,795.73,837057.15
69,3,594572.92,4,4,5,3,2,8616.9988,15,2,0,3,Spiral,296.62,761512.02
30,25,364822.84,2,4,2,3,4,12160.7613,6,4,0,3,Spiral,712.0,430592.26
46,3,118652.81,2,5,5,1,4,2579.4089,5,5,1,3,Agile,119.72,138391.75
78,1,769262.52,1,5,3,2,1,9862.34,6,1,1,2,SAFe,69.73,922078.29
24,41,905493.08,2,1,4,3,4,37728.8783,12,5,0,1,Spiral,850.54,1028117.27
69,30,43533.57,5,5,2,3,4,630.9213,6,2,0,1,Agile,2458.92,52857.91
42,43,1304087.26,5,5,5,2,2,31049.6967,10,5,0,1,Scrum,1561.92,1538770.72
53,4,1381560.63,4,2,4,1,3,26067.1817,4,2,1,3,V-Model,234.05,1451776.39
35,9,143110.15,4,1,5,3,2,4088.8614,15,4,1,3,Spiral,332.81,161939.5
18,32,463248.67,2,5,3,2,2,25736.0372,6,2,0,3,Scrum,596.29,541270.85
13,44,787930.1,2,3,4,3,4,60610.0077,12,2,0,1,Spiral,551.94,1116016.77
17,12,1000992.77,5,5,5,2,2,58881.9276,10,4,1,1,V-Model,160.57,1360789.98
65,15,539115.36,5,2,3,3,4,8294.0825,9,2,1,2,Spiral,1260.51,615668.07
43,1,1512139.18,5,2,1,3,1,35166.0274,3,3,0,1,Agile,35.15,203844.28
78,29,648500.84,3,5,2,2,4,8314.1133,4,1,1,3,SAFe,3570.88,820587.36
27,43,969275.56,5,2,3,1,3,35899.0948,3,3,1,3,V-Model,1197.39,1078393.54
4,1,889805.87,4,2,5,1,3,222451.4675,5,4,0,1,Agile,3.76,52769.63
48,21,492024.77,5,3,2,1,3,10250.516,2,1,0,2,Waterfall,991.19,621599.19
3,9,1208915.7,5,5,5,3,2,402971.9,15,2,1,2,Spiral,33.16,947585.56
64,10,243370.9,1,5,4,1,2,3802.6703,4,3,1,3,SAFe,559.01,304381.55
20,48,1263797.29,1,2,4,3,3,63189.8645,12,1,1,2,Spiral,1830.51,1502441.83
39,30,398193.4,3,5,4,3,1,10210.0872,12,1,1,1,Spiral,1564.05,476361.38
23,43,926321.41,1,5,2,1,1,40274.8439,2,2,1,1,Scrum,786.35,1013971.45
33,4,1344898.14,2,2,2,1,4,40754.4891,2,3,0,3,Iterative,147.13,1520954.86
80,43,220434.53,4,3,1,2,3,2755.4316,2,3,0,1,SAFe,3595.53,280379.52
63,37,714386.93,5,3,3,2,2,11339.4751,6,5,1,1,V-Model,1708.98,847370.6
42,44,1315251.63,5,3,4,3,4,31315.515,12,5,0,3,Spiral,3286.73,1168834.31
11,27,132255.82,3,4,3,2,2,12023.2564,6,4,0,2,Scrum,232.05,170360.57
60,47,621293.64,4,1,3,1,4,10354.894,3,5,0,2,SAFe,2064.47,656809.28
77,34,1432951.09,5,2,4,1,2,18609.7544,4,4,1,3,V-Model,2312.35,1988638.65
51,33,1372023.12,3,5,4,1,4,26902.4141,4,1,1,3,SAFe,2202.23,1655277.43
7,6,288692.23,1,4,5,3,4,41241.7471,15,2,0,2,Spiral,61.27,358754.32
79,22,448974.15,2,5,5,3,1,5683.2171,15,3,1,1,Spiral,1712.56,546638.48
30,33,107670.53,2,1,4,3,2,3589.0177,12,5,0,3,Spiral,975.97,131799.32
32,17,1008129.23,2,3,5,3,3,31504.0384,15,2,0,2,Spiral,889.28,1060990.03
58,34,995043.85,1,1,1,2,2,17155.9284,2,1,0,1,Iterative,1721.18,1055544.61
41,34,963582.59,4,2,5,3,1,23502.0144,15,5,0,1,Spiral,1227.34,1135313.63
72,21,927465.62,5,4,4,3,1,12881.4669,12,2,1,1,Spiral,1971.57,1043013.09
33,41,1000369.79,1,1,4,1,2,30314.2361,4,2,1,2,Iterative,1540.41,1304513.24
74,48,226103.56,4,1,2,1,4,3055.4535,2,5,0,3,SAFe,2938.42,306669.39
76,16,662599.0,2,2,5,2,1,8718.4079,10,3,0,3,SAFe,1230.55,854566.54
17,15,1007617.22,2,5,1,3,3,59271.6012,3,1,0,3,Scrum,349.98,1182723.71
31,23,539714.98,2,4,5,2,1,17410.1606,10,2,1,2,Spiral,838.25,613933.9
80,27,393224.14,3,4,1,1,1,4915.3018,1,5,1,1,SAFe,1115.57,439864.05
2,34,292760.17,4,1,4,3,1,146380.085,12,4,0,3,Spiral,86.1,399716.43
48,4,1025682.82,1,5,1,2,2,21368.3921,2,1,1,1,RAD,174.94,1015248.09
76,29,1430182.14,2,4,5,1,3,18818.1861,5,2,0,1,SAFe,2534.95,1751744.69
12,1,916750.03,2,4,2,1,1,76395.8358,2,1,0,2,RAD,10.99,109896.14
45,27,849112.72,1,2,1,2,4,18869.1716,2,2,0,2,Iterative,1088.34,906841.46
25,3,302123.29,3,2,4,1,2,12084.9316,4,2,0,1,RAD,53.15,388036.21
45,29,1243206.66,1,1,1,3,3,27626.8147,3,5,1,2,Iterative,875.96,1316433.94
38,22,305572.3,3,5,1,1,3,8041.3763,1,1,1,3,Scrum,952.6,324878.87
56,12,142293.67,5,5,1,1,3,2540.9584,1,2,1,1,Waterfall,517.26,156404.72
73,30,139116.59,2,2,1,1,4,1905.7067,1,4,1,3,SAFe,1832.34,141456.12
58,15,897416.52,2,4,4,1,4,15472.6986,4,2,1,1,Scrum,805.47,1069490.4
25,41,470732.68,5,3,4,2,2,18829.3072,8,4,0,1,Scrum,798.67,513085.09
68,28,86124.11,3,3,4,2,4,1266.531,8,3,0,2,SAFe,2315.29,101988.03
34,35,180507.63,4,2,4,1,1,5309.0479,4,4,1,3,Scrum,989.35,176908.55
14,43,1044354.14,1,1,3,1,4,74596.7243,3,5,0,1,Iterative,410.68,1375795.26
3,16,844356.18,1,5,2,1,2,281452.06,2,3,1,1,Scrum,36.24,411527.62
4,36,1391054.19,5,3,2,2,2,347763.5475,4,4,0,1,Waterfall,71.67,362085.55
18,29,994509.06,2,3,5,2,4,55250.5033,10,1,0,1,Iterative,718.54,1318766.75
56,43,561186.78,4,1,4,3,1,10021.1925,12,1,1,3,Spiral,4166.43,618424.63
58,12,789186.84,4,2,2,2,4,13606.6697,4,3,1,1,Waterfall,643.47,899847.75
80,24,1189587.63,1,1,4,3,1,14869.8454,12,5,1,3,Spiral,1975.85,1528356.33
24,32,1190329.03,3,4,1,1,3,49597.0429,1,3,1,1,Scrum,575.04,1303856.98
11,37,35927.19,1,4,1,1,4,3266.1082,1,2,1,2,Scrum,425.51,42418.98
59,39,1410208.02,2,4,5,2,3,23901.8308,10,4,1,3,Spiral,3020.24,1906982.35
7,12,28835.08,4,3,1,3,4,4119.2971,3,1,0,3,Agile,101.15,37775.82
67,3,1116182.34,5,2,2,2,4,16659.4379,4,5,0,1,Agile,144.2,1195508.33
59,43,17137.8,2,4,3,1,2,290.4712,3,4,0,3,SAFe,2115.73,22633.5
66,24,1102648.77,1,5,5,3,4,16706.7995,15,5,0,1,Spiral,1356.2,1189345.09
34,15,1339588.54,1,3,5,3,3,39399.6629,15,5,1,3,Spiral,673.66,1609932.65
48,19,1017354.09,4,1,1,2,4,21194.8769,2,1,1,1,Waterfall,920.49,1440651.44
63,21,320591.7,4,5,1,2,2,5088.7571,2,5,0,1,Agile,739.76,410544.61
59,40,1228213.37,5,3,4,1,4,20817.1758,4,5,0,3,SAFe,2145.69,1441246.41
57,24,142669.02,5,3,1,2,3,2502.9653,2,1,1,2,SAFe,1369.4,158099.62
23,25,953067.79,2,3,2,1,2,41437.73,2,2,0,1,Iterative,394.47,1105769.67
29,34,386313.39,4,1,5,3,1,13321.1514,15,1,0,3,Spiral,1324.76,497710.31
36,45,449429.5,4,4,3,3,4,12484.1528,9,3,0,2,Agile,1628.37,480075.93
48,28,502971.32,3,1,3,2,3,10478.5692,6,4,0,2,Agile,1218.04,603547.47
55,18,63208.26,3,3,2,1,1,1149.2411,2,4,1,3,SAFe,722.03,70292.96
64,19,1010685.31,4,1,5,3,1,15791.958,15,4,1,1,Spiral,1232.89,1245121.61
14,1,885913.34,5,2,4,3,1,63279.5243,12,5,1,1,Agile,9.9,150426.38
64,16,716705.58,4,3,1,2,2,11198.5247,2,5,1,3,SAFe,803.24,945381.54
43,11,1289355.8,5,4,3,2,2,29985.0186,6,3,1,3,Scrum,438.08,1762309.83
18,15,1288463.39,3,4,5,3,2,71581.2994,15,5,0,2,Spiral,231.97,1675966.77
39,2,1233449.66,3,5,3,1,2,31626.9144,3,2,0,1,RAD,65.43,851303.28
58,7,315922.2,4,3,2,1,3,5446.9345,2,1,0,1,Agile,455.38,367541.54
50,4,710227.4,2,1,3,1,1,14204.548,3,4,0,2,SAFe,98.39,807882.22
34,23,1420808.45,3,4,5,2,3,41788.4838,10,2,1,1,Spiral,1183.63,1903638.09
78,12,176211.99,1,3,1,1,2,2259.1281,1,4,0,1,SAFe,585.73,232773.44
61,46,366637.72,4,2,4,3,4,6010.4544,12,2,1,2,Spiral,4421.91,442605.38
5,6,444407.63,3,5,1,3,2,88881.526,3,3,0,1,Kanban,26.46,181127.87
30,38,244872.79,3,3,5,3,1,8162.4263,15,5,0,3,Spiral,1074.72,259216.75
46,2,374566.8,2,3,4,2,4,8142.7565,8,3,0,2,RAD,108.76,476013.05
73,35,457792.17,1,5,1,2,3,6271.1256,2,3,1,1,SAFe,2109.58,518930.79
25,10,1076225.45,5,5,1,1,3,43049.018,1,1,1,3,Waterfall,256.58,1377659.38
51,4,1057968.21,1,3,3,1,3,20744.4747,3,3,0,3,SAFe,195.01,1238410.44
14,6,290526.99,1,2,5,3,2,20751.9279,15,4,0,2,Spiral,98.56,428340.44
29,40,822265.63,3,2,4,2,2,28353.9872,8,5,0,1,Agile,805.33,1082974.77
27,39,173656.85,2,2,4,3,4,6431.7352,12,1,1,3,Spiral,1518.77,231695.39
4,15,804959.31,1,2,1,1,2,201239.8275,1,5,0,1,Iterative,28.84,163303.14
78,2,1095830.03,5,4,1,3,3,14049.1029,3,1,0,2,SAFe,208.65,1430086.21
48,2,831402.25,1,5,2,3,1,17320.8802,6,5,1,2,Scrum,67.35,509519.06
65,3,180688.01,5,5,3,3,3,2779.8155,9,4,1,3,SAFe,182.77,228940.93
42,5,714813.18,4,3,5,1,1,17019.3614,5,5,0,1,Waterfall,116.31,745912.34
6,4,58713.41,2,3,3,1,1,9785.5683,3,2,0,1,RAD,15.6,163800.0
69,19,770582.99,5,5,2,2,2,11167.8694,4,5,0,3,SAFe,1171.13,932765.02
7,8,1502906.39,3,1,3,3,2,214700.9129,9,5,0,1,Iterative,39.04,306661.12
56,30,553466.36,2,5,5,1,2,9883.3279,5,1,0,1,Scrum,1722.77,689492.62
33,27,791931.67,1,1,5,1,4,23997.9294,5,3,1,1,Iterative,891.88,874769.77
24,41,122897.95,3,1,3,1,3,5120.7479,3,3,1,2,Waterfall,836.33,162918.57
64,38,721238.86,1,3,3,2,1,11269.3572,6,1,1,2,SAFe,2123.52,849993.63
67,12,883359.75,3,4,3,2,3,13184.4739,6,1,1,1,Spiral,937.48,1020982.37
38,7,353404.64,1,2,5,1,2,9300.1221,5,2,0,1,Iterative,298.33,392117.01
38,30,978631.58,2,1,5,1,3,25753.4626,5,5,0,3,Iterative,998.76,1270213.94
27,25,214998.57,1,4,5,3,3,7962.91,15,1,1,2,Spiral,1184.08,300246.69
10,19,876988.66,2,1,2,2,4,87698.866,4,3,1,1,Iterative,169.37,1184644.64
14,12,624179.39,1,2,4,3,3,44584.2421,12,5,1,1,Spiral,184.11,742514.15
44,44,125636.16,2,5,1,3,4,2855.3673,3,1,1,2,Scrum,2727.17,159644.62
11,18,675620.45,1,4,4,3,2,61420.0409,12,2,1,1,Spiral,198.69,705610.08
44,3,268616.19,4,3,1,1,3,6104.9134,1,4,1,2,Waterfall,110.92,306571.33
74,44,218146.67,1,5,1,1,1,2947.928,1,2,1,1,SAFe,2357.34,280718.83
48,39,244556.86,3,3,5,2,4,5094.9346,10,1,0,2,Iterative,2269.46,266729.68
7,34,279536.23,5,3,2,1,1,39933.7471,2,1,0,2,Waterfall,214.94,334272.08
66,42,78216.91,4,2,4,1,4,1185.1047,4,5,1,2,SAFe,2047.56,84156.15
59,39,652234.36,1,5,5,2,3,11054.8197,10,2,1,2,Spiral,3218.59,790879.93
10,43,1089821.53,5,4,3,1,4,108982.153,3,4,1,3,V-Model,302.8,1386213.53
31,20,1242256.89,5,5,4,2,3,40072.8029,8,4,1,3,V-Model,673.32,1453851.63
80,27,778390.31,2,1,1,1,2,9729.8789,1,1,1,1,SAFe,1790.48,889478.0
24,4,1366449.82,4,2,3,1,3,56935.4092,3,5,1,1,V-Model,66.94,1226172.99
62,5,639642.03,3,5,1,1,2,10316.8069,1,1,0,3,SAFe,295.63,778665.22
17,40,99505.48,4,5,2,1,1,5853.2635,2,1,0,1,Scrum,498.6,117687.11
20,26,1016513.24,2,1,1,1,2,50825.662,1,3,0,1,Iterative,266.93,1173954.65
44,26,1309105.83,1,1,3,3,1,29752.4052,9,3,1,1,Iterative,795.01,1484161.12
12,17,612479.84,5,5,4,1,1,51039.9867,4,5,0,2,Waterfall,121.18,704297.15
77,40,1224246.63,5,1,4,1,1,15899.3069,4,5,1,3,V-Model,2167.83,1356372.23
62,44,1388259.84,3,2,1,3,2,22391.2877,3,5,1,3,SAFe,2119.2,1722016.28
35,21,715532.45,3,4,4,1,3,20443.7843,4,4,1,3,V-Model,833.65,943429.3
20,12,51179.83,5,4,1,1,3,2558.9915,1,5,1,2,Waterfall,149.07,59686.63
43,32,555693.07,4,4,2,3,4,12923.0947,6,5,0,2,Scrum,1046.88,645799.89
61,48,1442292.77,3,5,4,1,4,23644.1438,4,1,1,1,Scrum,2881.71,1709465.51
44,38,371984.8,3,4,4,1,4,8454.2,4,1,0,3,Waterfall,2162.24,485233.81
17,24,1367158.77,2,3,3,2,3,80421.1041,6,5,0,1,Agile,310.45,1661807.4
32,46,1143125.69,3,4,1,3,4,35722.6778,3,3,0,2,Agile,1542.31,1385165.32
13,19,310657.75,2,1,2,1,3,23896.75,2,3,0,1,Agile,174.74,394231.72
3,3,20613.02,4,5,3,1,1,6871.0067,3,4,0,1,Kanban,5.4,34425.0
36,21,143815.35,5,1,4,1,1,3994.8708,4,1,0,3,Waterfall,817.21,160495.82
38,20,94418.53,5,3,1,2,3,2484.6982,2,5,0,3,Scrum,643.54,120408.29
40,9,238930.57,4,2,4,1,4,5973.2642,4,1,1,3,V-Model,380.53,346130.91
77,25,1039711.01,3,1,3,2,3,13502.7404,6,5,1,3,Spiral,1790.34,986925.4
72,42,138193.65,1,5,5,3,1,1919.3562,15,3,1,2,Spiral,2891.32,160972.79
63,31,1201576.77,5,4,1,1,1,19072.6471,1,3,0,1,Waterfall,1043.58,1346552.26
71,10,1173225.36,5,4,4,3,2,16524.3008,12,5,1,1,Scrum,565.5,1305052.17
6,25,1020072.15,3,5,1,1,3,170012.025,1,1,0,1,Scrum,153.38,1371454.5
67,10,1492447.83,1,1,4,2,4,22275.3407,8,5,0,3,SAFe,544.8,1503798.49
36,16,1080296.51,1,4,5,2,4,30008.2364,10,2,0,1,Agile,580.56,1267827.78
78,44,809309.33,3,3,4,2,2,10375.7606,8,5,0,3,SAFe,2921.21,987912.67
42,14,1006213.47,3,5,1,2,2,23957.4636,2,3,0,1,Scrum,441.42,1386577.86
37,3,327367.7,5,4,1,2,3,8847.7757,2,1,1,3,RAD,127.43,376820.1
39,45,444847.48,1,3,5,2,2,11406.3456,10,5,1,3,Spiral,1640.48,505058.91
50,29,801883.91,2,1,3,1,3,16037.6782,3,4,0,1,Iterative,1043.79,1036225.35
42,12,1107036.98,5,4,5,3,4,26358.0233,15,5,1,2,Spiral,510.22,1272410.47
37,26,821867.63,4,2,1,1,2,22212.6386,1,1,0,3,Waterfall,1091.86,1099403.73
57,14,59392.95,1,2,3,3,4,1041.9816,9,2,1,3,Spiral,1286.87,66474.53
23,31,190058.97,5,5,4,2,3,8263.4335,8,3,1,3,V-Model,814.31,223537.68
9,31,624745.36,4,1,3,3,4,69416.1511,9,2,0,2,Spiral,429.99,761787.01
38,45,607819.65,1,2,4,1,1,15995.2539,4,5,1,2,Iterative,1314.83,645092.12
66,35,656488.67,5,5,2,2,4,9946.798,4,2,0,2,SAFe,2495.85,829271.21
13,41,1037677.21,1,3,5,3,1,79821.3238,15,4,1,2,Spiral,462.53,1362225.33
31,3,197149.82,1,1,2,2,3,6359.6716,4,5,0,1,Iterative,68.05,252695.19
79,15,1010889.83,4,1,5,1,3,12796.0738,5,2,0,3,SAFe,1639.71,1207328.79
22,37,262129.29,5,1,5,2,3,11914.9677,10,4,1,2,V-Model,906.45,305684.07
73,6,596963.39,2,3,1,3,3,8177.5807,3,1,1,3,SAFe,656.43,676707.31
78,32,58031.7,1,1,3,3,3,743.9962,9,2,0,2,Spiral,4482.37,73201.2
8,28,743411.77,1,1,4,3,1,92926.4712,12,2,1,3,V-Model,299.13,1078443.08
58,4,1096308.36,3,1,3,1,1,18901.8683,3,4,1,1,Agile,140.06,1391350.53
59,7,868038.8,4,4,3,2,3,14712.522,6,1,0,3,SAFe,633.19,951427.61
68,41,1057370.53,2,2,4,2,4,15549.5666,8,2,0,1,Iterative,3476.01,1435681.03
17,43,1143149.8,1,2,4,1,1,67244.1059,4,3,0,2,Iterative,625.14,1304505.82
52,33,1277920.28,3,4,4,3,3,24575.39,12,1,0,1,Spiral,2625.53,1498157.18
12,43,1206654.23,4,5,5,3,2,100554.5192,15,2,0,2,Spiral,777.2,1456587.33
8,34,1291681.75,4,4,4,3,4,161460.2188,12,3,0,1,Spiral,365.5,1632424.92
36,37,1400229.64,5,5,3,3,2,38895.2678,9,1,1,2,Spiral,1599.5,1858792.81
28,29,641533.4,2,1,4,2,3,22911.9071,8,4,1,1,Agile,537.77,734860.2
22,9,1387666.48,5,4,2,2,1,63075.7491,4,4,0,1,Agile,127.52,1081864.4
62,43,725951.26,5,4,4,3,1,11708.8913,12,1,1,3,Spiral,4011.07,856945.2
4,17,1357162.36,5,5,3,2,1,339290.59,6,3,0,3,Scrum,51.3,495068.51
61,31,900494.57,3,1,4,1,3,14762.2061,4,2,0,2,SAFe,2271.46,1193498.99
16,41,768917.99,5,2,3,1,2,48057.3744,3,1,0,1,Waterfall,533.32,805214.73
58,33,275270.96,4,3,1,1,3,4746.051,1,1,0,2,SAFe,2107.14,315669.13
33,3,1423798.98,4,1,4,2,1,43145.4236,8,2,1,1,Spiral,89.41,1628464.51
69,48,148632.32,4,5,4,2,2,2154.0916,8,1,0,3,Scrum,4515.53,181352.18
33,43,110674.63,3,2,3,2,3,3353.7767,6,2,0,2,Iterative,1967.2,117986.06
60,12,331180.98,4,2,5,1,2,5519.683,5,3,0,3,SAFe,816.51,352910.47
29,22,1496001.84,2,1,3,1,1,51586.2703,3,3,1,3,Iterative,464.73,1730191.65
43,38,1394128.86,2,1,5,1,3,32421.6014,5,1,1,2,Iterative,2085.28,1800099.71
54,29,256777.53,3,4,5,1,3,4755.1394,5,5,1,1,Agile,1476.3,297316.91
6,42,1033793.2,2,2,3,3,2,172298.8667,9,2,0,1,Spiral,303.59,1091317.4
10,10,525515.37,5,4,5,3,2,52551.537,15,1,1,2,Spiral,143.14,588540.17
48,1,879396.0,4,5,3,2,4,18320.75,6,4,1,3,RAD,50.13,689314.33
52,23,1413823.71,2,5,1,3,2,27188.9175,3,1,1,3,SAFe,1437.5,1885568.69
42,40,1451377.45,2,4,1,1,2,34556.606,1,5,0,2,Agile,828.13,1893513.88
19,4,365831.61,4,5,5,3,2,19254.2953,15,5,0,1,Spiral,60.55,404846.35
36,34,1412511.02,3,1,1,1,1,39236.4172,1,2,0,3,Waterfall,1102.84,1901379.99
62,24,497822.96,1,4,4,1,1,8029.4026,4,5,1,3,SAFe,1101.39,634974.72
67,40,1123353.89,1,2,3,2,4,16766.476,6,3,1,2,SAFe,2625.22,1298015.53
55,12,424771.48,2,4,2,1,4,7723.1178,2,5,1,1,Scrum,365.14,516184.41
62,13,530642.59,1,1,5,3,1,8558.7515,15,5,1,1,Spiral,726.11,616733.49
51,30,248662.81,4,5,1,2,4,4875.7414,2,5,0,2,SAFe,1059.06,296442.63
60,19,1100610.37,1,4,5,3,2,18343.5062,15,3,1,2,Spiral,1205.73,1456663.11
59,25,209143.33,4,4,2,1,2,3544.8022,2,4,0,3,SAFe,1223.2,224084.87
76,32,885190.54,1,4,2,2,1,11647.2439,4,2,1,2,SAFe,2152.07,1061722.39
24,28,98072.7,3,2,4,1,1,4086.3625,4,5,1,3,V-Model,526.99,121093.2
10,27,438865.98,2,5,4,3,3,43886.598,12,3,0,3,Spiral,476.79,542702.33
22,8,239521.5,1,2,3,3,2,10887.3409,9,4,1,3,Spiral,217.45,250683.07
2,47,608752.34,4,4,1,1,3,304376.17,1,4,1,3,Waterfall,86.83,598110.55
62,30,617892.38,5,3,4,1,2,9966.0061,4,5,1,2,V-Model,1219.64,821811.53
31,1,261485.93,3,4,2,2,1,8435.03,4,4,1,1,RAD,14.45,102440.26
44,35,913610.1,1,5,1,2,1,20763.8659,2,4,1,2,Scrum,1042.88,1118072.39
51,40,1218428.09,5,5,5,3,4,23890.7469,15,2,0,2,Spiral,2949.07,1428586.09
15,1,638576.32,1,4,2,1,3,42571.7547,2,5,0,3,RAD,11.56,86520.27
9,30,795689.1,4,4,3,2,1,88409.9,6,4,0,3,Scrum,202.53,917716.88
61,47,968611.51,2,5,3,2,3,15878.8772,6,3,1,2,SAFe,3343.04,1359657.46
54,3,1260239.5,4,4,5,1,2,23337.7685,5,5,1,3,V-Model,119.6,1420044.71
25,38,1205881.03,4,5,5,3,4,48235.2412,15,1,0,1,Spiral,1457.38,1386131.01
19,27,347183.91,1,2,4,3,2,18272.8374,12,4,0,3,Spiral,593.72,502734.27
76,38,1053830.55,4,1,2,3,3,13866.1914,6,3,0,2,Spiral,3779.01,1320871.46
15,13,1102307.73,5,2,2,3,2,73487.182,6,1,0,1,Agile,229.81,1338199.33
2,2,1144178.64,5,4,5,2,1,572089.32,10,4,1,2,V-Model,3.17,61692.59
76,26,415461.66,1,2,2,3,3,5466.6008,6,4,0,1,Spiral,2135.14,471534.53
74,6,695560.38,5,4,5,3,4,9399.4646,15,4,0,2,Spiral,669.52,865900.23
19,22,1233437.93,3,2,4,2,3,64917.7858,8,1,0,1,Agile,577.48,1669209.19
60,13,145877.53,1,3,3,3,4,2431.2922,9,4,0,3,SAFe,883.22,174584.11
75,43,1127336.42,2,5,3,3,1,15031.1523,9,4,1,2,SAFe,2327.16,1264736.21
48,17,334515.16,5,4,3,2,1,6969.0658,6,2,0,1,Scrum,770.21,424920.68
26,17,1115243.83,2,4,2,1,2,42893.9935,2,1,0,1,Agile,333.42,1303998.73
49,35,1182846.02,2,5,1,2,2,24139.7147,2,5,1,2,Scrum,1106.94,1382514.28
27,36,626845.36,3,1,5,3,4,23216.4948,15,5,1,3,Spiral,1186.48,778690.75
36,25,655723.53,3,5,3,3,1,18214.5425,9,2,1,2,Spiral,937.46,857547.02
51,43,1408777.41,3,5,5,3,2,27623.0865,15,5,1,2,Spiral,2401.07,1588497.13
62,29,815173.12,5,5,5,1,2,13147.9535,5,3,0,2,SAFe,1547.16,1007115.06
80,11,199378.87,3,5,4,1,2,2492.2359,4,2,1,3,SAFe,784.73,215162.05
46,34,1306960.14,1,2,5,3,1,28412.177,15,3,1,2,Spiral,1412.66,1525873.4
70,27,1272662.35,2,5,4,1,2,18180.8907,4,1,1,3,SAFe,2570.75,1596995.99
5,17,1296263.31,5,2,5,2,4,259252.662,10,5,1,2,V-Model,77.24,1415967.32
51,19,561706.44,4,5,2,1,3,11013.8518,2,5,1,2,V-Model,659.9,703496.07
14,41,200039.16,5,1,5,3,3,14288.5114,15,2,1,1,Spiral,935.94,245424.31
4,45,1421242.8,4,2,5,2,2,355310.7,10,5,0,3,XP,145.99,1636583.15
59,46,630785.94,2,5,4,3,2,10691.2871,12,4,1,1,Spiral,1971.59,749951.89
50,19,1534769.19,3,1,3,3,3,30695.3838,9,1,0,3,Spiral,1729.64,1817573.98
72,7,1196516.75,2,2,2,3,1,16618.2882,6,1,0,2,SAFe,586.96,1689337.35
49,48,1355984.04,1,5,3,1,1,27673.1437,3,2,1,1,Scrum,1612.07,1453764.98
2,7,367689.11,5,3,2,2,1,183844.555,4,4,1,1,XP,6.5,49886.87
29,10,426020.94,3,2,3,2,3,14690.3772,6,4,1,3,V-Model,357.33,521538.59
9,26,405822.97,5,2,1,1,4,45091.4411,1,5,1,1,Waterfall,114.88,506611.25
71,12,38356.04,4,1,5,3,2,540.2259,15,3,1,3,Spiral,1132.12,42767.09
14,9,310695.3,3,5,2,1,1,22192.5214,2,5,1,1,Waterfall,62.12,403193.66
54,9,319146.14,3,3,4,2,2,5910.1137,8,1,1,1,Iterative,463.08,331422.23
6,19,1292065.35,3,5,1,3,3,215344.225,3,2,1,3,Scrum,192.01,1528553.47
49,17,546996.14,3,2,1,3,1,11163.1865,3,3,0,2,Agile,763.95,722722.47
40,16,1077627.48,5,4,4,3,2,26940.687,12,1,1,3,Spiral,902.77,1140271.26
67,38,1437595.99,3,1,4,3,2,21456.6566,12,4,0,2,Spiral,2315.02,1695833.38
8,21,80615.52,5,5,4,2,3,10076.94,8,2,0,3,Scrum,233.51,86756.07
6,43,1248347.23,4,1,1,1,2,208057.8717,1,3,1,1,Agile,148.82,1307796.86
3,45,382589.9,3,3,1,3,4,127529.9667,3,3,1,3,Scrum,150.27,426921.62
42,20,548511.47,3,5,5,2,4,13059.7969,10,3,0,1,Scrum,842.11,706637.3
59,9,869617.47,1,1,5,1,1,14739.2792,5,4,0,2,SAFe,387.07,1024470.77
9,32,137085.69,5,5,2,3,4,15231.7433,6,3,0,3,Scrum,277.13,174603.68
6,21,131195.55,3,3,2,2,4,21865.925,4,3,0,2,Agile,106.66,166927.14
65,28,913871.69,4,2,4,3,1,14059.5645,12,3,0,1,Spiral,1436.97,1037527.26
67,23,1368337.94,3,4,2,2,3,20422.9543,4,3,1,1,Scrum,1538.05,1910396.28
71,3,758084.25,4,5,2,2,2,10677.243,4,4,1,3,V-Model,203.32,957790.61
65,15,319944.13,5,4,5,3,3,4922.2174,15,2,0,1,Spiral,1205.99,346782.3
70,37,435954.06,1,4,2,2,1,6227.9151,4,2,0,1,SAFe,2224.02,508787.85
56,41,81062.76,5,2,5,2,1,1447.5493,10,1,0,3,SAFe,2901.64,117055.99
15,26,38407.04,3,2,2,1,4,2560.4693,2,4,0,3,Agile,325.07,45194.62
72,47,633500.45,2,1,1,3,3,8798.6174,3,2,0,2,SAFe,3779.89,785104.58
37,44,581351.65,4,3,5,2,4,15712.2068,10,5,1,3,V-Model,1674.72,715548.8
36,47,825663.57,4,1,3,1,4,22935.0992,3,4,0,2,Agile,993.18,926876.68
6,26,1167883.27,4,2,4,1,3,194647.2117,4,3,1,3,Agile,203.97,1261435.03
16,16,782170.47,1,1,4,2,2,48885.6544,8,2,0,3,Iterative,255.9,1027668.13
50,39,1016459.02,1,2,3,1,4,20329.1804,3,1,0,2,SAFe,1946.15,1103230.76
41,25,1339997.48,2,4,5,3,2,32682.8654,15,4,0,1,Spiral,1045.31,1586525.38
71,8,306015.27,2,1,1,2,1,4310.0742,2,2,0,3,SAFe,620.44,357174.27
64,38,869101.42,4,4,1,3,2,13579.7097,3,4,1,2,SAFe,2071.01,1151226.21
40,14,1194051.59,2,5,2,1,3,29851.2898,2,3,0,1,Scrum,464.44,1461517.64
27,30,447709.22,1,1,4,2,1,16581.823,8,3,0,3,Iterative,656.94,574644.35
8,20,514940.78,5,3,3,1,1,64367.5975,3,1,1,2,Waterfall,122.96,689183.13
75,31,32344.36,1,1,2,1,3,431.2581,2,3,0,3,SAFe,2866.07,39531.66
30,41,87556.66,3,5,4,2,4,2918.5553,8,5,0,3,Scrum,1368.48,102508.13
55,10,260896.46,1,3,3,1,3,4743.572,3,4,0,3,SAFe,620.77,291128.52
29,23,1115869.86,5,4,5,2,2,38478.271,10,4,0,3,Scrum,639.62,1365410.02
76,14,286794.56,5,4,1,1,4,3773.6126,1,2,1,2,SAFe,970.89,365148.5
5,11,1181454.56,1,2,2,1,4,236290.912,2,4,1,3,Iterative,45.32,301436.07
10,39,554852.92,1,5,2,2,2,55485.292,4,3,1,3,Scrum,334.65,649200.87
26,37,1179077.2,4,4,3,1,3,45349.1231,3,3,1,1,Waterfall,811.06,1167608.87
35,19,1424421.74,5,3,1,1,1,40697.764,1,1,1,3,Waterfall,548.18,1806972.77
52,43,70663.95,1,5,3,1,4,1358.9221,3,1,1,1,Scrum,2133.07,95681.85
66,39,633425.05,5,2,5,2,1,9597.3492,10,3,1,3,V-Model,2278.99,762738.37
32,47,1233397.73,3,5,5,1,4,38543.6791,5,2,1,2,Scrum,1885.27,1721263.22
14,40,12938.21,2,4,5,3,1,924.1579,15,5,0,1,Spiral,388.53,15092.08
9,24,1437069.89,3,2,4,1,2,159674.4322,4,4,1,1,Agile,115.79,1403664.56
54,4,1036004.57,3,4,3,3,4,19185.2698,9,3,1,2,SAFe,236.85,1429290.86
65,18,596398.42,4,2,5,3,2,9175.3603,15,3,1,3,Spiral,1516.68,667295.08
3,46,708032.63,2,3,2,1,4,236010.8767,2,1,1,2,Scrum,138.57,833550.17
17,37,1440323.76,2,4,2,2,1,84724.9271,4,1,1,3,Scrum,729.52,1631858.68
43,11,1092327.81,4,3,5,1,4,25402.9723,5,4,1,3,Scrum,523.95,1354828.74
4,20,742074.75,5,4,5,2,1,185518.6875,10,4,1,2,V-Model,74.31,886768.67
50,34,337625.71,5,3,5,2,3,6752.5142,10,2,1,3,Spiral,2465.38,387430.89
78,13,766548.06,5,1,2,3,4,9827.5392,6,5,0,2,SAFe,907.97,976251.01
12,8,1427671.99,5,1,4,3,4,118972.6658,12,2,0,3,Spiral,132.94,1676434.97
11,44,1209338.5,4,4,1,1,1,109939.8636,1,2,0,2,Waterfall,318.86,1352198.89
18,13,1087335.97,2,3,1,1,2,60407.5539,1,5,0,1,Agile,145.42,1254923.24
46,42,276204.57,3,4,1,2,1,6004.4472,2,3,0,3,Scrum,1531.3,300102.94
32,40,961127.77,1,4,2,3,3,30035.2428,6,4,1,3,Scrum,1415.93,1176899.55
41,4,1286325.41,3,2,5,1,1,31373.7905,5,1,1,1,Iterative,164.38,1366576.88
60,14,150843.6,5,1,4,3,1,2514.06,12,4,0,1,Spiral,655.74,176166.9
67,35,1321531.14,1,4,4,2,2,19724.3454,8,5,0,3,SAFe,2140.81,1705131.03
58,8,1014653.79,2,3,5,2,3,17494.0309,10,3,0,2,SAFe,524.31,1160003.58
76,34,1297899.71,5,3,1,3,3,17077.6278,3,1,0,3,SAFe,4003.43,1425021.89
45,16,821399.39,3,5,3,3,3,18253.3198,9,4,1,2,Scrum,797.99,1079725.52
75,21,394454.34,5,3,2,3,4,5259.3912,6,3,0,3,Spiral,1589.71,480320.63
32,28,676007.02,2,2,5,1,4,21125.2194,5,1,1,2,Iterative,1242.62,775655.01
7,42,35203.16,2,4,5,3,2,5029.0229,15,5,0,1,Spiral,225.97,44633.84
34,21,1044749.13,2,1,5,1,4,30727.9156,5,5,0,3,Iterative,537.12,1231497.33
76,7,629855.48,4,3,3,1,3,8287.5721,3,5,0,3,SAFe,418.05,735957.4
5,5,603246.66,1,1,4,1,4,120649.332,4,2,0,1,Iterative,26.18,287598.94
4,12,299239.47,4,4,1,2,4,74809.8675,2,1,1,2,Agile,48.17,371485.63
5,10,980591.56,5,1,1,1,3,196118.312,1,4,1,2,Waterfall,41.15,304384.61
65,43,771178.98,1,4,4,2,1,11864.292,8,3,0,2,SAFe,2686.1,1031297.26
2,47,907014.39,2,5,3,3,2,453507.195,9,4,1,3,Spiral,119.47,1181690.28
80,4,1283858.85,2,5,4,3,1,16048.2356,12,3,1,2,Spiral,273.16,1240642.19
7,6,248042.15,4,3,1,1,2,35434.5929,1,2,1,1,Waterfall,28.67,170630.23
52,6,1060376.23,3,3,5,2,3,20391.8506,10,2,1,3,Spiral,406.29,1244779.62
55,37,1318578.23,4,3,5,2,1,23974.1496,10,5,0,1,Agile,1625.57,1398047.83
30,48,855964.01,4,2,5,3,3,28532.1337,15,5,1,1,Spiral,1368.9,37216968.75
17,37,1415431.81,5,2,5,2,4,83260.6947,10,2,0,1,Waterfall,614.48,1661519.57
64,11,571705.25,2,4,2,2,2,8932.8945,4,5,0,2,SAFe,500.84,783529.35
69,7,861854.02,4,5,5,3,4,12490.638,15,5,1,3,Spiral,505.83,993138.89
46,4,962442.76,4,1,4,3,3,20922.6687,12,3,1,1,Spiral,195.0,1189587.05
3,24,1017269.23,1,1,4,1,4,339089.7433,4,1,1,2,Iterative,78.17,1299074.05
79,16,606394.45,2,5,5,2,2,7675.8791,10,3,1,1,Spiral,1187.94,717981.65
58,6,901265.42,1,3,4,1,1,15539.059,4,1,0,3,SAFe,378.93,939687.8
50,32,137301.74,2,2,1,3,2,2746.0348,3,4,0,3,SAFe,1362.42,169270.16
79,26,314902.97,2,5,4,3,4,3986.1135,12,5,0,2,Spiral,1602.62,366254.45
29,4,278998.53,4,3,2,1,3,9620.639,2,3,0,3,RAD,124.91,372843.09
24,21,1011240.69,4,4,1,1,4,42135.0288,1,3,1,2,Waterfall,512.13,1293848.43
10,24,301664.17,5,3,4,2,1,30166.417,8,3,0,1,Agile,157.87,1815505.0
64,21,499094.8,4,2,2,1,1,7798.3562,2,1,1,3,V-Model,1455.12,604712.39
38,2,1473219.04,4,3,4,3,4,38768.9221,12,5,1,2,Spiral,76.06,2211161.94
63,13,247944.45,2,1,5,1,4,3935.6262,5,5,0,2,SAFe,652.71,326993.1
15,45,1472563.28,1,3,1,2,1,98170.8853,2,1,1,3,Scrum,728.05,1674190.38
35,24,1004542.44,3,1,2,2,4,28701.2126,4,2,0,3,Iterative,810.4,1253598.27
54,14,726803.15,4,4,3,1,2,13459.3176,3,3,0,1,Waterfall,605.07,748134.73
8,41,1456241.26,3,3,3,1,4,182030.1575,3,5,0,2,Agile,255.95,1804474.63
75,42,399658.49,1,1,3,3,3,5328.7799,9,4,0,1,Spiral,3159.23,448856.9
79,16,669972.41,4,4,5,2,3,8480.6634,10,4,0,1,SAFe,1411.07,860773.5
64,22,283327.86,5,3,1,3,4,4426.9978,3,3,1,3,SAFe,1970.24,341796.76
13,5,152355.61,1,2,1,1,4,11719.6623,1,1,0,1,Iterative,60.98,178375.67
32,44,1069150.03,3,1,5,1,2,33410.9384,5,2,0,3,Waterfall,1804.22,1487430.5
30,47,1285324.82,5,4,2,3,2,42844.1607,6,4,0,3,Scrum,1497.11,1651751.64
63,47,700405.41,4,2,4,3,3,11117.5462,12,2,1,3,Spiral,5270.6,728223.45
17,35,543390.19,3,5,3,2,2,31964.1288,6,1,0,1,Agile,563.11,594461.72
59,18,983862.19,4,4,2,1,3,16675.6303,2,4,0,1,Waterfall,789.61,1407249.12
20,40,95899.3,4,2,5,1,2,4794.965,5,3,0,1,Agile,728.86,116105.41
72,24,694025.19,1,2,2,3,2,9639.2387,6,5,0,2,SAFe,1485.0,891173.59
28,10,162739.99,2,5,3,1,3,5812.1425,3,5,1,2,Scrum,210.57,183090.81
12,26,1239967.73,1,5,1,1,4,103330.6442,1,4,0,3,Scrum,231.74,1195956.27
26,30,1325182.3,1,1,4,3,2,50968.55,12,3,1,3,Spiral,937.58,1542752.15
74,30,429174.25,4,3,4,3,1,5799.652,12,4,1,1,Spiral,1557.68,525994.42
47,39,446398.87,2,1,4,2,4,9497.8483,8,2,1,1,Spiral,2189.27,543007.42
40,21,984822.12,2,2,1,2,3,24620.553,2,4,0,1,Agile,777.32,1157259.63
47,45,68286.82,1,3,3,1,3,1452.9111,3,3,0,3,Scrum,2316.87,89779.71
26,39,124796.7,1,3,3,3,1,4799.8731,9,5,0,1,Iterative,741.0,146977.43
67,6,963750.08,2,3,3,3,1,14384.3296,9,3,1,1,Iterative,360.08,1203211.68
70,28,1068569.09,3,4,3,1,2,15265.2727,3,4,1,1,V-Model,1310.55,1237369.51
79,12,1048400.42,4,3,1,3,4,13270.8914,3,5,1,1,SAFe,750.6,1150090.33
9,27,1158542.13,2,5,5,3,1,128726.9033,15,3,0,3,Spiral,301.83,1416101.32
13,3,97046.16,4,1,4,3,3,7465.0892,12,5,0,3,Spiral,51.89,101368.04
72,23,365297.52,1,5,3,3,2,5073.5767,9,3,0,2,SAFe,1949.14,490900.19
79,46,963479.17,5,4,1,3,1,12195.9389,3,3,1,2,SAFe,2598.27,1250343.55
39,43,268407.01,3,2,3,1,3,6882.231,3,4,0,1,Waterfall,1428.19,297473.64
4,47,46136.43,2,2,1,2,1,11534.1075,2,2,0,3,Agile,209.26,52364.59
61,20,1352009.0,3,3,4,2,2,22164.082,8,1,0,3,SAFe,1577.97,1596778.81
6,38,525447.37,1,4,4,2,3,87574.5617,8,3,0,2,Scrum,288.26,706044.85
70,14,787827.81,3,5,2,1,1,11254.683,2,5,1,3,SAFe,508.54,960707.57
6,3,580336.34,3,5,2,1,4,96722.7233,2,5,1,2,RAD,11.22,115166.54
30,41,170235.56,2,5,5,3,2,5674.5187,15,4,0,3,Spiral,1409.15,227250.52
28,4,1065896.6,4,3,2,3,1,38067.7357,6,3,1,1,Agile,80.81,964299.57
40,21,990184.37,4,4,4,3,4,24754.6092,12,4,0,1,Spiral,909.49,1199771.26
6,14,825776.38,2,5,5,1,2,137629.3967,5,3,0,3,Scrum,84.45,1009839.35
4,25,1442610.75,3,2,3,3,4,360652.6875,9,1,0,2,Spiral,148.05,1851163.68
22,19,577042.99,2,2,1,3,2,26229.2268,3,4,0,3,Scrum,357.6,722671.92
9,13,445392.11,2,1,4,2,1,49488.0122,8,3,0,3,Agile,134.75,537803.85
34,40,1472979.28,4,3,5,2,3,43322.92,10,1,1,3,V-Model,2110.64,1646480.21
6,33,99273.36,2,1,2,1,1,16545.56,2,3,0,1,Iterative,137.47,120651.92
66,38,598005.9,4,2,4,2,4,9060.6955,8,4,0,1,Agile,2382.73,814408.85
20,13,715461.07,5,1,5,2,3,35773.0535,10,5,0,3,Waterfall,326.43,902046.2
50,17,899503.08,2,4,4,2,1,17990.0616,8,2,1,3,Spiral,936.31,1054992.7
69,17,272289.79,4,2,5,2,4,3946.2288,10,5,0,2,SAFe,942.1,308070.66
16,48,855788.33,1,3,2,2,1,53486.7706,4,3,0,1,Scrum,690.57,969189.73
51,34,1451163.33,3,2,5,3,2,28454.1829,15,2,0,3,Spiral,2862.21,1725121.71
12,7,43480.77,2,1,5,3,1,3623.3975,15,5,0,1,Spiral,52.48,47239.62
35,13,572450.44,1,3,5,2,2,16355.7269,10,1,0,2,Iterative,646.52,574140.44
78,35,999332.9,5,2,2,1,4,12811.9603,2,5,0,3,SAFe,1795.51,1153091.24
29,30,1330560.37,4,2,2,2,4,45881.3921,4,4,0,1,Agile,469.07,1912194.19
68,39,1486238.16,2,4,5,2,2,21856.4435,10,4,0,1,Scrum,2506.55,1692269.21
21,45,1126164.66,5,3,4,1,4,53626.8886,4,1,0,3,Waterfall,1381.68,1126371.32
47,19,479390.46,5,5,3,3,3,10199.797,9,3,0,2,Agile,1243.19,651878.07
23,3,238365.45,2,3,5,1,1,10363.7152,5,5,1,3,RAD,51.99,224373.93
47,47,1374605.24,5,1,3,3,4,29246.92,9,2,1,2,Spiral,3137.6,1970139.52
59,15,850456.47,3,2,4,3,1,14414.5164,12,5,0,3,SAFe,832.18,1049476.05
49,37,1440208.99,5,5,4,3,1,29392.0202,12,2,0,2,Spiral,2164.08,1729401.48
37,2,1365757.78,2,5,3,1,4,36912.3724,3,3,1,1,RAD,58.56,922330.38
69,43,1107387.54,1,3,3,1,1,16049.0948,3,1,1,2,SAFe,3024.48,1665644.76
77,21,911798.47,2,2,3,2,2,11841.5386,6,3,1,2,SAFe,1159.54,1180153.49
27,27,230788.3,5,2,4,3,3,8547.7148,12,3,0,2,Spiral,935.28,283045.36
30,5,1261809.37,1,3,5,3,2,42060.3123,15,2,1,1,Spiral,209.16,1738452.98
29,10,36042.31,2,4,5,2,3,1242.8383,10,4,0,1,Scrum,337.52,40653.26
59,11,702997.46,3,5,4,1,1,11915.2112,4,3,1,1,Scrum,505.82,845867.24
38,41,1210769.44,5,4,1,3,2,31862.3537,3,5,1,2,Agile,1310.82,1304207.52
37,44,451602.48,5,4,5,3,1,12205.4724,15,1,0,2,Spiral,2301.39,564285.7
62,15,1294317.58,3,4,2,1,4,20876.09,2,3,0,1,Scrum,660.41,1826645.23
27,31,50666.64,1,5,4,1,3,1876.5422,4,2,0,3,Scrum,985.7,58083.12
61,27,1055732.76,5,5,5,3,3,17307.0944,15,1,0,2,Spiral,2937.51,1145616.67
69,48,356168.02,2,5,5,1,1,5161.8554,5,1,0,1,Scrum,3184.0,320111.65
59,8,753119.93,5,5,3,1,1,12764.7446,3,1,1,2,V-Model,435.63,906388.43
56,46,691486.96,3,2,4,1,1,12347.9814,4,5,0,2,SAFe,1853.02,830807.72
14,1,716367.54,2,4,2,1,2,51169.11,2,4,1,3,RAD,10.05,65445.66
57,22,1021027.42,4,4,2,1,3,17912.7618,2,4,1,3,SAFe,831.69,1134381.91
13,15,633195.35,5,1,4,3,3,48707.3346,12,4,0,2,Spiral,209.32,820188.5
26,38,991118.02,5,3,1,2,4,38119.9238,2,3,0,3,Scrum,949.06,1266440.77
64,33,501462.13,3,4,3,2,1,7835.3458,6,1,1,1,Agile,1826.9,607655.82
58,4,509063.32,1,3,3,1,3,8776.9538,3,2,1,2,SAFe,242.47,541045.2
49,44,1481432.39,3,3,4,3,2,30233.3141,12,4,0,1,Spiral,1712.46,1748370.13
16,20,390951.04,5,1,5,3,1,24434.44,15,5,0,2,Spiral,229.78,498808.47
25,26,1312448.44,4,5,2,1,1,52497.9376,2,3,0,3,Scrum,476.76,1371088.7
44,40,1063371.57,4,1,4,1,1,24167.5357,4,2,1,2,V-Model,1577.59,1215706.14
22,22,1113190.1,3,1,5,2,2,50599.55,10,5,0,2,Agile,424.85,1415587.06
45,21,1173493.55,2,2,3,2,1,26077.6344,6,1,1,1,Iterative,787.22,1575155.2
28,48,245134.39,3,4,5,2,4,8754.7996,10,3,1,3,Spiral,1791.6,320899.49
27,10,1280802.11,4,2,2,2,2,47437.1152,4,1,0,2,Agile,264.14,1313728.19
10,36,985323.25,2,3,3,1,4,98532.325,3,4,1,3,Scrum,306.87,1037841.88
71,38,953623.81,5,3,3,1,3,13431.3213,3,3,0,2,Agile,2799.7,1138278.47
72,9,826057.18,5,5,2,2,4,11473.0164,4,2,0,2,SAFe,792.16,1004165.72
31,33,658414.6,3,3,1,1,2,21239.1806,1,2,0,3,Waterfall,905.88,757423.02
15,36,1350097.93,3,4,5,2,4,90006.5287,10,4,0,2,Scrum,546.58,1519958.51
66,4,1300958.74,1,3,1,2,1,19711.4961,2,3,0,2,SAFe,205.4,1434576.91
20,24,400414.01,4,3,3,2,4,20020.7005,6,4,0,2,Agile,457.0,6569375.0
28,18,276768.32,2,5,5,2,2,9884.5829,10,5,1,1,Spiral,417.15,294755.42
27,44,290803.15,5,1,1,1,1,10770.487,1,4,1,1,Waterfall,661.01,357128.13
66,39,166022.13,1,2,1,1,1,2515.4868,1,1,0,1,Iterative,1788.56,197508.37
50,8,466921.33,1,1,3,2,1,9338.4266,6,4,0,1,Iterative,244.46,482469.97
2,30,374236.45,5,2,5,2,3,187118.225,10,3,1,1,V-Model,54.74,470312.1
47,48,1164868.93,4,3,3,3,2,24784.4453,9,3,0,3,Spiral,3119.88,1203765.82
46,17,996856.04,3,3,5,2,1,21670.7835,10,3,1,2,V-Model,829.37,1090098.96
43,15,1431387.26,1,3,4,3,4,33288.0758,12,2,0,3,Spiral,1257.42,1440830.71
12,43,77667.18,4,4,5,1,4,6472.265,5,4,1,2,V-Model,490.89,76130.11
29,19,190044.66,4,1,1,1,4,6553.2641,1,1,0,3,Waterfall,572.72,204043.95
59,8,1478299.79,4,3,2,2,1,25055.9286,4,4,0,1,Waterfall,271.32,1517469.95
74,16,496478.7,5,4,1,1,3,6709.1716,1,1,0,2,SAFe,1227.92,582466.11
13,13,1400204.49,4,3,5,3,3,107708.0377,15,1,0,2,Spiral,253.31,1613316.93
52,8,306777.04,3,1,4,2,1,5899.5585,8,3,1,3,Spiral,519.69,415718.86
53,25,89150.39,2,2,2,1,2,1682.0828,2,1,1,3,SAFe,1434.94,100444.35
23,39,247323.0,5,1,2,3,3,10753.1739,6,5,1,3,Spiral,943.76,265248.5
80,17,284827.33,1,2,3,3,2,3560.3416,9,2,1,2,SAFe,1930.95,358427.63
53,32,521823.35,1,5,1,3,3,9845.7236,3,4,0,3,SAFe,2041.13,609711.69
13,42,315742.91,2,4,3,2,3,24287.9162,6,5,1,3,Scrum,448.09,400154.14
48,33,1227407.21,5,4,3,3,2,25570.9835,9,1,0,2,Agile,2127.06,1414666.26
55,5,1040648.1,1,5,3,3,2,18920.8745,9,3,0,1,Scrum,267.98,1252059.62
45,44,40363.11,4,4,5,1,2,896.958,5,3,0,2,Waterfall,1597.51,53025.24
53,48,1213633.68,2,5,4,3,4,22898.7487,12,5,0,2,Spiral,1925.03,1551122.42
61,29,321931.38,5,5,5,2,2,5277.5636,10,5,1,1,V-Model,1327.27,357747.37
44,38,436363.85,2,5,5,3,1,9917.3602,15,5,0,3,Spiral,1430.55,519784.12
59,24,500992.12,3,5,3,1,2,8491.3919,3,4,1,2,SAFe,1205.72,566562.9
65,34,1193478.34,5,1,1,1,1,18361.2052,1,5,1,1,Waterfall,1219.59,1468929.38
8,31,1338199.86,1,4,1,3,1,167274.9825,3,4,0,3,Scrum,215.68,1284024.38
55,44,1096141.27,5,4,5,1,4,19929.8413,5,5,1,1,V-Model,1723.09,1251309.48
42,20,131558.03,5,2,5,3,4,3132.334,15,2,0,3,Spiral,1284.89,168541.2
44,2,689859.45,3,4,2,1,1,15678.6239,2,5,0,3,RAD,63.05,596809.07
15,7,1000453.13,4,1,5,3,1,66696.8753,15,5,0,2,Spiral,82.55,1079320.21
43,5,121196.84,3,2,5,2,2,2818.5312,10,5,0,1,Agile,184.99,164012.09
43,37,674604.47,1,3,2,1,4,15688.476,2,2,0,1,Scrum,1378.26,770237.32
17,48,585664.82,5,4,2,1,1,34450.8718,2,4,1,1,Waterfall,391.84,653779.89
74,41,255865.6,2,2,2,2,3,3457.6432,4,1,1,1,SAFe,3505.01,311136.82
30,20,471237.61,1,2,5,1,2,15707.9203,5,5,0,2,Agile,385.2,555562.45
67,39,879094.89,5,3,3,2,4,13120.8193,6,1,1,1,Agile,2653.44,1148230.45
42,48,279863.44,5,5,2,2,3,6663.4152,4,5,0,3,Scrum,1774.71,365732.57
79,37,580577.93,4,2,2,3,3,7349.0877,6,5,1,2,SAFe,2189.3,704053.58
67,19,1297657.34,5,3,1,1,1,19368.02,1,3,1,2,SAFe,666.24,1706290.92
5,27,321273.95,1,3,2,2,1,64254.79,4,2,0,3,Iterative,148.25,352681.66
13,27,976888.74,1,3,2,3,2,75145.2877,6,5,1,1,Scrum,207.55,1213127.38
64,47,746951.68,4,5,2,3,2,11671.12,6,5,1,1,Agile,1853.9,1004382.43
2,27,517866.1,1,3,1,3,4,258933.05,3,3,1,2,Iterative,49.45,534985.11
52,19,633774.86,1,2,4,3,2,12187.9781,12,3,1,2,Spiral,1398.14,744699.88
12,32,1248606.11,4,2,3,2,3,104050.5092,6,4,1,1,V-Model,352.74,1434815.85
12,44,1239914.05,4,5,3,3,3,103326.1708,9,5,1,2,Agile,490.29,1567478.05
17,46,507144.36,5,4,3,2,3,29832.0212,6,3,1,1,Spiral,700.41,589166.13
79,5,522993.97,1,4,4,3,4,6620.1768,12,2,1,1,Spiral,532.21,629179.01
32,32,1137896.94,5,1,1,3,3,35559.2794,3,2,0,2,Agile,1078.53,1367048.7
53,12,52085.83,2,3,5,2,1,982.7515,10,3,0,1,Iterative,605.83,48554.53
66,12,763789.82,3,2,1,1,2,11572.573,1,5,0,1,Agile,422.98,903110.17
70,45,1349934.28,4,4,1,2,3,19284.7754,2,1,0,3,SAFe,4405.71,1669294.62
16,4,571018.42,2,4,3,2,2,35688.6512,6,4,0,1,RAD,49.08,606638.46
21,24,120482.22,2,1,3,3,1,5737.2486,9,5,1,1,V-Model,397.44,161813.7
60,31,553722.24,5,4,1,3,1,9228.704,3,2,0,2,Agile,1527.31,676243.56
70,37,1023897.15,5,3,1,3,4,14627.1021,3,4,0,1,SAFe,2381.51,1235675.42
25,34,378975.84,4,2,4,2,2,15159.0336,8,1,0,3,Waterfall,1190.95,491853.82
69,17,1215620.81,1,3,4,2,4,17617.6929,8,1,0,2,SAFe,1527.69,1309750.68
61,42,941595.54,2,5,2,2,2,15435.9925,4,3,1,1,Scrum,146.64,1703175.08
54,12,67331.43,5,5,2,2,3,1246.8783,4,4,1,2,V-Model,543.56,81348.89
12,19,1444660.15,2,3,2,1,2,120388.3458,2,4,0,1,Agile,118.99,1316922.91
51,3,694041.67,4,1,2,1,3,13608.6602,2,4,0,2,SAFe,139.01,864753.49
6,39,404357.64,4,3,1,3,4,67392.94,3,1,1,2,Agile,325.35,465492.29
12,44,1117088.14,5,3,5,1,2,93090.6783,5,2,1,1,V-Model,484.78,1194371.36
54,8,194360.08,5,4,5,1,4,3599.2607,5,3,0,1,V-Model,361.4,242981.09
24,22,1261677.69,3,5,1,2,3,52569.9038,2,1,0,3,Scrum,647.83,1499954.48
19,48,640518.44,2,1,1,3,2,33711.4968,3,4,1,2,Agile,821.25,781416.95
8,43,251240.24,4,1,3,3,4,31405.03,9,1,0,3,Spiral,617.43,324492.92
3,12,898182.12,4,1,4,3,1,299394.04,12,2,0,3,Agile,47.39,466249.6
10,43,417866.93,3,5,5,3,3,41786.693,15,4,0,2,Spiral,390.42,481879.23
47,20,442934.46,4,1,3,3,1,9424.1374,9,5,0,2,Spiral,654.04,555147.74
74,4,137358.33,5,4,1,3,3,1856.1936,3,3,1,3,SAFe,324.49,190611.24
68,41,1262838.1,3,4,5,2,1,18571.1485,10,1,0,1,Scrum,2405.21,1581551.29
68,46,1201417.74,1,1,3,2,4,17667.9079,6,1,0,3,SAFe,3957.26,1452839.79
44,48,137732.24,2,5,3,1,4,3130.2782,3,5,1,2,Scrum,1614.91,177673.11
63,2,136005.24,2,4,1,3,1,2158.8133,3,3,1,1,Scrum,106.6,179178.84
57,4,1145000.67,5,3,1,3,1,20087.7311,3,1,1,3,SAFe,254.97,1260135.37
77,13,1308880.49,4,4,3,2,2,16998.4479,6,5,0,2,SAFe,743.68,1735861.77
47,44,1397244.56,2,4,2,2,1,29728.6077,4,1,1,1,Agile,1410.17,1650988.71
54,16,1390871.7,2,4,1,2,1,25756.8833,2,1,0,1,Agile,699.86,1571992.95
54,22,1357209.91,1,1,2,1,1,25133.5169,2,2,0,2,SAFe,761.1,1668207.98
35,42,1397458.4,2,3,3,3,3,39927.3829,9,4,1,3,Spiral,2183.25,1618380.08
43,15,157427.14,3,4,5,2,2,3661.0963,10,1,1,2,V-Model,806.99,187508.0
9,45,521034.73,4,2,4,3,2,57892.7478,12,3,1,1,Spiral,333.96,627996.1
51,37,749634.07,4,5,1,1,1,14698.7073,1,3,1,1,Waterfall,1160.82,906484.95
74,9,1402246.76,2,4,4,1,2,18949.2805,4,4,1,2,SAFe,483.89,1705064.08
3,29,252611.62,4,5,5,3,2,84203.8733,15,1,1,2,Spiral,121.58,289721.18
37,33,1229211.35,4,3,3,2,4,33221.9284,6,1,0,2,Agile,1617.82,1484868.44
13,41,141506.71,4,1,4,1,3,10885.1315,4,2,1,3,V-Model,753.57,179420.11
6,26,22713.38,4,3,1,3,2,3785.5633,3,2,1,3,Scrum,184.59,27124.15
63,31,1409801.02,1,4,2,1,4,22377.794,2,3,1,3,SAFe,1765.28,1707162.48
71,4,1316516.42,5,1,1,1,3,18542.4848,1,2,0,1,SAFe,265.46,1498380.46
47,5,1412620.63,4,1,4,2,2,30055.7581,8,1,0,2,Waterfall,291.38,1352810.3
61,2,1107862.45,4,2,3,1,3,18161.6795,3,4,1,3,SAFe,145.15,1298173.74
62,2,1224573.29,5,4,5,1,4,19751.1821,5,1,0,3,SAFe,156.95,1547937.3
70,22,1408026.41,2,5,3,3,1,20114.663,9,3,1,3,SAFe,1390.52,1644251.5
55,37,482686.55,5,4,5,2,3,8776.1191,10,2,0,1,Scrum,2342.08,596519.33
36,8,1078828.15,4,2,4,1,3,29967.4486,4,1,1,1,V-Model,334.15,1251914.8
25,27,968059.49,2,2,1,1,4,38722.3796,1,5,1,1,Agile,387.52,1091293.61
74,26,781991.99,4,2,2,3,1,10567.4593,6,3,1,2,Spiral,1859.41,815035.39
57,32,1144823.65,3,4,1,2,2,20084.6254,2,1,1,2,SAFe,1471.61,1219890.12
56,21,716969.41,4,3,3,1,2,12803.0252,3,3,1,1,Waterfall,686.45,823034.72
70,41,95916.56,2,3,4,2,2,1370.2366,8,1,1,1,SAFe,2786.89,108365.7
56,24,943335.46,2,2,4,1,1,16845.2761,4,5,1,2,SAFe,882.55,1197477.11
23,35,411661.01,1,1,3,3,1,17898.3048,9,2,0,2,Spiral,863.96,478848.91
22,24,256225.24,5,4,3,1,4,11646.6018,3,1,0,2,Waterfall,512.59,349594.19
64,24,318601.2,2,2,1,3,4,4978.1438,3,3,1,1,Iterative,1625.92,335362.33
73,35,687917.65,2,1,2,1,1,9423.5295,2,3,0,1,SAFe,1433.23,763281.49
14,35,705474.2,4,4,1,3,2,50391.0143,3,2,1,1,Agile,406.18,906748.92
57,30,486595.7,1,2,4,1,1,8536.7667,4,2,0,3,SAFe,1425.9,472437.93
16,19,288452.15,2,3,2,1,4,18028.2594,2,2,0,3,Scrum,297.77,331702.65
32,46,1504352.74,5,1,2,3,2,47011.0231,6,2,0,1,Spiral,1250.42,1909597.5
80,22,1518269.57,3,5,1,2,4,18978.3696,2,5,1,1,SAFe,982.07,1782332.85
64,9,1415846.57,1,3,3,3,4,22122.6027,9,3,0,3,SAFe,717.82,1731040.96
45,15,1448379.91,1,3,2,2,4,32186.2202,4,1,0,1,Scrum,652.58,1624864.16
58,6,1458328.99,5,5,3,3,3,25143.6033,9,3,0,3,Spiral,596.16,1635726.63
69,24,267353.66,3,4,5,3,1,3874.6907,15,5,0,3,Spiral,1834.09,304804.01
50,24,153449.1,3,4,2,3,1,3068.982,6,3,0,2,Spiral,1097.94,231910.4
68,20,214474.55,4,2,4,2,3,3154.0375,8,5,0,3,SAFe,1257.38,259027.42
49,48,1379520.63,3,1,2,1,3,28153.4822,2,5,0,2,Waterfall,1964.33,1897081.38
10,44,123858.1,2,3,1,1,1,12385.81,1,4,1,1,Iterative,238.13,149960.97
63,40,1156041.65,1,1,5,3,3,18349.8675,15,5,0,1,Spiral,2174.16,1328523.57
12,9,146784.66,2,4,5,2,4,12232.055,10,4,0,2,Scrum,116.85,1752750.0
50,30,1007748.8,5,5,4,2,3,20154.976,8,4,0,2,SAFe,1845.25,1018707.24
2,31,104310.44,3,5,4,1,3,52155.22,4,5,1,1,V-Model,41.47,131997.31
80,37,961268.48,5,2,1,1,3,12015.856,1,2,0,2,Waterfall,684.76,1177341.9
44,23,24143.96,1,5,4,1,2,548.7264,4,2,0,1,Scrum,892.29,31276.03
29,1,1345511.01,3,2,1,1,4,46396.9314,1,2,1,1,Waterfall,26.79,252291.41
74,23,383175.74,3,5,4,2,2,5178.0505,8,4,1,1,Spiral,1339.47,492458.67
35,21,1336807.87,4,1,4,2,4,38194.5106,8,3,0,1,Agile,713.91,1588791.43
43,13,909733.72,3,4,1,1,1,21156.5981,1,4,1,1,Waterfall,260.68,1073614.61
79,37,837728.58,5,3,3,1,3,10604.1592,3,3,1,3,Waterfall,2834.62,867402.18
40,29,699098.27,4,5,3,3,3,17477.4568,9,5,0,2,Scrum,997.08,927964.76
11,7,881271.18,1,1,1,1,1,80115.5618,1,4,0,3,Iterative,49.27,477594.02
21,32,755141.24,3,5,4,1,4,35959.1067,4,4,1,2,Scrum,644.73,1007753.26
36,9,1376526.9,1,5,5,1,2,38236.8583,5,1,1,1,Scrum,303.61,1654162.3
49,44,1115378.3,2,1,5,3,2,22762.8224,15,4,0,2,Spiral,2489.86,1386897.49
41,2,875387.03,3,1,3,1,2,21350.9032,3,1,0,3,Iterative,110.53,834969.4
2,22,304380.5,5,3,2,3,2,152190.25,6,4,0,2,XP,28.11,147153.24
46,2,1361820.51,5,1,5,1,4,29604.7937,5,3,0,3,Waterfall,86.04,942338.16
10,48,1391125.54,1,1,1,2,4,139112.554,2,5,0,2,Iterative,339.73,1633942.86
20,24,385862.16,3,4,5,2,4,19293.108,10,5,0,2,Agile,457.0,6569375.0
75,8,1145548.38,2,1,2,3,4,15273.9784,6,4,0,2,SAFe,695.77,1390184.25
2,13,653894.72,1,4,4,3,2,326947.36,12,1,0,3,Spiral,40.96,658799.13
63,41,675459.59,4,1,3,3,2,10721.5808,9,5,0,3,Spiral,2642.16,760678.98
67,45,153600.3,5,5,5,3,4,2292.5418,15,3,0,3,Spiral,3876.51,215466.67
47,48,1366140.74,1,1,3,1,4,29066.8243,3,3,0,3,Iterative,2435.68,1656897.58
51,7,715519.43,3,4,4,2,4,14029.7927,8,4,0,2,SAFe,282.86,952373.43
26,13,123726.6,3,5,4,3,2,4758.7154,12,5,0,3,Spiral,300.66,165170.19
30,48,980855.29,4,4,5,1,1,32695.1763,5,3,1,1,V-Model,980.43,1213180.7
21,1,506486.98,4,1,1,1,4,24118.4276,1,2,1,3,Agile,18.17,121287.97
23,5,127080.43,4,2,5,2,1,5525.2361,10,2,1,2,V-Model,138.98,169410.27
58,20,362110.94,2,1,1,3,2,6243.2921,3,5,1,1,Iterative,734.47,481496.28
35,9,921546.98,2,4,4,1,3,26329.9137,4,2,1,1,Agile,356.2,1206309.85
27,6,239960.36,5,3,1,2,1,8887.4207,2,4,1,3,Waterfall,107.97,325069.56
35,24,723217.4,4,2,4,1,4,20663.3543,4,4,1,3,Agile,610.64,849428.4
44,28,1080769.18,4,1,3,3,2,24562.9359,9,3,1,1,Spiral,1454.06,1199630.45
17,16,293701.3,4,1,1,3,1,17276.5471,3,1,0,2,Agile,270.5,356786.81
68,18,353699.37,5,1,5,3,1,5201.4613,15,5,0,1,Spiral,1076.25,435903.05
66,36,1130361.46,4,3,1,1,2,17126.6888,1,2,1,3,SAFe,2275.1,1440924.61
12,18,227001.37,3,4,4,2,4,18916.7808,8,4,0,2,Agile,233.69,3359293.75
74,32,1508377.05,4,4,3,2,2,20383.4736,6,4,0,3,SAFe,2523.57,1719092.93
36,17,42521.22,4,1,3,1,2,1181.145,3,4,1,1,V-Model,388.11,51926.8
67,47,1013577.01,4,2,3,3,4,15128.0151,9,3,1,3,Spiral,3924.88,1180370.3
76,43,995103.39,1,1,4,3,3,13093.4657,12,4,1,1,Spiral,4285.57,1100647.41
25,41,925519.62,4,3,5,1,2,37020.7848,5,4,0,3,Waterfall,1047.11,1196037.73
19,25,1445769.97,4,2,4,3,2,76093.1563,12,5,1,2,Spiral,369.74,1687401.01
49,47,409109.58,3,5,3,2,3,8349.1751,6,1,0,2,Scrum,3743.13,568121.5
72,18,692034.01,1,4,5,2,3,9611.5835,10,2,1,1,Spiral,1512.12,928685.97
52,33,1174458.09,4,4,2,3,1,22585.7325,6,4,0,1,Agile,1044.13,1375614.35
48,3,1117880.4,2,5,1,3,1,23289.175,3,5,1,3,Scrum,102.27,1157545.09
67,35,938849.0,4,4,1,2,3,14012.6716,2,1,0,1,Agile,2922.12,1072819.66
52,25,172238.14,2,5,3,3,3,3312.2719,9,2,0,1,Scrum,1496.92,230490.71
3,19,61736.06,3,2,5,2,3,20578.6867,10,4,1,1,Spiral,57.83,73980.85
55,38,323298.8,3,3,4,1,3,5878.16,4,2,1,3,SAFe,3177.14,348308.8
70,12,1512886.61,5,5,2,2,3,21612.6659,4,2,0,2,SAFe,865.39,1698248.28
43,23,289340.25,3,1,5,2,2,6728.843,10,2,1,2,V-Model,1009.26,365745.18
78,10,346958.9,1,4,4,1,3,4448.191,4,2,1,1,SAFe,937.44,412640.53
59,4,1264882.26,1,2,3,3,4,21438.6824,9,1,1,2,SAFe,317.61,1298044.91
52,24,512311.63,4,5,4,3,1,9852.1467,12,1,0,1,Spiral,1187.74,607322.18
26,7,653728.96,2,3,1,3,4,25143.4215,3,2,1,2,Scrum,202.08,805765.05
20,30,492667.05,4,1,5,3,3,24633.3525,15,3,1,1,V-Model,669.24,18194962.5
24,39,697833.67,3,5,2,2,4,29076.4029,4,1,0,1,Scrum,1112.5,937000.99
15,48,864764.59,5,3,4,3,4,57650.9727,12,3,1,1,Spiral,841.97,1043927.38
35,9,1037962.18,2,5,1,3,3,29656.0623,3,2,1,2,Scrum,409.57,1251230.06
60,35,921705.75,1,5,5,1,2,15361.7625,5,2,0,2,SAFe,2301.59,1063923.46
34,42,1459464.74,4,2,3,1,4,42925.4335,3,3,0,3,Agile,1611.17,1694241.77
30,5,520478.44,1,1,4,3,2,17349.2813,12,2,0,2,Iterative,157.32,614063.69
63,5,421412.06,3,4,3,3,4,6689.0803,9,1,1,1,Agile,376.59,486161.08
71,41,590885.11,3,4,1,3,4,8322.3255,3,2,0,1,SAFe,3008.51,693362.35
72,5,1049184.18,1,3,3,2,2,14572.0025,6,2,1,1,SAFe,366.02,1014593.16
21,47,1189813.02,5,3,3,3,2,56657.7629,9,2,1,2,Spiral,1124.34,1385189.9
44,37,1354741.13,3,3,2,2,2,30789.5711,4,3,0,2,Agile,1115.44,1475085.43
51,22,370687.77,4,5,4,1,2,7268.3876,4,3,0,2,SAFe,1104.2,492884.49
43,39,157252.47,5,1,5,3,3,3657.0342,15,1,1,3,Spiral,3744.46,172383.96
55,45,1285435.21,3,4,1,1,1,23371.5493,1,4,0,3,SAFe,1920.41,1496559.27
58,44,835926.13,1,3,4,1,4,14412.5195,4,3,0,2,SAFe,2996.58,1014472.64
3,2,92171.28,2,3,1,2,3,30723.76,2,2,1,1,Kanban,7.0,60639.21
58,29,11653.72,4,4,4,1,3,200.9262,4,3,0,3,SAFe,1868.39,13248.18
76,20,1108611.71,2,3,3,3,2,14586.9962,9,3,0,2,SAFe,1264.48,1306503.63
11,28,157293.47,1,5,5,2,2,14299.4064,10,1,1,2,Spiral,470.87,179529.55
34,43,762667.37,4,3,2,3,3,22431.3932,6,4,1,3,Agile,1654.76,878986.47
23,45,600362.69,4,1,1,1,1,26102.7257,1,2,0,2,Agile,809.17,691047.94
54,38,533376.55,3,2,1,1,3,9877.3435,1,5,1,3,Scrum,1562.58,520394.47
56,14,12448.51,4,3,4,1,2,222.2948,4,4,0,1,Waterfall,570.96,16233.79
80,26,22632.88,5,2,2,2,1,282.911,4,2,1,1,SAFe,1685.94,27546.32
35,27,271063.2,3,1,2,2,3,7744.6629,4,2,1,1,Agile,1018.82,310323.27
6,24,1230282.86,5,5,4,1,2,205047.1433,4,2,1,3,V-Model,163.19,1421300.23
28,5,332223.98,1,4,4,1,1,11865.1421,4,2,1,3,Scrum,180.96,314809.54
9,22,391856.28,3,5,5,2,4,43539.5867,10,4,0,2,Scrum,173.08,497574.37
31,3,468940.72,4,2,4,3,4,15127.12,12,2,0,1,Spiral,116.61,610468.94
4,37,1373128.24,2,1,4,2,1,343282.06,8,1,0,3,Agile,189.92,1613126.79
64,29,81117.33,2,2,5,2,3,1267.4583,10,3,1,2,Spiral,1994.34,101024.12
65,3,1025881.59,2,5,5,1,2,15782.7937,5,5,1,2,SAFe,152.54,1209091.63
21,15,543472.89,1,5,1,3,3,25879.6614,3,4,0,1,Scrum,227.15,659473.72
33,36,702208.52,4,4,2,2,2,21279.0461,4,2,1,1,Agile,877.18,914509.79
35,20,1110769.69,3,1,5,3,2,31736.2769,15,2,0,2,Spiral,772.94,1322649.14
4,27,284488.33,5,5,2,2,4,71122.0825,4,5,1,3,Scrum,95.6,322128.31
25,38,566682.06,1,2,5,2,2,22667.2824,10,1,1,2,Spiral,1195.08,641248.1
10,21,1011531.46,4,2,3,1,1,101153.146,3,2,1,2,V-Model,201.37,1274975.87
27,26,1065374.73,3,3,1,1,3,39458.3233,1,2,1,3,Scrum,625.0,1285641.9
66,29,1036250.21,5,3,5,2,1,15700.7608,10,5,0,3,SAFe,1772.0,1227604.86
21,35,806999.76,1,2,2,2,3,38428.56,4,2,0,3,Iterative,754.48,938053.37
49,42,376848.78,2,4,1,2,3,7690.7914,2,1,0,2,Scrum,2583.86,469915.89
7,22,642316.67,3,2,2,3,1,91759.5243,6,2,0,1,Agile,116.99,709700.93
47,12,370190.87,2,1,4,2,2,7876.4015,8,1,1,2,Iterative,554.47,388890.62
22,24,490728.58,2,3,4,2,4,22305.8445,8,1,0,3,Iterative,879.93,632872.46
53,21,1170999.09,5,4,4,1,4,22094.3225,4,5,0,1,Waterfall,640.39,1348394.57
48,42,522822.13,5,4,3,2,3,10892.1277,6,4,1,1,Agile,1274.62,655258.49
75,38,931014.48,3,1,5,3,2,12413.5264,15,2,1,2,Spiral,3898.9,1114986.88
69,41,941395.19,1,3,5,2,1,13643.4086,10,3,0,3,SAFe,3363.26,1142729.51
74,34,199084.1,5,3,5,2,1,2690.3257,10,4,1,1,V-Model,2249.48,266913.42
15,24,347037.09,1,2,4,3,3,23135.806,12,4,1,1,Spiral,401.54,10916868.75
47,7,1268423.85,1,5,1,2,4,26987.7415,2,5,0,1,Scrum,193.09,1166221.96
76,5,1334516.92,5,3,2,2,4,17559.4332,4,5,1,2,V-Model,332.84,1423931.47
55,25,346733.74,2,3,1,1,2,6304.2498,1,1,1,1,Agile,996.06,400732.94
5,34,982210.19,2,3,4,3,2,196442.038,12,2,1,1,Spiral,196.6,1006767.28
42,22,638071.11,1,2,5,1,1,15192.1693,5,2,0,1,Agile,667.3,767745.04
50,47,333611.3,4,3,5,2,2,6672.226,10,1,0,2,SAFe,2977.1,408451.38
62,30,509230.29,2,5,1,2,4,8213.3918,2,3,1,2,SAFe,1404.31,665945.93
5,45,647645.78,2,3,1,3,2,129529.156,3,2,0,3,Scrum,271.73,747211.86
56,22,485358.74,3,5,4,3,3,8667.1204,12,4,0,3,Spiral,1431.35,613756.93
11,24,761752.2,3,3,5,1,3,69250.2,5,3,1,1,V-Model,284.42,944834.79
73,22,643660.84,5,5,1,1,2,8817.2718,1,1,0,2,SAFe,1336.02,773122.9
6,31,108910.69,1,2,4,1,2,18151.7817,4,3,1,1,Agile,136.4,141334.65
15,32,1528889.75,1,2,5,3,1,101925.9833,15,5,1,1,Spiral,349.39,1688700.2
72,26,912666.6,5,4,1,1,1,12675.925,1,1,1,2,SAFe,1424.09,1118408.26
73,17,165451.59,1,4,1,2,3,2266.4601,2,1,1,3,SAFe,1606.92,214619.96
26,10,1027540.19,1,2,4,1,3,39520.7765,4,2,1,2,Iterative,419.49,1063739.65
54,38,915708.73,1,5,3,2,2,16957.5691,6,2,1,3,SAFe,2561.22,1058419.46
16,28,38520.55,3,3,4,3,4,2407.5344,12,4,1,1,Spiral,487.35,47852.0
15,7,62390.3,2,3,3,2,3,4159.3533,6,5,0,1,Iterative,71.26,77453.66
73,26,1191165.95,1,5,5,2,3,16317.3418,10,5,1,1,Spiral,1868.64,1625391.83
13,1,583033.56,5,2,5,3,3,44848.7354,15,5,0,3,Spiral,16.86,377245.41
56,5,404686.01,5,4,5,2,4,7226.5359,10,2,1,1,V-Model,311.9,481432.49
47,1,771657.47,5,4,3,3,2,16418.244,9,5,0,1,Agile,36.08,406554.76
64,16,985777.04,3,5,1,1,3,15402.7662,1,4,0,2,SAFe,547.54,1108893.98
17,35,93954.7,2,1,2,2,4,5526.7471,4,1,1,2,Iterative,679.58,118563.62
3,5,898385.98,3,4,2,2,2,299461.9933,4,4,0,3,Kanban,12.46,51008.29
80,7,360805.82,5,5,1,2,1,4510.0728,2,2,0,1,SAFe,491.63,483202.82
29,12,905482.82,4,5,2,2,2,31223.5455,4,3,0,1,Scrum,270.86,1151966.01
28,32,1078517.43,4,5,2,1,1,38518.4796,2,5,0,2,Waterfall,401.45,1220986.83
34,41,940756.46,4,3,2,3,4,27669.3076,6,1,0,2,Spiral,1902.35,1242051.33
51,3,65632.81,3,5,2,1,4,1286.9178,2,5,1,1,RAD,105.37,78716.53
38,23,964658.24,3,4,3,2,1,25385.7432,6,2,0,3,Scrum,1044.24,1108852.73
47,7,746427.12,2,1,2,3,4,15881.4281,6,1,1,1,Agile,321.57,811379.52
60,43,218784.08,4,5,3,2,3,3646.4013,6,1,0,1,Scrum,2940.65,277684.17
6,43,1510523.13,4,1,5,2,4,251753.855,10,3,1,2,Spiral,279.93,1814782.77
47,46,860140.87,4,4,1,1,2,18300.8696,1,3,1,3,Scrum,1838.72,929794.13
20,22,1205502.02,1,2,1,1,2,60275.101,1,3,1,1,Iterative,332.48,1417229.05
23,2,1253551.71,4,5,4,2,4,54502.2483,8,5,0,1,RAD,38.08,589824.88
65,35,1303802.24,1,5,2,1,3,20058.496,2,5,0,3,SAFe,1555.66,1449723.22
63,28,549941.89,5,3,4,3,2,8729.2363,12,3,1,1,Spiral,1397.18,598371.29
50,27,827463.67,3,1,5,1,1,16549.2734,5,5,0,2,SAFe,982.62,1041099.33
28,32,1206760.96,1,1,1,1,1,43098.6057,1,5,0,3,Iterative,455.92,1402340.84
61,2,1414747.22,5,2,3,1,2,23192.5774,3,5,1,3,SAFe,70.95,841370.5
37,1,799756.03,2,2,3,2,4,21615.0278,6,5,0,1,Iterative,26.11,358664.28
41,16,779254.52,4,5,4,1,3,19006.2078,4,4,1,2,V-Model,631.26,970646.99
43,6,581528.62,1,1,1,1,1,13523.9214,1,5,0,2,Iterative,111.77,639586.84
9,30,327845.41,5,4,1,3,3,36427.2678,3,3,0,2,Agile,255.0,462370.6
49,42,1074204.09,1,1,3,2,3,21922.5324,6,4,1,1,Iterative,1533.99,1374041.34
50,45,1304731.46,4,4,1,2,3,26094.6292,2,5,0,3,SAFe,1619.88,1571873.96
73,33,26839.19,4,1,4,1,2,367.6601,4,1,0,2,SAFe,3027.17,31250.44
71,47,1446153.61,1,1,1,2,4,20368.3607,2,5,1,1,SAFe,2219.38,1780914.97
70,6,243726.6,5,5,3,3,2,3481.8086,9,5,0,1,SAFe,309.76,285122.62
23,15,862960.83,1,1,3,2,3,37520.0361,6,3,1,1,Iterative,317.76,1038439.11
3,46,537797.36,5,5,5,3,1,179265.7867,15,2,1,3,Spiral,178.11,692589.24
6,47,602017.37,3,3,3,3,2,100336.2283,9,3,0,2,Spiral,256.05,811851.19
17,32,1091504.67,5,5,3,1,1,64206.1571,3,5,0,1,Waterfall,355.69,1262662.05
48,42,498945.14,3,2,1,3,2,10394.6904,3,2,1,2,Agile,2367.52,674233.52
47,35,1194406.21,1,3,5,1,3,25412.8981,5,3,1,2,Scrum,1436.34,1427248.89
24,42,1288878.1,3,2,4,2,1,53703.2542,8,4,1,2,Spiral,668.24,1626006.89
50,7,184820.05,4,1,5,3,4,3696.401,15,5,0,1,Spiral,381.45,237397.8
60,30,640326.9,5,4,1,3,1,10672.115,3,4,1,2,SAFe,1201.21,756536.55
43,8,1100361.21,1,2,2,3,4,25589.7956,6,4,1,2,Iterative,352.54,1360572.09
76,8,202716.74,5,2,3,3,1,2667.3255,9,5,0,2,SAFe,444.06,260383.09
11,6,713595.91,3,5,1,1,1,64872.3555,1,2,1,2,Agile,56.13,369809.87
57,25,386805.27,2,5,1,3,2,6786.0574,3,3,0,2,SAFe,1600.62,498494.79
10,6,502299.34,1,4,4,2,3,50229.934,8,5,1,2,Spiral,54.67,553761.08
46,18,1472921.16,3,5,3,2,3,32020.0252,6,2,1,3,Scrum,929.54,1446854.02
40,34,642353.91,1,1,5,3,4,16058.8478,15,5,0,3,Spiral,1543.5,757998.97
5,8,293774.22,2,2,5,3,2,58754.844,15,1,0,3,Spiral,62.52,373011.0
79,32,1364203.85,2,2,4,2,3,17268.4032,8,3,1,2,SAFe,2504.22,1534575.37
57,41,93196.92,1,4,1,1,1,1635.0337,1,1,0,3,SAFe,1995.28,103669.28
56,3,1199402.06,5,4,5,1,4,21417.8939,5,5,0,2,SAFe,116.12,1568549.51
20,30,490588.4,3,1,4,3,3,24529.42,12,5,1,1,Spiral,669.24,18194962.5
38,21,608877.74,5,1,4,1,3,16023.0984,4,2,0,2,Waterfall,845.17,660675.15
64,28,908431.03,4,3,5,1,3,14194.2348,5,3,1,3,V-Model,2511.46,1071913.82
71,46,479710.95,1,3,1,2,3,6756.4923,2,1,0,1,SAFe,3371.39,570459.16
21,48,24343.24,2,2,5,3,3,1159.2019,15,5,1,3,Spiral,1302.11,33279.08
31,47,48979.77,3,4,1,1,4,1579.9926,1,1,1,3,Scrum,1429.31,60762.33
9,38,652770.3,3,4,1,3,1,72530.0333,3,1,1,3,Scrum,399.9,776558.25
23,25,1489266.65,1,4,1,1,4,64750.7239,1,3,0,2,Iterative,494.61,1609957.56
31,5,526410.89,2,5,3,3,4,16980.9965,9,2,1,1,Spiral,204.16,644250.27
58,21,434544.42,5,2,4,2,1,7492.1452,8,2,1,2,V-Model,1351.78,596488.5
36,30,525761.34,5,2,3,2,3,14604.4817,6,3,0,1,Waterfall,1169.75,617420.11
23,12,509075.47,4,3,3,1,4,22133.7161,3,1,0,1,Scrum,312.69,618645.86
38,35,588060.42,3,2,4,3,3,15475.2742,12,3,1,1,Spiral,1962.93,726294.66
44,14,78797.17,4,5,3,2,1,1790.8448,6,5,0,3,Scrum,415.93,87363.63
53,24,37810.2,1,4,3,2,2,713.4,6,1,0,1,Scrum,1160.83,45181.33
42,11,570949.28,3,2,2,2,1,13594.0305,4,1,0,1,Agile,402.45,644443.3
20,24,380566.48,5,2,5,2,4,19028.324,10,3,0,2,Agile,457.0,6569375.0
20,29,201729.26,5,1,5,1,3,10086.463,5,4,0,1,Waterfall,551.45,250930.54
74,23,464696.03,5,5,4,1,1,6279.6761,4,4,0,2,SAFe,1277.71,534433.59
36,40,702978.82,3,1,2,3,3,19527.1894,6,3,0,2,Iterative,1467.62,837335.47
71,3,1068830.89,2,2,4,2,3,15053.9562,8,2,0,1,SAFe,250.39,1588792.4
12,32,1155381.04,5,4,1,3,1,96281.7533,3,2,1,3,Scrum,468.81,1468149.52
33,1,662305.4,2,2,1,3,4,20069.8606,3,2,1,1,Iterative,34.05,351652.26
47,2,893169.65,2,2,1,1,4,19003.6096,1,4,0,1,RAD,51.79,425940.48
3,26,591597.88,5,4,5,3,1,197199.2933,15,1,1,2,Spiral,101.53,704503.32
31,45,1351030.72,4,3,5,3,1,43581.6361,15,3,0,3,Spiral,1491.4,1484938.03
8,34,184111.13,1,4,4,1,3,23013.8912,4,1,0,2,Scrum,328.41,230416.25
6,4,686302.07,1,3,2,2,1,114383.6783,4,2,1,1,RAD,21.5,183463.58
60,10,814144.68,2,4,4,3,3,13569.078,12,4,1,1,Iterative,624.48,1063310.53
53,1,723427.32,5,5,4,3,4,13649.5721,12,3,0,2,SAFe,56.9,770249.12
21,2,1163808.5,1,3,4,2,4,55419.4524,8,2,0,2,RAD,45.29,543694.23
21,18,141324.42,4,4,3,2,4,6729.7343,6,2,1,1,Scrum,333.78,186744.33
18,14,279705.06,1,5,3,1,2,15539.17,3,1,0,3,Scrum,263.54,341574.26
8,2,1243441.03,4,4,1,2,4,155430.1288,2,2,1,2,RAD,14.36,147506.27
72,32,432900.46,5,1,1,3,3,6012.5064,3,1,1,2,SAFe,3325.26,570774.91
74,28,826003.37,2,3,2,2,2,11162.2077,4,4,0,2,SAFe,1612.27,934028.98
22,33,642146.89,3,5,1,3,2,29188.495,3,3,1,2,Agile,629.12,832236.52
63,30,414266.9,5,1,5,3,3,6575.6651,15,4,1,3,Spiral,2227.97,460404.41
24,3,67780.43,1,4,2,1,3,2824.1846,2,1,1,1,RAD,63.39,78361.04
43,20,1060031.99,1,3,3,1,1,24651.9067,3,4,1,2,Agile,597.29,1412676.73
22,12,984607.31,2,1,3,2,3,44754.8777,6,1,1,1,Iterative,303.26,1236566.42
57,19,159335.65,3,4,5,2,2,2795.3623,10,4,1,3,V-Model,1125.05,181875.03
73,18,405223.65,3,5,1,1,3,5551.0089,1,1,0,1,SAFe,1183.58,486893.79
45,35,952315.41,1,1,4,1,1,21162.5647,4,4,1,1,Iterative,1068.27,1075663.24
33,33,443045.58,4,4,5,3,3,13425.6236,15,2,1,2,Spiral,1722.14,611210.01
47,37,1258348.05,4,2,3,2,2,26773.3628,6,1,0,1,Agile,1709.79,1420617.56
14,16,490938.86,1,5,1,2,3,35067.0614,2,5,0,2,Scrum,186.65,616631.41
48,13,731889.26,5,1,1,3,1,15247.6929,3,5,0,2,Scrum,359.3,753432.28
44,44,861214.81,1,1,3,3,4,19573.0639,9,3,0,1,Iterative,1975.37,946049.95
15,13,1356838.08,5,5,3,1,1,90455.872,3,1,1,3,V-Model,198.77,1705740.98
38,32,328265.24,4,1,2,3,3,8638.5589,6,4,0,3,Agile,1497.24,397619.89
79,27,1191959.87,1,1,3,1,4,15088.0996,3,4,0,1,SAFe,1126.08,1320315.71
24,40,238494.68,3,1,2,3,2,9937.2783,6,5,0,1,Iterative,683.84,261778.07
63,34,424830.81,2,3,2,2,1,6743.3462,4,2,1,3,SAFe,2113.1,522419.59
22,7,847502.47,2,4,1,2,1,38522.8395,2,4,0,2,Scrum,98.59,597929.47
22,27,517892.74,5,2,1,3,4,23540.5791,3,1,0,2,Agile,783.96,607115.32
22,42,701728.49,2,3,1,1,1,31896.7495,1,3,0,2,Agile,529.09,739864.05
29,22,1193357.28,2,4,3,3,2,41150.251,9,1,1,3,Spiral,751.37,1350321.17
4,34,473719.78,3,4,3,1,2,118429.945,3,2,1,3,Waterfall,137.45,584714.54
21,22,11933.68,4,4,5,1,4,568.2705,5,1,0,2,Waterfall,591.42,14396.19
20,11,1037577.81,3,2,1,3,3,51878.8905,3,5,0,1,Agile,188.54,1007049.88
4,9,97017.09,3,5,3,1,1,24254.2725,3,5,0,1,XP,17.55,219375.0
39,42,831599.04,4,5,2,2,2,21323.0523,4,1,1,2,Agile,1773.43,829770.9
7,48,187430.89,5,4,2,2,1,26775.8414,4,3,1,3,Scrum,289.41,214124.47
19,44,1221429.31,4,5,2,3,2,64285.7532,6,4,1,1,Agile,772.86,1602799.58
19,48,395858.57,2,4,2,3,2,20834.6616,6,2,1,2,Agile,1030.91,496540.92
43,44,39498.88,1,1,5,2,2,918.5786,10,4,1,2,Spiral,1776.98,53119.55
32,4,1295310.72,2,3,4,2,1,40478.46,8,4,1,3,Spiral,102.27,1737334.16
54,48,771245.62,3,1,3,1,1,14282.3263,3,5,1,3,SAFe,1943.99,1025637.45
61,41,1063263.06,1,4,1,1,1,17430.542,1,2,0,3,Scrum,1242.29,988261.03
25,37,1523763.6,3,5,1,2,4,60950.544,2,2,1,1,Scrum,718.5,1811406.35
21,19,892698.1,2,4,3,3,2,42509.4333,9,5,0,3,Spiral,438.13,1036650.51
40,11,574899.67,2,4,4,3,2,14372.4918,12,2,0,2,Spiral,616.98,682378.33
33,39,441999.77,3,1,4,1,2,13393.9324,4,1,0,1,Agile,1491.6,509449.82
39,31,196635.97,2,3,5,1,2,5041.9479,5,1,0,3,Scrum,1680.92,243273.07
39,47,661640.27,5,3,2,3,3,16965.1351,6,4,0,2,Spiral,1583.12,824204.95
6,3,1447744.69,4,5,4,1,2,241290.7817,4,2,0,3,RAD,20.01,279795.19
80,15,1121401.51,2,5,1,2,1,14017.5189,2,5,0,1,SAFe,596.07,1335648.62
49,12,1425516.35,4,4,1,1,2,29092.1704,1,2,1,2,Scrum,406.52,1720695.26
53,18,1268436.63,5,5,4,1,2,23932.7666,4,5,1,1,V-Model,573.41,1581413.71
55,18,1264079.31,2,3,1,2,1,22983.2602,2,1,1,2,SAFe,939.91,1225658.27
46,45,1332848.29,3,2,1,2,4,28974.9628,2,3,1,2,Agile,1792.25,1781604.1
2,21,505127.42,4,2,1,2,4,252563.71,2,2,0,3,Waterfall,44.22,234648.22
73,23,1193311.31,3,4,3,3,1,16346.7303,9,1,0,3,Spiral,2480.8,1463876.52
57,38,1252916.77,5,2,5,2,4,21980.996,10,4,1,2,V-Model,1876.23,1520084.46
69,9,534706.27,1,5,4,2,1,7749.3662,8,3,1,1,Spiral,626.22,673735.7
8,13,1408522.66,3,1,4,1,2,176065.3325,4,1,0,3,Iterative,142.7,1823354.66
21,27,806191.83,4,2,3,1,2,38390.0871,3,1,1,1,V-Model,547.91,1045383.91
33,42,902824.98,5,3,1,1,1,27358.3327,1,3,0,3,Waterfall,1226.48,1150215.35
64,29,625847.25,2,4,1,2,1,9778.8633,2,5,0,1,Scrum,952.29,833436.14
24,44,1248881.53,2,4,1,1,2,52036.7304,1,1,0,3,Scrum,993.16,1408786.58
73,46,264482.82,2,3,1,1,4,3623.0523,1,2,1,1,SAFe,2873.66,289195.8
3,42,1292544.6,4,5,3,3,3,430848.2,9,4,1,1,Spiral,129.64,1406197.77
70,42,835443.41,3,5,1,2,4,11934.9059,2,1,0,3,SAFe,4085.9,996025.58
73,40,1047096.55,1,1,2,2,4,14343.7884,4,5,1,3,SAFe,2053.2,1283566.13
78,10,99345.99,5,3,2,3,1,1273.6665,6,1,0,3,SAFe,1111.69,126168.28
21,31,210971.23,3,2,5,1,1,10046.249,5,4,0,2,Waterfall,482.91,259386.81
26,42,385770.61,5,1,3,3,4,14837.3312,9,2,0,1,Spiral,1345.96,455336.2
26,7,419711.2,4,5,4,3,2,16142.7385,12,4,1,1,Spiral,175.22,506633.02
16,27,605821.71,3,4,2,3,4,37863.8569,6,2,0,3,Spiral,513.5,701956.34
8,2,1236634.77,5,3,3,1,2,154579.3462,3,4,0,3,RAD,14.85,151681.81
75,29,374854.54,4,1,4,3,3,4998.0605,12,4,1,1,Spiral,2182.01,502840.83
44,10,744011.51,3,3,4,3,3,16909.3525,12,1,0,1,Agile,583.18,881220.06
28,42,1094923.09,2,3,5,1,4,39104.3961,5,4,0,2,Agile,887.32,1515548.91
62,1,1475990.9,1,5,2,2,2,23806.3048,4,4,1,1,RAD,45.06,264411.44
5,11,402058.96,3,2,3,1,1,80411.792,3,5,0,3,Agile,32.49,360581.11
14,34,743998.46,1,5,2,2,2,53142.7471,4,1,0,3,Scrum,682.07,1032104.5
64,40,1231231.31,1,4,4,1,4,19237.9892,4,1,0,1,Iterative,2672.57,1484916.6
44,21,228916.12,4,3,5,3,1,5202.6391,15,1,1,3,Spiral,1235.3,267465.32
61,17,497033.23,4,2,5,1,2,8148.0857,5,4,0,3,SAFe,1125.2,617662.03
27,3,904954.01,1,5,2,3,2,33516.8152,6,3,0,3,Scrum,95.02,501489.38
55,33,771160.89,3,3,1,1,3,14021.1071,1,1,1,3,SAFe,2040.39,896531.46
19,39,1031589.82,2,4,5,1,1,54294.2011,5,5,0,2,Agile,541.78,1212670.1
64,16,345704.35,4,2,1,1,4,5401.6305,1,2,0,2,SAFe,686.13,408094.78
43,33,841446.01,4,2,1,3,1,19568.5119,3,2,1,2,Agile,1493.95,940641.04
69,43,1359532.92,1,1,1,1,3,19703.3757,1,5,1,2,SAFe,2262.95,1878815.31
77,12,678840.18,3,3,2,1,3,8816.1062,2,4,1,3,SAFe,789.33,802144.69
79,40,1469510.72,5,3,2,2,4,18601.4015,4,5,1,3,V-Model,3195.35,1805401.79
30,42,1347564.83,1,2,1,3,3,44918.8277,3,3,1,2,Iterative,1456.65,1494261.25
32,28,817403.55,2,4,5,2,4,25543.8609,10,2,1,1,Spiral,1302.18,1090737.26
23,40,980048.82,4,1,1,3,3,42610.8183,3,1,0,1,Agile,1262.07,1277133.78
26,37,693875.07,3,2,4,2,1,26687.5027,8,3,1,2,Spiral,1081.87,929503.76
68,1,1252318.46,3,3,4,2,1,18416.4479,8,4,0,2,SAFe,63.26,980296.42
22,47,1030404.09,3,2,4,2,4,46836.5495,8,4,0,3,Agile,1150.79,1275481.48
69,21,729532.13,2,1,5,2,3,10572.9294,10,4,0,2,SAFe,1453.11,833615.44
46,1,522073.46,3,3,4,2,2,11349.423,8,4,0,1,RAD,44.6,574595.55
15,47,424969.0,1,3,2,2,4,28331.2667,4,4,1,1,Iterative,600.56,551860.06
29,10,315329.11,3,2,3,2,3,10873.4176,6,3,1,3,Agile,391.07,371101.0
24,31,599373.47,3,1,5,1,1,24973.8946,5,4,0,2,Waterfall,433.2,727297.82
11,32,758593.06,4,4,1,3,1,68963.0055,3,2,1,3,Scrum,336.45,863913.09
47,31,829618.51,1,4,3,1,3,17651.4577,3,1,0,2,Iterative,2013.28,986468.08
26,5,566825.22,4,2,1,3,1,21800.97,3,3,0,3,Scrum,100.08,628197.89
55,47,1167662.54,2,3,5,3,3,21230.228,15,1,1,3,Spiral,5140.39,1550188.56
62,1,1334638.77,5,1,2,1,2,21526.4318,2,5,0,1,Waterfall,30.07,140830.8
7,15,89863.31,3,1,3,2,4,12837.6157,6,1,1,2,Agile,144.59,114084.17
42,8,1102262.39,3,4,4,2,3,26244.3426,8,1,0,1,Agile,447.82,1195861.15
52,9,1038530.01,1,4,2,2,1,19971.731,4,3,1,3,SAFe,375.98,1387410.12
64,45,653597.9,1,2,3,3,2,10212.4672,9,2,1,1,Iterative,2952.83,953043.11
20,30,446482.49,4,2,5,2,3,22324.1245,10,4,1,1,V-Model,552.55,11223671.88
71,40,250240.17,3,3,4,3,1,3524.5094,12,2,1,2,Spiral,4230.46,311661.29
75,33,141017.22,1,1,3,2,1,1880.2296,6,2,1,3,Spiral,2781.51,180981.09
66,21,684327.63,2,5,5,2,4,10368.6005,10,5,1,2,Spiral,1311.73,882953.26
75,31,961758.3,5,5,2,2,2,12823.444,4,3,0,3,SAFe,2577.24,1318451.4
4,9,97522.58,2,4,3,1,1,24380.645,3,5,0,1,XP,17.55,219375.0
60,30,445338.08,5,2,5,1,3,7422.3013,5,4,1,2,V-Model,1696.79,559341.8
74,6,1125672.96,1,3,4,1,4,15211.7968,4,5,1,1,SAFe,264.64,1446441.26
80,5,844807.43,3,5,1,1,1,10560.0929,1,2,1,1,SAFe,227.16,920902.43
63,41,1427059.43,2,3,4,3,1,22651.737,12,4,1,2,Spiral,1924.77,1835677.45
62,40,819846.9,5,3,1,2,3,13223.3371,2,2,1,3,SAFe,3562.12,930654.99
21,7,1283267.61,2,3,1,3,1,61107.9814,3,2,1,1,Agile,97.18,700966.05
28,35,146423.52,1,3,3,3,1,5229.4114,9,2,0,3,Spiral,1169.3,156753.2
8,30,624299.64,4,3,1,1,4,78037.455,1,4,0,3,Agile,142.07,845812.96
64,48,390572.14,1,5,1,1,3,6102.6897,1,2,0,1,Scrum,2432.98,377764.24
80,2,1111529.85,1,5,5,3,4,13894.1231,15,4,0,1,Spiral,133.79,1240045.02
33,10,1007195.16,1,4,1,1,3,30521.0655,1,4,1,3,Scrum,293.11,1281212.04
76,26,131460.97,2,3,5,2,2,1729.7496,10,2,0,3,SAFe,2411.63,163777.97
77,20,988367.87,1,2,2,3,4,12835.9464,6,1,1,1,SAFe,1721.88,1026142.45
39,35,245914.83,4,4,3,1,3,6305.5085,3,3,0,2,Waterfall,1159.21,292971.8
28,28,1382900.35,3,5,3,2,2,49389.2982,6,4,1,3,Spiral,883.56,1731135.7
7,4,433544.77,2,2,1,1,1,61934.9671,1,5,0,3,Iterative,13.49,73233.42
22,20,798881.99,2,3,4,1,1,36312.8177,4,2,0,1,Scrum,363.09,966785.54
12,18,661120.59,3,1,3,1,3,55093.3825,3,5,0,1,Iterative,119.77,799032.55
77,18,982569.3,3,1,1,2,4,12760.6403,2,1,0,3,SAFe,1900.66,1038163.26
16,39,367795.98,1,2,5,2,1,22987.2488,10,4,1,2,Spiral,474.56,483883.39
35,7,755129.15,3,3,5,3,1,21575.1186,15,2,0,1,Spiral,291.24,845122.53
38,18,764339.08,4,5,1,2,2,20114.1863,2,5,0,3,Agile,526.48,1048088.51
48,34,1180823.75,2,5,1,1,2,24600.4948,1,3,0,3,Scrum,1222.7,1498811.46
16,7,987238.77,1,2,4,2,2,61702.4231,8,5,1,2,Agile,75.06,1103613.37
12,8,904752.88,4,2,2,3,1,75396.0733,6,3,0,1,Agile,92.24,1109456.54
39,44,231310.15,1,2,5,1,4,5931.0295,5,5,0,3,Iterative,1683.26,302061.43
75,14,635210.2,2,2,3,2,3,8469.4693,6,1,0,1,SAFe,1268.9,707329.8
73,33,501280.49,2,5,5,1,1,6866.856,5,2,1,1,SAFe,2240.36,578154.79
29,48,94879.03,1,3,1,3,4,3271.6907,3,4,1,1,Scrum,1115.15,119698.91
48,8,1065791.25,2,3,4,2,1,22203.9844,8,2,1,2,Scrum,352.49,1310392.14
71,27,413088.28,3,4,3,1,1,5818.1448,3,2,0,2,SAFe,1608.67,563554.96
48,17,1006520.32,2,5,1,1,3,20969.1733,1,3,1,1,Scrum,667.88,1137607.14
9,41,83311.54,4,5,4,1,4,9256.8378,4,4,1,3,Scrum,274.45,100950.48
46,13,59766.33,3,2,1,1,2,1299.268,1,5,1,1,Iterative,322.87,84830.32
62,6,636293.04,4,4,3,2,2,10262.791,6,2,0,2,SAFe,330.06,766876.85
35,37,192113.18,3,3,1,1,4,5488.948,1,4,0,1,Waterfall,746.12,238990.22
45,41,1029557.74,3,5,5,1,1,22879.0609,5,5,1,1,V-Model,969.24,1350607.95
51,7,1412431.59,5,4,1,2,3,27694.7371,2,4,0,3,SAFe,309.91,1714020.15
17,32,356012.5,3,4,1,1,1,20941.9118,1,3,1,3,Waterfall,313.27,373440.18
4,21,1379425.62,5,5,4,2,2,344856.405,8,1,0,1,Scrum,101.96,1392996.12
72,47,775365.67,5,4,2,2,2,10768.9676,4,4,1,1,SAFe,1916.23,819377.28
57,10,200805.97,3,4,1,3,2,3522.9118,3,4,1,3,SAFe,433.2,240608.06
64,2,1197095.05,5,1,5,1,1,18704.6102,5,3,1,3,V-Model,141.97,1458486.0
56,3,340374.68,3,5,2,3,2,6078.1193,6,5,0,3,SAFe,148.27,404259.45
38,15,753613.58,1,3,5,2,3,19831.9363,10,5,0,1,Scrum,506.64,790745.17
35,19,966101.94,4,5,1,1,4,27602.9126,1,2,1,1,Waterfall,520.02,1141026.25
6,18,90195.16,1,1,2,2,1,15032.5267,4,2,0,2,Iterative,103.98,1143780.0
10,30,729872.97,1,3,5,3,2,72987.297,15,2,0,1,Spiral,347.31,794586.29
49,11,1213149.15,4,2,3,1,2,24758.1459,3,3,1,3,Agile,416.49,1428082.01
19,25,832803.79,5,1,4,2,2,43831.7784,8,5,0,1,Waterfall,289.3,978125.23
25,2,1304780.5,5,1,3,1,1,52191.22,3,4,1,3,V-Model,44.5,936343.21
54,42,218541.86,3,1,5,3,4,4047.0715,15,3,0,1,Spiral,2753.58,239879.07
65,9,1111709.16,2,4,2,2,4,17103.2178,4,5,0,3,SAFe,479.8,1324226.07
51,16,311240.11,1,2,3,2,3,6102.7473,6,2,1,1,Iterative,804.73,259983.89
79,36,1101887.83,3,1,5,2,3,13947.9472,10,5,0,2,Agile,659.21,367582.55
16,15,269664.54,3,2,2,2,2,16854.0338,4,5,1,2,Agile,155.7,314323.47
80,43,25504.6,1,2,2,2,4,318.8075,4,5,0,3,SAFe,2943.26,36826.93
42,10,1373424.41,1,2,5,1,4,32700.5812,5,2,1,1,Iterative,507.41,1477628.54
20,14,1192934.51,3,3,2,1,1,59646.7255,2,2,0,2,Scrum,189.62,1336703.7
11,16,1437713.46,2,1,3,3,3,130701.2236,9,3,1,2,Spiral,204.18,1843708.74
56,2,315679.47,2,2,1,2,4,5637.1334,2,1,0,3,SAFe,124.99,303414.09
44,13,1441244.41,3,2,3,2,4,32755.5548,6,5,0,3,Agile,513.93,1956078.01
60,27,1241153.58,2,3,2,1,3,20685.893,2,1,1,2,SAFe,1802.96,1479477.6
62,33,254781.02,4,1,5,1,3,4109.3713,5,2,1,2,V-Model,2724.93,285297.67
12,46,522312.91,5,4,2,2,2,43526.0758,4,3,1,3,Scrum,457.7,752597.96
32,26,1151020.92,2,4,4,2,1,35969.4038,8,5,0,3,Scrum,669.59,1295712.91
35,7,859312.49,3,2,2,2,2,24551.7854,4,2,1,2,Iterative,186.09,1024001.35
56,19,765021.51,3,3,1,1,2,13661.0984,1,5,0,3,SAFe,689.75,1002348.8
52,6,794359.31,2,2,4,1,2,15276.1406,4,5,1,2,SAFe,231.96,748745.91
60,48,762524.03,2,4,2,3,3,12708.7338,6,1,1,2,Spiral,3803.9,1007767.76
58,9,1393096.8,4,2,4,3,4,24018.9103,12,3,0,3,Spiral,746.41,1444646.23
57,42,295913.04,3,4,2,2,2,5191.4568,4,5,0,3,SAFe,2210.94,347493.69
52,43,1433502.12,5,1,2,2,1,27567.3485,4,1,1,2,SAFe,1769.83,713710.67
52,46,229424.01,2,1,1,3,4,4412.0002,3,2,1,2,SAFe,2251.62,267937.85
60,13,709519.3,3,1,1,1,4,11825.3217,1,5,1,2,SAFe,421.55,841569.65
46,17,174066.06,1,1,4,1,4,3784.0448,4,2,1,2,Iterative,754.34,217025.79
55,37,518405.32,5,2,2,2,4,9425.5513,4,4,0,2,Scrum,1854.39,665630.64
79,25,1152309.72,4,1,4,3,1,14586.199,12,4,1,3,Spiral,1575.05,1305124.04
37,14,509390.82,3,3,2,3,2,13767.3195,6,5,0,2,Agile,385.74,672219.72
71,43,1126278.86,4,1,1,2,1,15863.0825,2,1,1,2,SAFe,744.02,480790.16
33,42,820824.25,3,5,4,2,4,24873.4621,8,3,0,1,Scrum,1479.59,928954.46
13,23,817210.37,3,1,5,2,2,62862.3362,10,3,1,3,V-Model,419.86,1070500.61
7,12,102648.37,1,5,2,2,1,14664.0529,4,4,0,3,Scrum,78.49,941880.0
25,39,1351643.2,4,3,5,3,1,54065.728,15,5,1,3,Spiral,931.78,1566609.51
8,3,1369931.48,5,5,1,3,3,171241.435,3,5,0,3,Scrum,21.08,114626.57
33,35,620036.31,3,4,5,3,2,18788.9791,15,2,1,3,Spiral,1536.08,724059.35
61,24,1373026.24,5,5,4,3,4,22508.6269,12,3,0,1,Spiral,1843.68,1802472.34
23,33,1295651.77,2,2,3,1,2,56332.6857,3,5,0,2,Agile,473.26,1495887.26
76,25,1011557.9,4,4,5,3,3,13309.9724,15,3,1,2,Spiral,2920.04,1228362.48
62,37,914601.69,1,5,3,3,4,14751.6402,9,1,0,1,Spiral,2238.35,554746.37
58,37,117359.65,3,1,2,3,1,2023.4422,6,3,0,2,Spiral,1844.13,134412.98
41,31,960392.01,1,3,5,1,2,23424.1954,5,2,0,3,Iterative,1415.55,987056.14
49,14,159129.2,3,1,5,1,4,3247.5347,5,3,1,3,V-Model,698.08,192601.27
27,12,1005169.89,2,1,2,1,3,37228.5144,2,4,0,3,Agile,207.86,1198568.49
71,28,1265506.54,4,4,1,1,3,17824.0358,1,3,1,1,SAFe,1274.33,1819839.82
60,7,574966.69,5,5,3,3,2,9582.7782,9,5,1,3,SAFe,343.69,689603.59
16,27,417470.01,5,4,4,1,4,26091.8756,4,1,1,3,V-Model,524.19,568036.12
10,26,1308727.7,4,5,4,1,4,130872.77,4,1,0,1,Waterfall,281.76,1795590.66
34,35,1073917.76,3,5,1,3,3,31585.8165,3,5,0,1,Scrum,870.15,1209455.69
68,27,618165.02,5,2,2,1,2,9090.6621,2,5,0,3,SAFe,1252.3,858823.55
15,24,361638.08,5,2,4,1,3,24109.2053,4,5,1,1,V-Model,267.7,4350125.0
35,36,269851.77,1,5,1,3,4,7710.0506,3,3,0,1,Scrum,1075.1,319127.8
47,10,960985.0,1,1,3,2,3,20446.4894,6,3,1,3,Iterative,615.52,1068550.31
69,41,77048.98,1,5,5,1,2,1116.6519,5,5,0,3,SAFe,2581.39,81464.25
3,38,980460.62,4,1,5,1,3,326820.2067,5,3,0,1,Agile,91.82,1064248.81
59,38,1464696.57,1,3,1,2,3,24825.3656,2,4,0,3,SAFe,2069.32,1558730.12
46,17,933968.44,4,3,2,1,4,20303.6617,2,4,1,2,V-Model,492.53,1250090.07
80,11,626029.33,3,3,3,2,4,7825.3666,6,3,0,1,SAFe,682.57,706882.4
72,25,601703.15,3,1,3,1,2,8356.9882,3,5,1,1,SAFe,1056.54,816066.34
16,43,563400.96,5,4,3,3,3,35212.56,9,2,0,2,Agile,969.59,666166.06
13,45,201508.23,1,4,2,2,2,15500.6331,4,1,0,1,Iterative,527.92,249068.23
40,18,705551.09,3,4,5,2,2,17638.7772,10,4,0,3,SAFe,796.95,13448531.25
59,27,733372.39,4,5,4,1,4,12430.0405,4,2,1,2,V-Model,1788.63,900420.53
5,3,733080.26,3,3,5,3,4,146616.052,15,5,0,2,Spiral,17.24,351831.18
2,17,452978.94,2,4,4,1,3,226489.47,4,2,0,3,Scrum,36.12,411461.35
8,24,619638.79,5,5,3,3,2,77454.8488,9,4,0,2,Spiral,209.19,716244.33
15,41,769775.14,1,3,5,3,3,51318.3427,15,2,0,2,Spiral,865.61,808230.65
71,21,73040.17,5,5,4,2,1,1028.7348,8,4,1,3,V-Model,1374.42,88841.46
21,29,833241.6,3,4,4,1,3,39678.1714,4,4,0,2,Agile,624.25,963190.69
12,47,83552.8,5,1,2,3,3,6962.7333,6,2,1,1,Agile,576.81,93920.57
5,36,1259745.0,3,5,3,1,2,251949.0,3,1,0,2,Waterfall,168.04,1304122.41
5,44,434163.48,3,1,5,3,1,86832.696,15,3,0,2,Spiral,218.97,483533.15
72,23,1256971.63,5,5,1,1,3,17457.9393,1,2,1,2,SAFe,1749.8,1410189.8
7,46,1454021.37,3,2,4,1,3,207717.3386,4,4,0,1,Waterfall,245.0,1423976.2
72,19,850951.04,1,3,2,3,1,11818.7644,6,5,0,1,SAFe,811.07,767262.37
2,27,819334.68,2,3,1,1,3,409667.34,1,3,0,3,Iterative,42.82,236144.76
42,7,75008.8,5,2,5,2,2,1785.9238,10,1,0,2,Waterfall,407.81,101107.6
59,36,1141193.6,4,3,1,2,4,19342.2644,2,3,1,3,SAFe,2541.86,1513609.38
21,26,226858.37,2,2,2,1,4,10802.7795,2,5,1,3,Agile,430.62,280655.26
60,45,1459626.42,3,5,5,1,2,24327.107,5,5,0,3,SAFe,2095.46,373980.18
12,46,838098.91,1,1,3,1,3,69841.5758,3,1,0,3,Iterative,873.3,1217396.13
8,2,1321020.44,4,1,4,3,3,165127.555,12,1,0,3,Spiral,35.4,815103.99
49,6,156373.69,1,1,3,3,2,3191.2998,9,3,1,2,Spiral,351.73,194583.19
25,4,748609.52,1,3,2,2,1,29944.3808,4,1,1,2,Iterative,110.48,762878.03
30,18,600569.18,5,5,1,3,3,20018.9727,3,1,1,2,Agile,716.0,789062.81
13,21,1247180.64,2,2,2,3,3,95936.9723,6,4,1,2,Agile,271.49,1571255.09
3,39,304183.36,5,5,5,1,2,101394.4533,5,3,1,2,V-Model,124.05,350159.83
55,14,1202952.12,1,5,5,3,1,21871.8567,15,3,1,3,Spiral,754.41,1742551.79
68,34,970217.57,2,2,5,2,2,14267.9054,10,5,1,2,Spiral,1660.73,1200588.52
13,21,1059984.79,1,1,3,1,4,81537.2915,3,5,0,3,Iterative,203.49,1318990.18
80,32,1194152.32,2,4,5,3,3,14926.904,15,3,0,2,Spiral,3842.42,1352472.92
67,45,308537.54,4,3,5,2,1,4605.0379,10,3,1,1,V-Model,2635.93,389946.99
52,34,1197005.25,5,5,5,1,1,23019.3317,5,2,0,2,SAFe,1468.55,1400683.67
21,45,954156.03,3,2,5,3,4,45436.0014,15,3,1,3,Spiral,1565.0,1171720.18
65,38,334378.29,3,2,2,3,2,5144.2814,6,4,1,2,SAFe,1824.81,382102.68
50,25,14663.1,2,5,1,1,2,293.262,1,5,0,1,Scrum,548.69,19370.89
75,48,1114281.59,1,2,1,2,1,14857.0879,2,1,1,3,SAFe,3933.15,1544579.48
12,10,145032.98,4,4,2,3,3,12086.0817,6,2,0,2,Agile,146.72,168855.57
2,29,1322179.23,1,5,2,2,2,661089.615,4,2,0,2,Scrum,51.36,305812.2
40,30,328283.86,3,1,2,1,4,8207.0965,2,4,1,2,Iterative,816.55,431318.49
14,34,780407.51,1,1,4,3,4,55743.3936,12,1,0,2,Spiral,793.9,861402.56
30,39,164312.27,1,5,2,1,2,5477.0757,2,4,0,2,Scrum,746.92,212485.86
72,2,420826.01,1,2,2,3,3,5844.8057,6,1,1,2,SAFe,209.57,518606.41
71,21,309269.23,3,5,4,1,3,4355.9046,4,5,0,3,SAFe,1461.14,369134.46
62,39,575612.06,5,4,2,2,1,9284.0655,4,1,1,2,SAFe,2336.03,643223.45
17,24,160768.16,2,1,1,3,3,9456.9506,3,5,0,2,Iterative,279.15,207992.61
41,32,1284818.69,3,5,3,3,4,31337.0412,9,1,1,3,Spiral,2135.66,1550792.56
60,38,174862.8,1,5,1,3,3,2914.38,3,2,1,3,SAFe,3153.36,212051.57
35,6,130708.3,4,2,2,2,1,3734.5229,4,5,0,3,Agile,118.79,179875.59
37,28,349540.52,4,2,3,2,1,9447.0411,6,4,0,3,Waterfall,961.72,411003.77
45,29,1149461.0,5,1,1,3,2,25543.5778,3,1,1,1,Agile,1187.75,1385916.11
8,13,923604.09,4,5,5,1,3,115450.5112,5,2,0,1,Agile,129.67,1148796.51
39,36,325367.17,3,5,5,3,1,8342.7479,15,2,1,2,Spiral,1738.19,467053.66
4,29,320336.16,4,2,3,1,4,80084.04,3,5,1,1,Waterfall,60.32,397162.09
34,11,527573.79,2,1,4,1,2,15516.8762,4,2,0,3,Agile,436.94,630516.54
42,28,1482112.58,5,4,3,2,3,35288.3948,6,5,1,3,V-Model,899.05,1624251.08
8,17,1221140.65,3,1,1,1,4,152642.5812,1,4,1,2,Waterfall,93.92,536190.28
77,26,1256077.62,1,5,4,1,1,16312.6964,4,4,0,2,SAFe,1495.67,1540722.83
71,48,394141.66,4,1,5,1,4,5551.291,5,5,1,2,V-Model,2790.53,566539.95
34,23,1094535.22,1,2,2,2,1,32192.2124,4,4,1,2,Iterative,465.86,1458520.46
3,18,1350278.38,5,1,2,2,1,450092.7933,4,4,0,1,Waterfall,34.05,331250.48
33,16,1082545.58,2,2,2,1,3,32804.4115,2,5,0,1,Iterative,275.17,1283020.53
54,17,616381.73,4,4,3,1,1,11414.4765,3,5,1,3,SAFe,482.93,793992.91
73,31,197529.81,5,1,3,2,4,2705.8878,6,3,1,3,SAFe,2618.24,208287.08
36,13,1470639.06,4,2,5,3,2,40851.085,15,2,0,3,Spiral,850.68,1588787.71
46,21,1031158.68,2,1,5,2,1,22416.493,10,5,0,2,Iterative,771.04,1227172.87
38,2,122833.49,5,1,4,1,4,3232.4603,4,1,1,1,V-Model,75.16,140041.19
44,39,1210909.39,1,2,3,2,3,27520.668,6,2,0,1,Iterative,258.13,1083292.67
37,11,1307763.43,2,5,1,2,2,35344.9576,2,4,1,2,Scrum,254.95,1441155.36
41,25,1011091.87,4,1,2,3,1,24660.7773,6,2,1,2,Agile,822.02,1246248.33
48,22,264306.01,1,2,5,3,3,5506.3752,15,3,1,3,Spiral,1473.64,291506.09
40,4,115141.1,1,1,1,1,3,2878.5275,1,2,1,2,Iterative,172.58,137950.49
30,36,571647.19,4,2,4,1,2,19054.9063,4,4,1,1,Waterfall,679.54,8494250.0
20,22,423315.02,2,1,2,2,4,21165.751,4,1,0,3,Iterative,481.04,511750.16
11,1,419782.22,4,1,2,2,4,38162.02,4,1,1,2,V-Model,15.22,259824.41
15,3,1126797.76,2,4,5,3,1,75119.8507,15,3,0,2,Iterative,52.33,1137034.57
11,23,1214579.33,2,3,1,2,1,110416.3027,2,3,0,2,Agile,225.43,1456598.88
22,15,1160194.12,3,2,3,1,1,52736.0964,3,5,0,2,Agile,221.16,1414227.57
7,16,322214.56,3,1,5,2,2,46030.6514,10,2,1,3,V-Model,156.89,378796.71
27,17,128795.31,5,5,1,3,4,4770.1967,3,5,0,3,Scrum,414.07,151540.69
3,26,456725.84,5,4,3,2,3,152241.9467,6,4,0,2,XP,59.57,511985.91
17,10,193155.34,2,3,1,3,2,11362.0788,3,4,0,2,Iterative,144.7,252126.85
16,37,1519494.91,4,4,5,3,4,94968.4319,15,5,0,3,Spiral,672.95,1956264.18
45,46,692141.07,3,5,5,1,1,15380.9127,5,3,1,2,Scrum,1857.38,867106.36
21,24,1006069.9,5,3,1,2,1,47908.0905,2,2,1,1,Agile,438.84,1085208.94
63,29,557111.05,3,3,4,2,4,8843.0325,8,1,0,3,SAFe,3055.9,623947.13
33,3,814795.69,2,1,2,2,2,24690.7785,4,1,1,2,Agile,131.54,925763.49
29,2,437187.92,1,2,2,3,1,15075.4455,6,2,1,1,Iterative,50.56,526686.18
48,23,809829.14,1,1,3,1,2,16871.4404,3,1,1,3,Iterative,1062.7,1030200.4
70,24,46832.59,1,5,3,1,2,669.037,3,1,1,3,SAFe,1614.66,62267.17
60,21,902394.15,3,5,4,3,3,15039.9025,12,1,0,1,Spiral,1927.25,1144577.61
20,28,1252117.15,1,3,1,2,3,62605.8575,2,3,1,1,Iterative,379.85,1470323.39
69,45,723881.03,3,4,4,1,1,10491.0294,4,1,1,3,SAFe,2920.33,828420.02
64,3,733997.64,5,1,1,3,2,11468.7131,3,5,0,2,SAFe,137.63,869016.17
22,11,577578.65,5,5,4,2,3,26253.575,8,3,0,3,Scrum,304.21,662027.98
73,6,1094447.31,5,2,4,1,3,14992.4289,4,3,1,1,V-Model,481.47,1275349.03
57,47,1227406.65,3,2,4,1,4,21533.45,4,2,1,1,V-Model,2484.5,1355524.92
15,24,325872.07,4,1,3,1,3,21724.8047,3,3,1,1,V-Model,267.7,4350125.0
19,37,681602.5,1,1,5,2,3,35873.8158,10,4,1,3,Spiral,987.47,856252.86
68,5,1425791.94,2,3,4,2,2,20967.5285,8,5,1,2,Spiral,318.95,1533348.06
22,9,474088.4,1,3,3,3,2,21549.4727,9,4,0,1,Iterative,161.87,651414.02
43,26,419190.7,3,2,1,2,4,9748.6209,2,1,1,2,Iterative,1225.29,511029.91
57,27,815089.94,4,3,2,2,2,14299.8235,4,2,1,2,V-Model,1814.3,958512.58
5,37,787535.44,3,4,3,1,4,157507.088,3,4,1,2,Scrum,191.18,998615.52
51,40,171383.18,5,2,2,1,3,3360.4545,2,5,1,2,V-Model,1471.48,190915.09
69,37,833862.32,5,5,3,1,2,12084.9612,3,5,0,2,SAFe,1621.51,1099493.73
44,23,447096.05,5,1,3,3,2,10161.2739,9,2,1,1,Spiral,1264.88,487417.98
53,10,93523.02,1,5,5,2,2,1764.5853,10,2,1,2,Spiral,587.11,119744.94
2,36,1162252.94,2,5,3,1,3,581126.47,3,4,0,3,Scrum,81.47,1008782.91
71,22,760863.87,5,1,2,2,1,10716.3925,4,4,0,1,SAFe,904.27,952707.03
18,34,1044917.22,3,5,1,2,1,58050.9567,2,4,0,2,Scrum,290.42,1371393.01
17,21,31114.6,5,3,5,1,4,1830.2706,5,1,1,1,V-Model,384.48,44340.98
80,5,1226276.04,4,1,5,1,2,15328.4505,5,2,1,1,V-Model,418.89,1434768.56
20,8,1522156.67,3,1,4,1,2,76107.8335,4,3,1,1,Agile,127.04,1790197.57
58,11,234245.14,3,3,1,3,3,4038.7093,3,5,1,2,SAFe,552.02,284854.58
32,22,700163.08,3,4,1,3,2,21880.0962,3,4,1,2,Agile,474.1,793405.94
67,25,1452466.76,1,5,1,1,3,21678.6084,1,3,1,2,SAFe,1454.28,1712944.79
8,26,1356755.55,4,4,3,2,3,169594.4438,6,3,0,1,Agile,182.06,1573559.35
12,32,1029996.26,2,1,4,2,4,85833.0217,8,1,0,3,Agile,507.97,1329471.37
58,9,1315218.54,2,2,3,3,2,22676.1817,9,3,0,3,Spiral,789.56,1550289.27
42,44,1116727.3,5,3,2,2,1,26588.7452,4,3,0,2,Agile,1299.23,1315967.96
26,48,555968.84,5,1,5,2,3,21383.4169,10,1,1,3,V-Model,2249.51,648010.07
31,35,122160.92,2,3,1,2,1,3940.6748,2,2,0,1,Iterative,660.14,166631.51
27,27,180114.46,1,2,1,2,4,6670.9059,2,5,1,1,Agile,407.37,214450.68
25,12,1196865.09,1,1,5,2,1,47874.6036,10,2,0,1,Agile,308.45,1525540.6
14,6,311857.97,1,2,3,2,1,22275.5693,6,4,0,1,Iterative,55.6,378164.33
21,2,939645.62,1,5,5,1,3,44745.0295,5,3,0,1,RAD,41.57,662946.29
75,45,311446.64,5,2,4,3,2,4152.6219,12,5,0,1,Spiral,2274.32,387205.78
33,26,375598.97,4,4,3,3,2,11381.787,9,5,1,1,Spiral,576.51,431655.05
33,39,138771.63,4,5,4,3,1,4205.2009,12,1,1,3,Spiral,2017.66,147436.94
26,19,621260.35,2,1,1,3,4,23894.6288,3,4,1,3,Iterative,398.77,749197.44
55,42,276181.05,1,2,5,1,2,5021.4736,5,2,1,2,SAFe,2561.56,353761.67
66,26,1273184.74,1,5,2,2,2,19290.6779,4,4,1,3,SAFe,1361.13,1687351.02
73,4,493969.13,2,3,2,3,1,6766.7004,6,4,1,2,SAFe,230.38,578539.81
35,8,266606.7,2,5,1,1,3,7617.3343,1,1,1,3,Scrum,351.0,312425.1
23,21,820095.37,4,5,4,1,4,35656.3204,4,2,0,3,Waterfall,655.76,870660.26
51,45,639857.13,1,2,1,3,1,12546.2182,3,1,0,2,SAFe,2570.38,857353.58
44,33,1222094.95,3,3,3,3,3,27774.8852,9,5,0,1,Agile,1144.56,1260847.43
2,17,1476464.96,3,1,1,2,1,738232.48,2,1,0,2,Agile,30.78,226135.37
18,18,1439815.41,2,4,1,3,4,79989.745,3,3,0,2,Scrum,289.3,1630384.22
59,6,472723.45,3,3,4,1,2,8012.2619,4,3,0,2,SAFe,251.37,518727.75
32,45,495687.56,2,1,1,3,4,15490.2362,3,4,1,2,Iterative,1207.99,535893.97
8,47,1345515.54,3,2,5,3,1,168189.4425,15,5,1,2,Spiral,291.84,1561741.54
42,24,1471933.37,4,4,3,1,4,35046.0326,3,4,1,3,Scrum,910.95,1722432.26
5,6,794638.19,2,1,3,3,1,158927.638,9,1,1,2,Iterative,38.09,538221.95
74,24,438818.89,5,2,1,2,2,5929.985,2,3,1,3,SAFe,1746.16,499698.48
64,17,157307.36,5,3,1,1,2,2457.9275,1,4,1,2,SAFe,738.56,160254.88
41,41,130079.16,1,1,3,2,2,3172.6624,6,2,1,1,Spiral,1535.03,163595.6
76,38,684534.98,1,3,3,3,1,9007.0392,9,3,1,3,SAFe,2522.24,886266.64
77,3,1466795.48,2,5,4,1,3,19049.2919,4,2,0,2,SAFe,233.04,1565585.34
53,2,748398.01,2,1,4,2,2,14120.7172,8,4,1,2,SAFe,74.0,805268.78
32,44,720914.96,4,5,1,3,1,22528.5925,3,1,0,3,Scrum,1610.94,802582.54
54,41,319540.43,1,2,1,2,4,5917.4154,2,3,0,3,SAFe,2367.22,461105.04
12,35,1497677.03,4,3,1,1,3,124806.4192,1,5,0,3,Waterfall,329.17,1562230.3
23,23,872213.8,3,5,2,3,4,37922.3391,6,3,0,3,Scrum,523.67,985834.41
19,38,1307520.24,1,1,1,3,4,68816.8547,3,1,1,3,Iterative,1033.27,1486128.62
40,29,1402319.06,5,3,5,1,4,35057.9765,5,5,0,3,Waterfall,1126.01,1812174.38
25,37,1147112.18,1,1,3,2,1,45884.4872,6,1,1,2,Iterative,850.93,1305474.09
41,45,597027.14,3,2,4,2,2,14561.6376,8,1,1,3,Spiral,2253.02,763176.26
53,12,182536.04,4,1,2,3,3,3444.0762,6,2,0,1,Agile,718.26,198781.35
10,10,65595.23,5,2,1,2,4,6559.523,2,1,1,2,Waterfall,104.06,69455.21
78,37,620000.05,1,1,3,3,4,7948.7186,9,5,0,3,Spiral,2852.93,841375.94
48,5,698381.71,4,4,2,2,1,14549.619,4,5,1,2,Scrum,129.38,876981.54
32,16,1215956.25,4,4,3,2,3,37998.6328,6,4,0,1,Scrum,430.75,1381298.61
51,35,861332.23,2,3,4,3,4,16888.8673,12,4,1,3,Spiral,1917.44,1054305.19
14,28,640266.81,5,5,5,1,4,45733.3436,5,4,0,1,Waterfall,324.67,765914.67
32,18,1291794.45,3,2,5,1,3,40368.5766,5,2,1,2,Agile,624.02,1633334.79
61,11,773918.07,1,2,3,1,1,12687.1815,3,4,1,1,Iterative,368.48,941754.43
17,31,609412.7,1,1,3,2,2,35847.8059,6,2,1,3,Iterative,617.83,724552.15
40,5,1127218.33,2,2,4,3,2,28180.4583,12,5,0,1,Spiral,203.21,1193982.1
77,26,12559.22,5,3,4,2,1,163.1068,8,3,1,1,V-Model,1419.06,14489.34
67,42,1439379.61,2,2,3,1,1,21483.2778,3,2,1,1,Iterative,2533.73,1686353.05
60,17,956473.93,2,3,1,3,3,15941.2322,3,1,1,1,Iterative,1211.17,1134401.82
17,46,1325238.23,2,1,5,2,3,77955.19,10,3,0,3,Iterative,1029.31,1516947.74
11,10,590373.76,4,2,3,1,2,53670.3418,3,4,1,1,Waterfall,67.21,592062.1
10,4,90748.77,3,3,3,1,2,9074.877,3,3,0,2,RAD,28.19,295995.0
36,24,608999.18,5,1,5,3,1,16916.6439,15,3,1,1,Spiral,684.81,813293.97
77,42,500410.4,4,3,3,1,1,6498.8364,3,4,0,2,SAFe,1926.95,595020.75
33,37,1003610.5,5,5,2,2,1,30412.4394,4,3,1,3,Scrum,1086.11,1236895.83
59,27,1282008.47,3,2,2,1,3,21728.9571,2,3,0,2,SAFe,1407.32,1769924.28
33,35,61417.9,3,2,1,2,3,1861.1485,2,5,0,3,Agile,971.18,72384.48
73,6,192445.5,5,1,4,1,3,2636.2397,4,1,0,1,SAFe,525.04,208970.69
11,26,1455282.18,4,3,2,1,4,132298.38,2,3,0,1,Waterfall,200.1,1017745.6
74,15,437657.3,4,2,2,1,4,5914.2878,2,3,1,1,SAFe,867.1,534709.01
80,32,606372.72,3,5,3,1,2,7579.659,3,1,0,1,SAFe,2065.15,767394.7
51,43,389891.61,4,5,3,1,3,7644.9335,3,1,0,3,SAFe,2618.57,494965.64
73,36,1171070.04,2,2,3,3,1,16042.0553,9,3,1,1,Spiral,406.16,1051198.75
28,41,1261596.66,5,5,3,1,4,45057.0236,3,4,0,2,Waterfall,757.43,1638357.32
52,47,329257.61,4,4,3,1,2,6331.8771,3,2,0,3,SAFe,2644.4,481750.61
20,16,371331.83,4,2,5,3,2,18566.5915,15,1,1,1,Spiral,409.82,404918.59
61,12,392817.61,4,4,4,2,2,6439.633,8,1,0,3,SAFe,975.76,519430.43
33,4,419360.84,5,4,3,2,4,12707.9042,6,1,1,2,RAD,148.6,435571.55
4,12,100076.01,3,5,4,2,1,25019.0025,8,5,0,1,XP,28.98,452812.5
78,39,854223.56,5,2,2,2,2,10951.5841,4,3,0,1,Waterfall,1149.89,196624.79
9,37,1141911.21,3,2,5,3,3,126879.0233,15,2,0,1,Spiral,456.12,1424521.05
56,25,307265.73,5,1,5,1,3,5486.888,5,2,1,3,V-Model,2048.89,375270.94
5,38,188796.01,2,2,1,3,4,37759.202,3,4,0,3,Iterative,199.88,210813.2
25,2,91347.8,2,5,5,1,2,3653.912,5,2,1,2,RAD,42.06,130085.18
10,37,677029.11,5,2,5,2,2,67702.911,10,1,0,3,Agile,508.07,880328.63
70,17,1229608.24,1,2,1,2,4,17565.832,2,2,0,3,SAFe,1144.42,1398050.82
52,24,1017709.84,2,4,4,3,4,19571.3431,12,5,0,1,Spiral,951.11,1242201.22
31,10,112265.54,2,2,1,1,4,3621.469,1,5,0,2,Iterative,188.35,163122.05
56,7,133545.71,2,5,5,3,3,2384.7448,15,5,0,3,Spiral,552.56,172653.23
24,44,140878.31,5,3,2,3,4,5869.9296,6,4,0,1,Spiral,878.94,168507.0
18,24,406615.62,3,1,5,1,3,22589.7567,5,5,1,1,V-Model,345.95,7027109.38
51,40,1295587.36,5,1,4,2,1,25403.6737,8,3,1,1,V-Model,83.29,912870.82
22,36,619911.8,4,1,1,3,3,28177.8091,3,4,1,2,Agile,785.71,666293.24
51,36,703311.03,3,1,5,3,1,13790.4124,15,4,0,2,Spiral,1619.63,871252.36
61,16,717034.83,1,4,5,3,3,11754.6693,15,2,1,2,Spiral,1452.1,766787.15
28,5,192144.36,2,1,5,1,2,6862.2986,5,4,1,1,Iterative,105.07,223586.39
45,41,219496.34,1,2,5,3,1,4877.6964,15,5,0,2,Spiral,1569.42,248433.05
4,9,94456.83,1,5,4,1,1,23614.2075,4,4,0,1,XP,17.55,219375.0
67,31,1513017.43,3,2,4,3,2,22582.3497,12,5,1,3,Spiral,2194.14,1681310.55
4,12,1073224.22,2,4,1,2,1,268306.055,2,5,1,3,XP,27.88,245424.56
2,25,293688.94,1,3,4,2,4,146844.47,8,4,0,2,Agile,52.66,345842.26
61,43,929839.77,4,3,2,1,1,15243.2749,2,1,0,2,SAFe,2614.25,1115469.46
50,48,908520.96,5,2,3,2,4,18170.4192,6,5,0,1,Agile,1805.15,1055091.45
23,27,1394686.95,3,1,1,2,4,60638.563,2,4,1,2,Iterative,520.23,1639993.83
20,24,400842.6,3,2,4,2,4,20042.13,8,5,0,2,Agile,457.0,6569375.0
71,2,968652.31,4,3,4,2,3,13642.9903,8,1,0,3,SAFe,251.01,1174819.75
35,45,502621.18,5,2,4,3,4,14360.6051,12,4,0,1,Spiral,1358.39,631171.99
21,18,573217.74,4,2,1,3,2,27296.0829,3,2,1,2,Agile,346.59,736641.9
46,22,297701.15,3,3,1,1,1,6471.7641,1,1,0,1,Waterfall,761.58,312326.0
13,10,433743.78,1,3,3,3,4,33364.9062,9,1,0,2,Spiral,214.84,504575.58
56,5,1219601.53,1,5,5,1,1,21778.5988,5,1,0,1,Scrum,243.99,1493655.93
63,41,1342185.96,4,4,1,1,1,21304.539,1,2,0,1,Waterfall,2141.33,1630703.02
69,24,411613.89,5,4,5,3,4,5965.4187,15,1,0,2,Spiral,2721.46,475975.06
7,41,288033.81,4,3,4,3,1,41147.6871,12,4,0,2,Spiral,238.96,322130.36
14,7,1067790.42,3,2,5,3,2,76270.7443,15,4,0,2,Spiral,101.21,1190577.43
30,38,998099.36,5,2,5,1,1,33269.9787,5,2,0,2,Waterfall,1161.46,1163111.42
5,40,162852.38,5,2,3,2,4,32570.476,6,3,1,3,Agile,199.37,233534.57
30,5,925123.9,1,2,3,2,1,30837.4633,6,5,0,1,Iterative,108.47,1091751.31
69,8,1058925.52,1,4,4,3,2,15346.7467,12,1,0,2,SAFe,728.13,1299823.5
39,44,1012044.72,4,3,4,3,3,25949.8646,12,4,0,3,Spiral,2383.75,1261445.87
18,12,573298.75,3,3,4,3,3,31849.9306,12,5,0,1,Agile,172.5,596875.67
60,32,692885.42,2,3,3,3,2,11548.0903,9,1,0,3,Spiral,3052.51,763486.33
29,35,83480.98,2,4,2,3,3,2878.6545,6,2,1,2,Spiral,1459.47,94399.76
45,24,362499.24,2,5,1,1,2,8055.5387,1,4,0,1,Scrum,608.07,404669.32
28,12,439904.73,3,4,2,3,1,15710.8832,6,4,0,1,Scrum,217.38,562028.63
2,42,1315981.14,2,2,2,3,3,657990.57,6,2,0,2,Iterative,110.57,805232.07
27,25,438649.62,1,3,2,3,4,16246.2822,6,1,0,2,Iterative,881.19,473476.55
4,25,344070.15,4,2,1,1,1,86017.5375,1,3,1,3,Waterfall,82.04,362672.04
63,13,898145.91,2,2,2,1,4,14256.2843,2,2,0,3,SAFe,899.91,1170797.68
71,37,1167207.33,5,5,2,2,4,16439.5399,4,5,1,1,V-Model,1760.75,1643420.45
55,40,1145780.54,2,4,5,1,4,20832.3735,5,2,0,2,SAFe,2644.14,1454543.7
38,27,1062737.74,5,1,3,1,4,27966.7826,3,1,1,1,V-Model,980.7,1226468.22
29,14,479493.39,3,3,4,3,4,16534.2548,12,2,1,2,Agile,436.03,597851.24
21,35,949899.57,4,3,3,2,4,45233.3129,6,3,0,1,Scrum,763.08,1207134.52
34,45,609935.66,5,3,3,3,4,17939.2841,9,1,0,3,Spiral,2550.78,731058.51
61,21,576471.85,1,4,3,3,4,9450.3582,9,1,0,2,SAFe,1400.93,629855.84
40,25,1327577.3,1,2,1,2,1,33189.4325,2,5,0,3,Scrum,725.96,1567465.8
10,35,83838.44,1,4,2,2,1,8383.844,4,4,1,3,Scrum,243.66,85933.81
42,12,280382.93,1,4,5,2,4,6675.784,10,2,0,2,Iterative,720.0,285711.93
30,21,796072.86,3,5,4,3,2,26535.762,12,5,1,1,Spiral,433.64,974060.38
58,24,773883.74,3,5,1,1,3,13342.8231,1,2,1,3,SAFe,1683.71,986449.62
28,48,522846.36,3,4,2,2,1,18673.0843,4,3,0,3,Scrum,1321.41,627931.43
24,36,314496.17,4,1,5,2,1,13104.0071,10,5,0,3,Agile,708.77,384555.01
6,8,945397.21,4,4,2,3,1,157566.2017,6,4,0,1,Agile,27.9,223937.26
11,9,1242162.64,4,5,3,2,1,112923.8764,6,4,1,1,V-Model,57.75,978229.4
56,34,894362.19,2,3,4,1,3,15970.7534,4,3,0,1,Agile,2004.28,1041717.58
57,2,453880.92,5,5,2,2,1,7962.8232,4,2,0,2,SAFe,110.98,535419.0
78,8,1141117.68,3,5,5,1,3,14629.7138,5,4,0,3,SAFe,663.07,1406775.15
27,36,982595.12,3,3,2,1,3,36392.4119,2,5,1,2,Scrum,692.45,1188032.02
71,48,76952.21,3,2,4,1,1,1083.8339,4,3,0,1,SAFe,2245.73,76816.14
31,35,48828.9,5,2,3,1,2,1575.1258,3,4,1,3,V-Model,763.65,63041.61
16,16,162435.89,5,2,3,2,4,10152.2431,6,3,0,1,Waterfall,292.53,187070.68
9,24,1009310.58,5,1,1,2,1,112145.62,2,2,1,1,Waterfall,152.28,994051.31
70,16,886826.32,5,5,3,2,2,12668.9474,6,5,0,2,SAFe,1033.64,1091363.34
27,46,1025729.83,1,3,2,1,4,37989.9937,2,3,0,1,Scrum,708.57,1256156.32
15,20,87196.45,3,5,4,3,4,5813.0967,12,3,1,2,Spiral,407.57,118801.8
22,19,554463.35,3,1,2,2,4,25202.8795,4,5,0,2,Agile,313.61,709474.35
57,28,567158.43,3,1,1,1,4,9950.1479,1,1,1,2,SAFe,1631.15,621891.82
60,28,883270.5,1,1,5,1,3,14721.175,5,3,0,1,Iterative,1853.89,1051305.16
65,40,938414.67,1,5,4,2,3,14437.1488,8,4,0,2,SAFe,2537.24,1099377.91
44,5,885498.34,2,2,1,2,1,20124.9623,2,3,1,2,Iterative,170.87,941524.13
10,42,29553.34,2,5,1,1,2,2955.334,1,5,0,3,Scrum,312.75,37594.54
41,39,1260414.14,4,2,5,2,4,30741.8083,10,3,0,2,Agile,233.69,3359293.75
21,42,951191.95,3,2,4,1,1,45294.8548,4,2,0,1,Waterfall,650.7,954287.37
41,24,500986.12,2,5,3,3,1,12219.1737,9,2,0,1,Scrum,732.05,668717.06
4,25,1485585.28,5,3,2,2,4,371396.32,4,5,0,2,XP,74.27,947890.88
46,18,478220.56,4,2,2,1,1,10396.0991,2,1,0,3,Waterfall,813.73,608533.62
19,20,537701.67,2,2,1,3,3,28300.0879,3,4,1,1,Iterative,342.03,748638.17
56,31,43125.89,3,2,5,2,1,770.1052,10,4,0,1,Agile,1137.15,56818.82
72,41,1496850.6,1,4,3,2,4,20789.5917,6,3,1,1,SAFe,2640.76,1491167.11
61,22,267429.98,4,5,4,2,3,4384.098,8,4,0,3,SAFe,1719.47,310123.05
11,47,219690.4,2,3,1,2,1,19971.8545,2,3,0,1,Scrum,276.48,305913.22
69,30,1070143.52,5,3,2,3,2,15509.3264,6,4,1,2,SAFe,1536.67,1244987.3
38,15,262053.65,4,5,2,3,3,6896.1487,6,5,1,3,Scrum,543.7,296861.96
55,4,844827.49,1,2,5,2,2,15360.4998,10,2,1,3,Spiral,289.4,952657.83
58,46,159948.47,5,4,4,1,4,2757.7322,4,1,1,2,V-Model,2919.4,196145.79
66,2,164145.6,4,3,4,1,1,2487.0545,4,4,0,2,SAFe,87.16,211467.74
25,16,188704.07,1,3,3,1,2,7548.1628,3,3,0,3,Scrum,386.9,216530.16
76,32,760762.21,4,4,5,2,1,10010.0291,10,4,0,2,SAFe,1815.69,991538.6
53,33,457201.08,3,5,1,3,1,8626.4355,3,4,1,2,SAFe,1497.12,578861.16
47,42,1431226.79,1,4,4,3,4,30451.6338,12,3,0,3,Spiral,440.5,1445007.51
37,29,781470.97,2,2,4,3,1,21120.837,12,1,1,2,Spiral,1546.45,892814.26
74,9,1100850.9,5,1,5,3,4,14876.3635,15,4,1,3,Spiral,983.71,1460783.16
64,2,1410435.65,3,4,5,3,3,22038.057,15,4,1,1,Spiral,161.63,1870440.24
17,36,327798.84,5,5,3,3,1,19282.2847,9,4,0,2,Agile,575.0,417652.47
50,43,1269502.41,3,2,2,1,4,25390.0482,2,5,0,3,Agile,81.94,417831.59
30,48,888680.92,2,1,5,3,3,29622.6973,15,5,1,1,Spiral,1368.9,37216968.75
28,23,1277960.51,3,2,4,1,3,45641.4468,4,1,1,1,Agile,646.61,1497592.79
55,37,1422479.8,4,2,5,2,4,25863.2691,10,5,1,2,V-Model,2125.81,1573258.3
13,45,1404407.54,2,4,3,2,2,108031.3492,6,5,1,1,Spiral,395.35,1883275.21
72,48,766924.25,1,2,5,2,2,10651.7257,10,3,0,2,SAFe,3718.45,1047632.56
37,22,450113.65,3,5,5,1,2,12165.2338,5,4,0,1,Waterfall,562.58,545528.32
38,42,1172684.1,5,3,1,2,4,30860.1079,2,2,0,3,Scrum,1658.68,1424883.67
15,38,812360.32,2,4,3,2,1,54157.3547,6,4,0,2,Scrum,381.97,1101714.7
57,11,679811.84,5,3,3,3,3,11926.5235,9,4,1,2,SAFe,652.95,856727.35
69,20,519774.41,2,2,4,3,4,7532.9625,12,5,1,1,Spiral,1196.32,628653.55
3,8,404341.64,1,3,1,3,1,134780.5467,3,1,0,1,Scrum,23.28,192757.41
61,22,1112978.18,4,4,5,1,4,18245.5439,5,2,0,2,SAFe,1233.76,1354008.95
76,45,1107177.88,3,3,1,2,4,14568.13,2,4,1,3,SAFe,2914.72,1380197.51
65,32,740777.47,4,2,3,3,3,11396.5765,9,2,0,3,SAFe,2895.39,960961.9
72,32,664505.97,2,2,2,3,4,9229.2496,6,4,0,1,Spiral,2327.77,765458.68
30,48,775140.57,4,2,5,2,3,25838.019,10,5,1,1,V-Model,1210.95,29516906.25
22,22,1288783.6,4,5,4,1,2,58581.0727,4,4,0,2,Waterfall,334.79,1628062.21
78,20,673445.54,3,1,4,2,3,8633.9172,8,2,1,3,Spiral,2087.06,812489.97
76,43,1339292.45,2,1,3,1,2,17622.2691,3,5,1,1,SAFe,1498.61,1488438.72
30,48,943363.97,2,1,4,3,3,31445.4657,12,5,1,1,Spiral,1368.9,37216968.75
72,10,1255712.92,3,3,4,3,2,17440.4572,12,2,1,2,Spiral,1012.66,1411001.29
10,8,1071503.46,5,4,2,1,2,107150.346,2,3,1,2,Waterfall,59.99,333386.65
44,7,865588.27,2,2,3,3,1,19672.4607,9,1,0,2,Spiral,392.91,1013065.85
80,35,1283165.38,1,5,5,2,3,16039.5672,10,5,1,3,Spiral,2966.45,1438861.46
34,29,581266.82,1,2,5,3,4,17096.0829,15,5,1,3,Spiral,991.91,747289.74
32,4,977697.16,2,3,1,2,1,30553.0362,2,3,0,1,Iterative,94.0,495747.6
36,43,1495937.93,5,4,3,3,4,41553.8314,9,5,1,3,Scrum,1665.38,1719309.89
36,30,1355351.18,1,2,1,3,1,37648.6439,3,2,1,2,Iterative,1138.09,1805222.07
69,16,968340.65,1,2,3,3,1,14033.9225,9,5,1,2,Spiral,1084.76,1191262.04
53,24,1355159.33,3,4,3,2,1,25569.044,6,2,1,1,Spiral,1158.2,1423931.49
32,2,65970.33,3,2,5,1,2,2061.5728,5,1,1,1,V-Model,57.12,89005.2
76,21,935063.96,3,1,1,3,2,12303.4732,3,4,0,1,SAFe,1091.51,1107605.77
44,5,729219.87,3,5,2,3,2,16573.1789,6,2,1,2,Scrum,191.29,729471.75
25,3,542429.32,3,1,1,2,2,21697.1728,2,4,0,3,Agile,68.07,415148.24
61,6,780980.21,1,3,2,3,1,12802.9543,6,1,0,2,SAFe,405.13,990741.0
7,47,706853.53,2,1,5,1,1,100979.0757,5,3,0,3,Iterative,360.87,797372.36
17,27,1115095.2,1,2,1,3,4,65593.8353,3,1,0,2,Iterative,647.34,1287059.21
42,29,254036.36,4,2,4,1,1,6048.4848,4,4,1,2,V-Model,998.73,270989.06
29,31,936536.05,4,5,5,1,1,32294.3466,5,4,0,2,Waterfall,644.25,1070245.79
57,37,54153.67,5,2,3,3,4,950.0644,9,2,0,3,SAFe,2424.57,69887.2
19,11,1328136.81,2,1,2,1,3,69901.9374,2,1,0,1,Iterative,238.64,1537228.12
50,8,705635.45,3,1,3,3,4,14112.709,9,5,1,3,SAFe,376.61,737968.41
63,41,1184225.36,5,3,3,1,4,18797.2279,3,1,1,2,V-Model,1993.45,1247658.79
78,11,1094072.98,2,2,2,2,4,14026.5767,4,3,0,2,SAFe,944.16,1120917.92
30,12,175309.21,5,3,5,1,4,5843.6403,5,1,1,3,V-Model,486.57,214599.01
19,8,794886.42,2,1,3,1,3,41836.1274,3,4,0,1,Iterative,112.06,978981.69
38,18,779202.84,4,1,3,1,1,20505.3379,3,5,0,2,Waterfall,379.66,950212.47
6,37,773960.98,3,2,1,2,4,128993.4967,2,1,1,3,Scrum,286.91,915812.6
10,30,50293.87,2,2,5,3,4,5029.387,15,3,0,3,Spiral,454.61,69225.97
69,2,409263.43,5,2,4,2,3,5931.3541,8,5,1,2,V-Model,111.26,564577.41
25,7,1103989.81,5,3,1,2,4,44159.5924,2,2,0,2,Agile,183.09,937906.36
40,31,1035192.27,4,5,3,3,3,25879.8068,9,2,1,1,Spiral,1496.43,1131166.63
63,9,1040991.95,3,3,2,1,1,16523.6817,2,1,0,2,SAFe,507.26,1283172.17
27,15,1279414.33,4,4,4,1,1,47385.7159,4,3,1,1,V-Model,281.69,1364858.71
77,5,51781.15,1,5,4,1,3,672.4825,4,1,0,1,SAFe,401.96,64712.82
64,21,725503.23,4,3,2,1,3,11335.988,2,5,1,3,SAFe,935.64,875765.96
7,26,1099373.0,1,3,3,3,2,157053.2857,9,1,0,3,Spiral,222.23,1261622.33
42,13,1167949.39,1,5,3,2,2,27808.3188,6,4,0,2,Scrum,545.17,1360680.23
41,3,190625.33,1,2,5,1,4,4649.3983,5,2,1,1,RAD,108.01,219568.41
18,22,745246.05,3,5,1,2,1,41402.5583,2,4,0,3,Scrum,327.36,974624.93
54,29,349275.04,5,1,4,2,4,6468.0563,8,1,1,2,V-Model,1972.9,393868.26
20,23,411253.03,5,5,1,1,4,20562.6515,1,5,1,2,Waterfall,267.09,494961.86
18,28,1042352.2,3,3,3,1,1,57908.4556,3,2,0,3,Scrum,475.44,1126202.77
37,27,1183610.41,2,2,3,3,3,31989.4705,9,3,1,1,Iterative,841.47,1341922.69
61,6,182670.91,1,2,4,1,3,2994.6051,4,2,0,2,SAFe,415.17,238861.03
76,1,1294052.3,3,5,4,1,2,17027.0039,4,4,0,3,SAFe,66.47,874519.63
52,23,1249216.28,3,2,1,3,3,24023.39,3,2,0,2,SAFe,1125.39,1390966.31
26,27,1178567.2,2,2,2,3,3,45329.5077,6,3,0,1,Spiral,788.58,1413481.21
76,25,252310.49,1,2,3,1,4,3319.8749,3,3,0,2,SAFe,1459.81,271523.4
64,16,974948.13,1,2,4,1,2,15233.5645,4,3,0,2,SAFe,821.42,1438980.75
50,46,1128013.52,5,4,5,2,3,22560.2704,10,5,0,1,Agile,1964.93,1522094.06
37,2,252778.26,3,5,3,3,4,6831.8449,9,3,1,2,Scrum,80.13,330142.06
51,33,549596.58,3,1,3,2,3,10776.4035,6,5,1,2,SAFe,1418.33,589160.47
56,16,1049827.97,4,5,5,1,4,18746.928,5,3,0,1,Waterfall,741.31,1161908.98
39,48,90297.41,5,1,2,1,1,2315.3182,2,3,0,1,Waterfall,895.31,108507.92
26,30,307624.22,3,4,3,1,3,11831.7008,3,5,1,3,Scrum,697.8,356439.93
72,10,855737.81,2,1,3,3,1,11885.2474,9,5,0,2,SAFe,553.16,1139199.79
15,17,395036.72,4,2,4,3,1,26335.7813,12,2,1,2,Spiral,279.58,473516.11
69,34,1378144.25,1,4,1,1,4,19973.1051,1,3,0,3,SAFe,2327.74,1628692.65
43,9,28124.7,2,5,1,1,3,654.0628,1,1,1,1,Scrum,360.79,33693.91
71,2,978620.64,2,3,1,3,3,13783.3893,3,5,0,3,SAFe,124.69,776736.94
42,32,793932.42,3,1,3,1,2,18903.1529,3,1,0,2,Iterative,1439.32,816387.24
18,38,1112196.14,4,3,5,3,1,61788.6744,15,2,1,2,Spiral,739.34,1388712.35
8,32,146534.37,3,5,3,2,4,18316.7962,6,3,1,1,V-Model,317.23,151875.36
12,47,228023.42,4,3,4,1,1,19001.9517,4,5,0,2,Waterfall,334.01,243869.84
52,24,1436861.36,4,2,3,3,4,27631.9492,9,2,0,2,Spiral,2075.03,1663592.9
72,2,551887.13,2,5,3,2,3,7665.099,6,2,0,2,SAFe,180.14,680752.11
51,32,591717.52,1,1,2,1,4,11602.3043,2,2,1,2,SAFe,1607.85,728163.8
48,23,1152297.3,1,5,5,1,3,24006.1938,5,4,0,3,Scrum,883.7,1213725.66
43,18,74963.84,2,3,2,2,3,1743.3451,4,4,1,1,Scrum,671.33,97398.07
25,24,627690.31,4,3,1,3,2,25107.6124,3,3,0,3,Scrum,617.3,758003.9
68,30,449072.35,1,3,4,3,4,6604.0051,12,4,0,1,Spiral,1951.3,561124.28
65,18,843078.1,1,3,2,3,2,12970.4323,6,2,0,2,SAFe,1041.78,1114646.63
40,38,22951.22,2,1,4,1,4,573.7805,4,4,0,2,Iterative,1313.36,26143.61
74,23,530900.52,5,2,4,1,1,7174.3314,4,1,0,3,SAFe,1721.32,549856.35
25,3,1016551.34,5,3,4,1,1,40662.0536,4,5,1,2,V-Model,55.34,1179360.13
32,4,1504870.24,5,5,2,1,2,47027.195,2,1,1,2,V-Model,125.72,1680019.72
70,22,1155266.04,5,2,1,3,1,16503.8006,3,1,1,1,SAFe,1464.84,1395233.74
62,26,788202.52,4,4,4,1,4,12712.9439,4,2,1,3,SAFe,1809.75,900096.44
74,12,439249.1,2,3,1,3,4,5935.7986,3,1,0,1,SAFe,996.18,497163.89
41,27,1131292.99,2,4,3,2,4,27592.512,6,5,0,2,Agile,1019.43,1319384.49
51,35,420761.05,5,4,3,1,2,8250.2167,3,2,0,1,Waterfall,1377.84,557790.99
71,29,1087480.68,5,4,1,1,1,15316.6293,1,1,1,2,SAFe,1563.54,1293480.09
66,39,1408963.36,1,4,1,3,2,21347.9297,3,5,0,1,Scrum,1736.81,1586991.36
13,48,409615.35,4,4,5,1,4,31508.8731,5,1,1,2,V-Model,661.98,480992.99
8,33,247790.08,3,4,3,2,4,30973.76,6,2,1,3,Scrum,307.86,375961.13
8,20,124377.47,1,1,3,2,4,15547.1838,6,2,0,2,Iterative,160.74,1768140.0
2,9,247467.08,5,4,4,1,1,123733.54,4,3,1,3,V-Model,15.74,269195.92
50,40,660425.95,2,1,5,2,4,13208.519,10,3,1,2,Spiral,2686.45,846156.22
51,35,455118.69,5,5,5,2,1,8923.8959,10,5,0,1,Scrum,1270.9,502423.27
68,23,156316.23,1,3,3,1,2,2298.7681,3,5,0,3,SAFe,982.73,199911.58
11,2,739650.23,3,1,3,1,2,67240.93,3,3,1,3,V-Model,21.34,457599.29
39,29,1379502.15,4,4,5,2,3,35371.85,10,5,1,3,V-Model,1139.69,1612130.65
25,36,696270.33,2,2,5,3,3,27850.8132,15,5,1,1,Spiral,798.53,18091695.31
59,2,775439.93,5,4,1,3,3,13143.0497,3,3,0,2,SAFe,142.7,1065645.71
72,32,504090.03,4,2,4,3,1,7001.2504,12,3,0,2,Spiral,1937.21,576365.95
16,37,794773.07,5,3,4,2,1,49673.3169,8,5,0,2,Agile,517.3,847564.61
37,4,808813.78,4,3,5,1,4,21859.8319,5,4,1,2,RAD,100.33,984813.4
25,46,512005.88,4,5,2,2,4,20480.2352,4,3,0,2,Scrum,1181.58,627072.88
19,42,580631.68,4,3,1,3,2,30559.5621,3,1,0,2,Agile,972.54,792809.92
53,22,369522.61,3,4,5,1,2,6972.1247,5,5,1,3,V-Model,898.18,419817.75
75,22,1173319.86,4,4,2,2,2,15644.2648,4,3,0,1,SAFe,1145.01,1487453.6
47,23,703232.38,5,2,5,3,2,14962.3911,15,4,0,2,Spiral,1041.4,863716.35
68,47,858463.32,2,2,3,3,3,12624.4606,9,1,1,2,SAFe,3967.22,973556.59
6,35,895959.33,1,1,2,1,2,149326.555,2,4,0,2,Iterative,134.97,1047891.42
59,3,1281178.7,5,2,5,1,3,21714.8932,5,1,1,3,V-Model,254.97,1563907.54
60,20,1174672.27,5,1,5,3,2,19577.8712,15,5,1,3,Spiral,1341.9,1366699.55
20,45,1225200.33,3,5,3,2,1,61260.0165,6,2,1,1,Scrum,836.14,1438697.59
70,5,1417087.77,2,5,4,2,4,20244.111,8,5,0,3,SAFe,318.78,1609233.36
65,42,1443321.34,4,1,3,3,2,22204.9437,9,1,0,3,Spiral,3646.55,1675314.53
31,36,767069.62,1,2,1,2,1,24744.1813,2,5,0,1,Iterative,616.07,917788.85
59,40,926091.01,2,2,1,3,2,15696.4578,3,2,1,1,Iterative,838.46,368550.84
31,23,1139200.17,5,4,1,1,1,36748.3926,1,1,0,1,Waterfall,457.48,1519106.29
36,13,647470.49,3,2,5,1,1,17985.2914,5,1,1,3,Agile,552.23,763333.11
51,12,692023.35,4,4,3,3,1,13569.0853,9,1,0,1,Agile,542.91,1000190.03
62,23,286601.59,1,4,5,1,3,4622.6063,5,2,0,1,Scrum,1435.49,325089.74
45,26,1127899.04,4,3,4,1,2,25064.4231,4,1,0,3,Waterfall,1427.85,1421234.0
5,30,183926.33,3,2,2,3,2,36785.266,6,2,1,3,Agile,168.95,232634.23
12,1,406522.17,5,2,2,1,2,33876.8475,2,1,0,2,RAD,10.9,59170.37
40,36,1407765.6,5,1,4,3,2,35194.14,12,2,1,1,Spiral,1640.88,1529416.24
53,44,961436.43,5,3,4,3,3,18140.31,12,2,0,1,Spiral,3625.93,1171517.59
18,22,975110.48,2,4,5,2,2,54172.8044,10,3,1,2,Spiral,404.57,1140230.46
39,21,1393917.11,5,1,5,2,2,35741.4644,10,1,0,3,Waterfall,1077.74,1540622.11
63,40,1188928.97,1,3,3,2,4,18871.8884,6,3,0,2,Iterative,160.74,1768140.0
52,37,883981.46,2,4,5,2,3,16999.6435,10,2,0,3,SAFe,2506.05,960277.66
41,42,939074.59,1,5,2,3,2,22904.2583,6,3,1,1,Spiral,1698.77,1095805.34
12,44,388505.28,4,4,4,3,4,32375.44,12,2,1,3,Spiral,890.46,492476.48
57,6,419831.0,4,1,2,2,1,7365.4561,4,4,0,1,Agile,227.86,523817.86
40,47,1525112.57,2,3,4,1,4,38127.8143,4,4,1,1,Scrum,1604.14,1949778.46
2,24,1248816.96,2,3,1,1,1,624408.48,1,1,0,2,Agile,38.61,203233.87
35,38,64365.87,1,1,4,1,4,1839.0249,4,1,1,3,Iterative,1557.88,88436.8
70,43,788587.76,2,1,4,1,1,11265.5394,4,2,0,2,SAFe,2648.67,885089.66
32,37,254510.99,4,1,3,1,2,7953.4684,3,5,0,2,Waterfall,790.12,316542.16
44,27,627458.19,5,5,4,1,2,14260.4134,4,4,0,3,Waterfall,879.58,765561.35
3,14,1110787.7,4,1,4,3,1,370262.5667,12,2,0,3,Spiral,56.86,1256343.98
59,9,205785.47,1,2,2,3,3,3487.8893,6,5,1,2,SAFe,534.44,244059.39
33,48,23696.93,5,4,2,2,3,718.0888,4,2,1,3,Scrum,2038.77,26234.82
26,18,811952.28,5,2,2,2,3,31228.9338,4,3,1,3,V-Model,617.79,838103.97
51,5,507303.83,3,4,5,3,2,9947.1339,15,3,0,2,Spiral,289.23,544135.59
72,11,1310347.52,5,2,5,1,4,18199.2711,5,2,0,1,SAFe,924.42,1599869.35
35,47,985511.84,3,2,4,2,1,28157.4811,8,2,1,1,Iterative,1571.11,1229262.55
23,15,1284041.91,1,4,2,3,4,55827.9091,6,3,0,1,Iterative,407.23,1596005.04
62,36,1391031.05,3,3,3,3,1,22435.9847,9,2,1,1,Agile,2117.45,1737921.55
29,3,361380.63,1,1,2,2,1,12461.401,4,2,0,1,Iterative,69.82,447141.23
55,9,344468.29,5,5,5,2,1,6263.0598,10,1,1,3,V-Model,772.11,530572.75
38,5,1378306.04,3,4,1,3,1,36271.2116,3,2,0,2,Scrum,176.19,1012103.77
7,31,289017.93,4,2,2,2,3,41288.2757,4,5,1,1,Agile,164.65,356625.7
69,34,1237605.28,2,3,3,3,4,17936.3084,9,5,0,3,SAFe,2486.09,1517916.07
67,21,1239108.85,2,3,1,1,4,18494.1619,1,4,0,1,Iterative,793.95,1517405.24
80,8,1190833.52,4,5,3,3,2,14885.419,9,5,1,3,Spiral,599.07,1476940.25
56,10,1031877.34,5,4,2,2,3,18426.3811,4,4,1,3,SAFe,426.41,1049198.13
67,14,1090695.52,3,1,4,3,4,16279.0376,12,5,1,2,Spiral,777.47,1426155.29
37,19,1265766.04,3,2,4,3,1,34209.893,12,5,1,3,Spiral,544.03,1503432.93
12,18,317707.82,5,5,4,2,2,26475.6517,8,4,1,2,V-Model,226.17,336780.73
54,22,16282.1,5,3,3,1,2,301.5204,3,1,0,2,SAFe,1170.64,19974.72
57,45,1432460.12,4,1,5,2,2,25130.8793,10,2,1,1,V-Model,1354.48,192330.04
77,29,580724.53,5,5,3,2,4,7541.877,6,1,1,2,V-Model,2684.95,602035.79
32,40,265676.38,4,4,5,2,3,8302.3869,10,1,0,1,Scrum,1818.81,333527.3
57,3,1040119.0,2,1,2,3,4,18247.7018,6,3,1,1,Agile,169.49,1163688.77
48,40,1418667.22,1,4,3,3,2,29555.5671,9,5,0,2,Spiral,1935.75,1573563.54
29,46,1206467.02,2,2,2,2,3,41602.311,4,5,0,3,Iterative,1126.34,1474393.58
80,29,922033.16,2,4,5,1,2,11525.4145,5,4,1,2,SAFe,2135.27,1058382.23
37,1,1202280.4,5,3,1,3,4,32494.0649,3,3,1,2,Agile,39.1,252729.83
23,48,1030429.12,2,1,4,3,3,44801.2661,12,5,0,2,Spiral,1283.07,1339205.73
24,17,770129.5,1,5,4,3,1,32088.7292,12,5,0,1,Spiral,387.39,943228.78
66,36,974760.57,5,1,5,3,2,14769.0995,15,2,0,3,Spiral,3717.04,1231084.93
63,36,1414236.17,2,1,1,1,2,22448.1932,1,1,1,2,SAFe,2034.37,1902249.19
61,35,728037.17,4,2,1,1,2,11935.0356,1,2,0,1,Waterfall,1491.3,856051.89
42,46,556704.58,2,1,3,2,2,13254.871,6,5,1,1,Iterative,1309.92,679765.68
56,32,1162561.37,5,2,5,3,4,20760.0245,15,4,1,3,Spiral,2044.55,1236034.11
69,30,344058.7,4,5,3,3,3,4986.358,9,2,0,3,Spiral,2659.98,414912.54
40,38,1098716.59,1,4,5,2,1,27467.9148,10,4,0,1,Agile,1218.52,1545146.72
80,26,1239573.36,5,4,4,2,3,15494.667,8,2,0,3,Scrum,3537.73,1489508.29
37,14,695081.19,2,2,1,1,1,18785.9781,1,5,1,1,Agile,254.87,873977.4
51,37,915996.71,2,1,2,3,1,17960.7198,6,1,1,1,Scrum,1961.24,1733577.84
38,29,335064.13,4,1,4,2,3,8817.4771,8,2,1,2,V-Model,1547.51,397916.58
55,31,807538.8,2,4,1,2,2,14682.5236,2,2,1,1,Scrum,1594.24,1114488.18
9,6,361813.51,3,5,1,3,2,40201.5011,3,2,0,1,Agile,48.61,289616.71
79,27,1129699.32,2,1,1,3,1,14299.9914,3,4,1,2,SAFe,1545.15,1359168.67
5,4,1028473.31,4,4,5,3,2,205694.662,15,1,0,3,Spiral,37.9,732777.88
26,28,945545.34,5,1,4,1,3,36367.1285,4,5,0,1,Waterfall,481.4,1107786.1
37,33,1145481.52,2,4,4,2,1,30958.96,8,4,0,3,Scrum,1202.92,1417594.2
21,36,1042729.58,4,5,3,1,2,49653.7895,3,4,1,1,Waterfall,457.19,1284534.14
31,17,1004968.43,1,2,4,2,4,32418.3365,8,2,0,2,Iterative,783.97,1303409.08
34,25,369353.42,3,5,1,3,1,10863.3359,3,2,0,1,Scrum,662.29,443358.55
54,26,620557.78,4,5,3,3,4,11491.8107,9,1,1,2,Spiral,2064.28,777630.4
34,5,983102.89,5,1,4,2,3,28914.7909,8,5,1,1,V-Model,119.12,1158358.44
13,30,1075589.03,4,4,2,1,3,82737.6177,2,3,0,2,Scrum,343.75,1275784.42
55,24,1166939.79,1,1,1,2,2,21217.0871,2,1,1,3,SAFe,1425.03,1290002.01
15,44,126167.84,3,4,2,3,1,8411.1893,6,4,0,2,Agile,390.66,168108.34
27,21,274585.43,5,4,4,3,1,10169.8307,12,1,1,1,Spiral,597.0,316345.56
80,6,284422.99,1,3,3,1,3,3555.2874,3,3,0,1,SAFe,366.25,337009.69
2,2,1274320.58,5,4,3,2,4,637160.29,6,5,0,2,Kanban,2.76,17951.56
67,43,942568.8,1,4,3,3,2,14068.191,9,3,0,3,Spiral,2859.5,1366758.02
73,47,505890.71,2,2,5,2,3,6930.0097,10,2,0,3,SAFe,6018.28,572674.21
6,35,1281270.36,2,4,3,2,2,213545.06,6,4,1,3,Spiral,172.14,1355524.1
38,24,618302.48,1,2,2,3,1,16271.1179,6,1,1,1,Iterative,752.29,830434.05
53,27,931766.68,1,2,1,3,1,17580.5034,3,1,0,1,Iterative,1387.78,986055.72
68,28,1029875.05,1,1,2,2,4,15145.2213,4,5,1,1,Iterative,1558.94,1286613.18
49,19,620403.48,2,2,1,2,2,12661.2955,2,1,0,3,Iterative,953.0,754213.3
2,5,74237.07,5,5,2,2,1,37118.535,4,2,1,3,V-Model,13.18,86446.52
34,44,459135.37,1,3,4,3,1,13503.9815,12,3,1,3,Spiral,1367.37,619945.02
59,9,470190.73,4,3,4,1,4,7969.3344,4,5,1,3,V-Model,418.21,506094.84
60,26,45059.02,2,3,4,1,1,750.9837,4,1,1,2,SAFe,1641.81,61263.18
3,44,673504.73,2,4,5,1,4,224501.5767,5,4,1,1,XP,91.69,831828.3
32,22,805051.42,1,3,4,3,3,25157.8569,12,4,0,2,Spiral,876.72,934760.7
62,43,673923.84,1,3,5,1,3,10869.7394,5,1,0,2,SAFe,3314.09,789449.4
41,48,1153779.94,4,5,2,1,2,28140.9741,2,1,0,1,Waterfall,1395.67,1367068.71
73,30,984874.93,2,4,2,2,1,13491.4374,4,4,0,2,SAFe,1372.15,1228592.82
72,1,78485.81,3,5,3,3,4,1090.0807,9,4,0,1,SAFe,68.03,95379.86
48,11,212283.94,2,4,2,1,4,4422.5821,2,5,0,2,Scrum,274.49,242814.05
4,22,131762.52,2,3,1,2,1,32940.63,2,1,0,2,Scrum,85.31,168102.47
77,37,1245691.48,4,4,2,3,3,16177.8114,6,3,1,1,SAFe,2979.08,1416123.76
30,10,645487.44,5,1,5,1,3,21516.248,5,2,0,1,Waterfall,256.31,661087.25
55,4,1359897.0,3,3,3,3,4,24725.4,9,3,1,2,SAFe,252.75,1378705.49
71,5,1399137.54,5,5,4,1,3,19706.1625,4,5,0,1,SAFe,214.07,1727206.42
25,8,1198715.38,5,5,4,3,1,47948.6152,12,2,0,1,Agile,197.83,1303795.51
34,38,878187.05,2,2,3,2,4,25829.0309,6,5,0,2,Agile,969.98,988635.48
23,18,1253647.84,2,2,3,3,3,54506.4278,9,4,1,3,Spiral,410.26,1601277.75
8,4,1106479.48,5,2,1,1,2,138309.935,1,2,0,1,Waterfall,20.29,103289.79
77,21,841664.81,2,1,4,3,2,10930.7118,12,1,0,2,Spiral,2136.12,1080142.34
47,8,371523.61,3,1,1,3,4,7904.7577,3,2,0,2,Iterative,365.27,422788.3
74,2,270735.75,4,5,3,2,4,3658.5912,6,5,1,2,SAFe,93.88,354011.54
22,20,55605.83,1,1,1,2,2,2527.5377,2,5,0,2,Iterative,245.13,81169.59
13,26,123215.51,3,1,2,1,1,9478.1162,2,3,0,1,Waterfall,202.75,149872.96
19,5,643863.52,4,5,1,1,3,33887.5537,1,4,1,2,RAD,61.6,408619.89
22,33,154079.86,3,2,5,1,4,7003.63,5,5,0,3,Iterative,736.45,171789.12
31,14,876706.45,2,3,4,3,1,28280.8532,12,3,0,2,Spiral,396.67,1006941.16
8,3,1188406.46,3,2,1,1,2,148550.8075,1,1,0,1,Iterative,17.76,86522.34
31,20,1344766.26,2,4,3,2,4,43379.5568,6,3,1,2,Scrum,546.88,1631059.99
76,34,1268592.79,2,4,3,2,2,16692.0104,6,4,1,1,SAFe,1613.23,1658305.31
29,4,997381.95,2,5,4,1,3,34392.481,4,3,0,1,RAD,100.65,1191128.8
40,12,57077.47,4,2,5,1,3,1426.9368,5,5,0,1,Waterfall,330.5,75717.56
76,31,386806.92,3,4,3,2,3,5089.5647,6,2,0,3,SAFe,2810.22,525584.77
73,14,1127658.81,5,1,4,3,4,15447.381,12,5,0,3,Spiral,1256.92,1332473.45
63,36,346511.71,5,5,2,1,2,5500.1859,2,3,0,3,SAFe,1710.4,439135.08
12,32,1346191.05,5,2,5,3,4,112182.5875,15,3,1,1,Spiral,466.59,1733180.34
5,6,964031.02,2,2,1,3,3,192806.204,3,1,0,3,Kanban,38.26,157797.54
55,8,1143750.02,5,1,4,2,4,20795.4549,8,2,0,2,SAFe,524.97,1508187.8
61,24,77375.48,4,3,2,3,1,1268.4505,6,3,0,2,SAFe,1553.58,90472.17
68,5,755492.14,3,4,3,1,4,11110.1785,3,5,0,3,SAFe,231.52,854240.49
44,11,128472.22,3,4,4,2,4,2919.8232,8,2,0,3,Scrum,706.62,156782.31
50,9,1352557.81,3,2,1,1,4,27051.1562,1,5,0,1,Agile,221.34,1273752.36
74,44,1192139.51,5,1,1,1,3,16109.9934,1,4,0,2,SAFe,2618.87,1464915.24
58,10,738784.9,1,2,1,2,1,12737.6707,2,2,1,1,Iterative,441.54,939956.29
3,13,927471.49,1,5,5,2,2,309157.1633,10,4,0,2,Scrum,44.16,760024.89
80,13,1308668.67,1,5,3,3,4,16358.3584,9,5,1,1,SAFe,668.03,1489019.71
73,45,1053684.28,2,3,2,1,4,14434.0312,2,3,1,2,SAFe,2801.44,1372392.81
7,30,166141.3,1,5,5,2,4,23734.4714,10,4,1,3,Spiral,275.51,197156.54
60,25,1089374.22,5,4,4,3,1,18156.237,12,2,1,2,Spiral,1693.5,1375715.13
66,46,1566289.83,1,5,4,3,1,23731.6641,12,3,1,1,Spiral,2951.51,1893269.41
73,21,477298.78,3,5,4,2,4,6538.3395,8,2,1,1,V-Model,1370.65,563174.96
25,47,146404.68,3,5,1,2,2,5856.1872,2,4,1,2,Scrum,857.62,154137.71
52,18,824683.63,5,5,3,2,4,15859.3006,6,3,0,3,SAFe,847.91,1168861.94
13,2,439641.4,2,2,1,1,2,33818.5692,1,5,1,2,Iterative,16.72,106749.94
30,24,1022455.6,4,1,1,3,3,34081.8533,3,5,0,3,Agile,633.71,1256267.5
18,43,1021210.2,1,3,2,2,4,56733.9,4,1,0,1,Iterative,808.14,1336094.57
8,41,867681.66,5,5,1,1,2,108460.2075,1,1,0,3,Waterfall,329.95,1107158.56
46,17,813071.56,4,2,2,2,2,17675.4687,4,3,0,1,Agile,540.26,993209.72
74,19,452110.93,4,4,1,2,1,6109.6072,2,4,0,3,SAFe,1047.71,593438.79
43,2,49922.84,1,2,3,3,3,1160.9963,9,5,1,2,Iterative,84.24,69244.72
17,46,1116868.17,3,3,2,1,3,65698.1276,2,3,0,1,Scrum,615.7,1375228.75
71,43,220005.6,4,2,5,1,4,3098.6704,5,5,1,1,SAFe,2119.4,256526.53
14,43,687391.71,5,5,2,1,3,49099.4079,2,1,1,1,V-Model,599.27,731766.73
38,2,1364724.6,2,3,1,2,3,35913.8053,2,5,1,1,RAD,56.86,543312.82
7,40,152192.04,5,5,1,3,2,21741.72,3,3,0,1,Agile,189.63,168898.21
41,7,1155603.3,5,5,4,2,4,28185.4463,8,5,1,3,V-Model,269.08,1491805.11
10,21,1060854.36,5,1,3,3,1,106085.436,9,3,0,3,Spiral,224.17,1358021.28
46,14,1365409.67,5,5,2,2,4,29682.8189,4,5,1,1,V-Model,515.89,1659181.83
16,19,73459.06,5,4,3,2,4,4591.1912,6,3,1,2,V-Model,320.01,100552.6
13,3,469416.34,2,5,3,3,3,36108.9492,9,4,0,2,Scrum,38.26,450360.58
63,11,221333.55,1,4,3,1,3,3513.231,3,4,1,3,SAFe,737.44,274230.31
4,14,148917.29,1,1,5,2,1,37229.3225,10,3,0,2,Iterative,45.16,195166.77
10,45,805386.71,4,3,2,2,4,80538.671,4,1,1,2,Agile,450.45,876105.2
73,16,1434743.36,3,2,3,2,4,19654.0186,6,2,0,1,SAFe,1205.96,1693092.35
20,15,1241221.41,4,4,1,2,3,62061.0705,2,4,1,2,Agile,241.94,1526543.13
9,33,410773.92,2,2,2,2,4,45641.5467,4,5,1,2,Iterative,197.46,497783.97
44,35,635510.18,2,2,5,3,3,14443.4132,15,3,0,1,Spiral,1655.6,777906.4
38,31,502615.26,5,2,1,2,4,13226.7174,2,4,0,1,Waterfall,911.21,594664.87
37,8,1011555.0,4,1,3,1,4,27339.3243,3,3,0,2,Waterfall,215.07,1072893.47
41,25,306625.64,1,4,2,2,3,7478.6741,4,3,0,3,Scrum,996.07,388430.05
19,48,627176.22,3,5,5,3,4,33009.2747,15,5,1,3,Spiral,990.74,592880.73
54,29,309542.66,5,5,4,2,3,5732.2715,8,1,0,2,SAFe,2210.57,384620.9
26,36,1117829.62,1,5,5,1,3,42993.4469,5,2,1,3,Scrum,1098.34,1417874.89
43,22,358480.32,2,4,4,1,2,8336.7516,4,3,1,2,Scrum,839.07,443395.14
10,18,283954.26,2,3,5,3,4,28395.426,15,3,1,2,Spiral,207.57,5643309.38
13,46,1073050.48,3,4,1,3,3,82542.3446,3,1,0,3,Scrum,1058.43,1167732.54
67,44,272317.31,2,2,1,3,4,4064.4375,3,1,1,2,SAFe,3097.31,325810.34
41,6,18368.69,1,1,1,1,4,448.0168,1,2,0,1,Iterative,164.22,19274.09
9,22,1212186.49,4,2,5,2,4,134687.3878,10,2,0,3,Scrum,250.87,1612049.12
7,47,308508.79,5,1,1,1,4,44072.6843,1,4,1,2,Waterfall,186.01,379404.51
24,6,51257.31,5,5,5,1,3,2135.7212,5,5,0,1,Waterfall,98.35,64772.36
11,8,56939.28,5,5,3,1,1,5176.2982,3,3,0,3,Waterfall,59.76,69452.84
41,29,537232.4,3,3,1,1,4,13103.2293,1,2,1,1,Agile,773.99,628244.07
54,43,1149648.17,4,5,4,2,2,21289.7809,8,4,0,3,SAFe,1567.81,1437172.47
48,45,941552.56,2,3,1,1,2,19615.6783,1,5,1,3,Iterative,1184.16,1238716.77
5,16,1372604.09,1,3,5,1,3,274520.818,5,1,0,3,Scrum,131.0,1505113.07
69,3,618749.53,4,2,2,1,3,8967.3845,2,5,1,3,SAFe,143.77,824454.46
48,27,509846.62,3,5,3,3,4,10621.8046,9,2,1,3,Spiral,2187.74,676688.28
26,7,1000506.49,1,1,4,3,3,38481.0188,12,1,1,1,Spiral,314.3,1261252.53
52,20,1025573.65,1,3,1,3,1,19722.5702,3,3,0,3,SAFe,831.97,1301756.31
7,39,203143.42,5,4,4,3,2,29020.4886,12,5,0,2,Spiral,247.74,257002.49
6,6,1137666.74,3,3,3,3,1,189611.1233,9,3,0,2,Scrum,36.76,285147.47
19,30,1190721.0,2,4,1,2,2,62669.5263,2,4,0,3,Scrum,387.45,1450492.61
18,5,1306902.51,2,5,1,2,4,72605.695,2,1,1,3,Scrum,102.43,1217545.49
9,42,894997.53,1,1,4,1,4,99444.17,4,3,1,2,Iterative,313.06,1294607.28
45,32,1054097.27,1,4,4,3,3,23424.3838,12,2,1,1,Spiral,2087.09,1218868.87
17,23,529378.77,1,3,3,3,2,31139.9276,9,3,1,1,Spiral,383.62,639647.0
20,42,1138336.48,4,2,3,3,2,56916.824,9,4,1,2,Agile,599.64,1291952.83
10,7,220301.29,3,2,3,3,1,22030.129,9,1,0,3,Spiral,104.78,285476.08
57,28,1038166.23,2,3,1,1,4,18213.4426,1,5,1,3,SAFe,1104.76,1134912.15
64,17,141872.87,4,5,4,2,3,2216.7636,8,5,1,1,Spiral,844.38,169884.72
33,22,968363.23,1,2,2,3,2,29344.3403,6,5,1,1,Spiral,512.55,1225408.79
10,13,1150552.92,4,3,3,2,4,115055.292,6,5,1,1,Waterfall,95.72,952974.31
16,10,133654.17,4,2,1,3,4,8353.3856,3,4,1,1,Agile,129.36,172007.62
50,13,1278242.23,4,4,1,3,2,25564.8446,3,3,1,2,SAFe,554.84,1446042.84
78,29,109354.38,5,1,1,3,1,1401.9792,3,3,0,3,SAFe,2013.16,137384.25
42,22,177837.7,4,2,4,1,3,4234.231,4,1,0,2,Agile,1120.48,248312.27
3,16,1062411.61,3,4,1,3,1,354137.2033,3,3,0,2,Agile,44.35,233415.69
51,45,1387808.22,2,5,2,1,1,27211.9259,2,3,0,1,Scrum,1260.46,1745233.33
60,37,105729.43,3,2,3,3,4,1762.1572,9,5,1,3,Spiral,2292.08,136566.72
55,45,382121.17,3,5,2,1,4,6947.6576,2,5,0,3,SAFe,1983.25,440298.55
51,46,1202501.59,1,3,2,1,1,23578.4625,2,1,0,3,SAFe,2294.6,1268053.19
77,7,806555.34,3,1,1,2,4,10474.7447,2,3,1,1,SAFe,465.32,879979.41
72,25,125616.25,3,1,3,1,2,1744.6701,3,3,0,2,SAFe,1279.24,166182.76
44,17,1433219.95,4,5,2,1,3,32573.1807,2,2,1,1,Waterfall,563.97,1886355.1
10,11,556163.14,1,4,1,2,1,55616.314,2,4,1,3,Scrum,87.18,707008.67
4,5,1236561.49,5,2,4,2,4,309140.3725,8,4,1,3,V-Model,24.94,503031.07
49,22,213057.67,5,1,4,1,2,4348.1157,4,2,0,2,Waterfall,1133.24,256695.28
53,12,573993.85,3,5,4,2,3,10830.0726,8,1,0,3,SAFe,1002.2,731069.06
14,44,557200.68,4,4,3,3,3,39800.0486,9,5,0,3,Spiral,633.26,661357.29
76,21,1178940.32,1,5,3,1,1,15512.3726,3,3,0,3,SAFe,1284.76,1526212.89
71,43,434907.52,2,1,4,2,4,6125.458,8,4,0,2,SAFe,2189.53,583086.02
59,18,568449.89,3,2,3,3,1,9634.7439,9,3,0,2,SAFe,882.16,800931.74
78,11,1113474.99,5,4,3,3,2,14275.3204,9,5,1,1,Spiral,676.17,1195604.66
27,47,904571.1,4,2,4,2,4,33502.6333,8,5,1,3,Spiral,1335.18,1000733.99
74,47,417863.78,1,5,3,2,2,5646.8078,6,1,1,1,SAFe,3701.31,517065.88
42,25,621844.82,2,2,5,3,3,14805.829,15,5,0,3,Spiral,1423.59,777473.81
62,10,882481.15,4,5,2,3,1,14233.5669,6,3,1,2,SAFe,616.08,1067837.12
12,37,992602.02,3,1,3,3,3,82716.835,9,4,0,3,Iterative,551.14,1169425.22
46,43,1247487.97,2,4,2,1,1,27119.3037,2,2,0,1,Scrum,1355.69,1535411.93
19,47,702474.05,1,2,2,1,1,36972.3184,2,3,1,3,Iterative,674.65,847448.82
73,47,35580.45,3,5,1,1,2,487.4034,1,5,0,3,SAFe,1910.76,46287.72
5,19,1263613.98,3,2,1,2,3,252722.796,2,1,0,3,Scrum,111.44,629925.28
62,5,1117536.52,1,2,5,2,4,18024.7826,10,4,1,3,Spiral,356.04,1276067.55
49,1,1060703.38,4,2,1,1,2,21647.0078,1,2,0,3,Waterfall,51.77,277786.15
38,37,481068.74,1,3,4,2,3,12659.7037,8,3,0,1,Iterative,1624.57,493781.3
6,19,509429.19,5,3,2,3,1,84904.865,6,5,0,3,Scrum,74.35,461542.72
76,47,1125206.64,2,4,2,2,1,14805.3505,4,5,1,3,SAFe,2325.74,1441324.53
9,39,556747.37,2,4,3,2,4,61860.8189,6,2,1,3,Spiral,509.96,699635.09
19,36,671658.69,2,2,2,3,4,35350.4574,6,5,1,1,Spiral,532.9,818529.31
13,27,485321.27,4,3,2,1,3,37332.4054,2,3,0,1,Agile,282.83,623176.61
43,10,982665.78,3,2,2,1,4,22852.6926,2,5,1,2,Scrum,274.91,1277107.73
41,16,1052933.02,2,3,4,3,4,25681.2932,12,5,1,3,Scrum,585.67,1364404.83
44,37,723784.12,5,3,1,3,2,16449.6391,3,5,0,3,Scrum,1151.58,915203.8
55,10,1048816.18,5,3,4,3,4,19069.3851,12,4,1,3,Spiral,666.27,1206735.2
24,29,766974.93,3,1,1,2,3,31957.2888,2,1,0,3,Agile,943.34,900824.45
42,38,120692.64,4,3,1,1,2,2873.6343,1,2,1,1,Agile,1306.45,141886.24
16,26,551134.57,5,5,2,2,1,34445.9106,4,1,0,3,Scrum,394.14,611162.05
15,28,1056134.95,4,5,3,2,3,70408.9967,6,1,0,1,Agile,500.81,1252244.72
58,39,752470.62,5,5,3,1,2,12973.6314,3,2,1,1,V-Model,1514.23,1003881.19
18,9,1086915.1,3,1,1,3,2,60384.1722,3,4,0,1,Iterative,95.22,547743.33
44,40,123361.0,1,3,4,1,4,2803.6591,4,3,1,3,Iterative,1950.09,166820.97
59,14,1390817.81,5,4,1,2,4,23573.1832,2,2,1,2,SAFe,783.08,1512960.01
77,48,617244.62,3,1,1,3,1,8016.1639,3,3,0,2,SAFe,3343.23,712333.54
43,40,76349.21,4,1,5,1,3,1775.563,5,4,1,2,V-Model,1752.7,85264.85
47,9,575125.16,2,3,1,1,1,12236.7055,1,1,0,3,Scrum,411.07,693524.62
14,13,380369.76,4,3,3,1,2,27169.2686,3,1,1,1,Agile,168.89,459006.37
23,5,1147820.35,5,5,5,2,1,49905.2326,10,3,0,3,Scrum,137.56,1460248.31
62,8,813507.21,1,2,2,2,1,13121.084,4,1,0,3,SAFe,646.91,1143108.96
41,2,22740.17,4,4,4,1,4,554.6383,4,3,1,3,V-Model,90.64,29588.65
26,3,1186256.04,4,4,3,2,2,45625.2323,6,2,0,3,RAD,101.04,1362114.61
65,6,677007.07,2,5,4,2,3,10415.4934,8,5,1,1,Spiral,335.68,690529.82
50,25,1143433.45,2,3,5,2,2,22868.669,10,4,1,1,Spiral,846.55,1313596.94
53,11,985009.87,5,1,5,3,3,18585.0919,15,1,0,1,Spiral,839.33,1091667.9
27,44,999887.33,1,4,5,2,4,37032.8641,10,1,0,2,Scrum,1638.88,1258707.22
3,25,279928.91,5,2,5,2,1,93309.6367,10,3,0,1,Agile,56.88,326068.88
78,5,1483388.55,4,1,2,3,1,19017.8019,6,3,1,2,SAFe,405.27,1513914.12
4,9,99096.79,2,4,3,1,1,24774.1975,3,4,0,1,XP,17.55,219375.0
58,28,1112189.03,4,4,2,3,4,19175.6729,6,4,0,1,Agile,1622.4,1327196.13
20,41,76960.03,1,3,1,2,2,3848.0015,2,1,1,1,Scrum,751.46,100192.07
58,9,1264413.22,1,3,1,2,3,21800.2279,2,1,1,1,Iterative,559.03,1593423.47
31,47,352566.25,4,5,3,2,1,11373.1048,6,3,0,2,Agile,1367.81,355536.66
36,42,332297.0,2,2,1,3,4,9230.4722,3,5,1,3,Scrum,1169.35,394949.24
27,17,685181.39,2,3,3,1,3,25377.0885,3,3,0,2,Agile,422.75,879770.34
12,32,26465.81,4,3,4,3,1,2205.4842,12,4,0,3,Spiral,461.09,34915.32
63,24,73484.15,3,3,3,1,4,1166.4151,3,4,0,2,SAFe,1421.18,88395.72
58,32,367163.09,5,4,3,3,3,6330.3981,9,3,1,2,Scrum,1909.8,430066.8
5,26,370995.81,5,2,3,3,2,74199.162,9,3,0,1,Spiral,129.73,476168.24
2,41,1294545.99,5,5,5,2,3,647272.995,10,3,0,3,XP,103.59,1389149.73
41,7,1360314.36,1,2,1,3,1,33178.399,3,1,0,3,Iterative,326.72,1584641.21
3,12,78808.44,2,5,5,2,1,26269.48,10,5,0,1,XP,23.29,436687.5
7,19,1074170.13,2,1,5,2,3,153452.8757,10,1,1,2,Spiral,210.99,1319241.03
46,5,1376699.03,1,2,5,3,4,29928.2398,15,1,1,1,Spiral,333.81,1722505.18
67,14,223047.52,3,5,3,3,2,3329.0675,9,4,1,1,Spiral,715.42,239619.15
35,24,870094.99,3,1,4,2,3,24859.8569,8,3,1,3,Spiral,1143.83,1002993.64
16,36,200286.04,1,5,2,1,1,12517.8775,2,2,0,1,Scrum,459.69,239181.11
57,44,744719.13,4,3,2,2,4,13065.2479,4,5,1,1,Agile,1555.01,798793.19
24,3,680116.28,1,1,4,1,1,28338.1783,4,2,1,3,Iterative,61.32,836339.83
77,46,314747.45,3,3,4,1,2,4087.6292,4,1,1,1,SAFe,3188.55,399795.4
10,24,314978.14,3,5,4,2,1,31497.814,8,5,0,1,Agile,157.87,1815505.0
35,3,1041583.98,2,3,4,2,2,29759.5423,8,2,1,2,Spiral,108.1,1256390.33
4,6,176919.54,4,4,4,1,3,44229.885,4,5,1,2,V-Model,18.7,225242.32
57,30,59878.74,2,1,5,3,4,1050.5042,15,5,0,2,Spiral,1629.42,69735.7
59,9,1011266.59,4,5,2,1,1,17140.1117,2,5,0,3,SAFe,311.52,1214410.74
29,32,368705.37,1,5,4,2,1,12713.9783,8,4,1,2,Spiral,793.48,431045.85
47,38,1166382.11,5,2,5,1,3,24816.6406,5,2,1,1,V-Model,2224.24,1450310.94
63,4,596276.29,2,1,1,3,4,9464.703,3,5,0,3,Scrum,272.37,714440.13
60,26,200592.74,5,2,3,3,1,3343.2123,9,2,0,2,Spiral,1818.48,242323.33
12,14,581090.42,4,5,5,1,2,48424.2017,5,5,1,2,Scrum,122.2,728516.56
71,2,1082497.52,5,1,1,2,4,15246.4439,2,4,1,2,SAFe,105.8,1022345.44
65,29,1515334.78,5,3,1,3,3,23312.8428,3,5,0,3,SAFe,1599.71,1887016.62
38,8,333689.01,5,4,3,1,4,8781.2897,3,4,0,3,Waterfall,226.33,377242.92
46,6,805647.65,3,3,2,2,2,17514.0793,4,2,0,1,Agile,256.61,1038026.14
38,46,1411550.14,3,4,5,2,1,37146.0563,10,2,0,3,Scrum,2267.4,1611835.29
78,20,398906.31,1,4,3,1,2,5114.1835,3,3,0,2,SAFe,1011.78,443434.73
63,47,89807.35,3,1,2,3,4,1425.5135,6,5,1,3,Scrum,2564.47,111006.14
50,24,878239.03,4,2,3,2,1,17564.7806,6,3,0,3,Agile,1207.5,20376562.5
8,19,999574.18,1,2,3,3,3,124946.7725,9,5,0,3,Spiral,168.16,1330306.17
2,48,912523.55,5,4,3,1,3,456261.775,3,5,1,1,V-Model,62.89,1096364.02
2,11,1401286.58,3,2,4,2,3,700643.29,8,5,0,3,Agile,21.78,342142.33
7,32,900648.65,4,2,5,1,1,128664.0929,5,4,0,2,Waterfall,177.79,1103527.89
44,30,1326882.28,4,5,4,1,3,30156.4155,4,1,1,1,V-Model,1516.73,1759220.08
5,46,197828.3,1,4,4,1,1,39565.66,4,3,1,2,Scrum,176.61,231113.86
62,10,734448.35,3,3,5,3,2,11845.9411,15,2,0,3,V-Model,1132.35,803327.37
25,15,736503.82,2,2,1,1,2,29460.1528,1,5,0,2,Iterative,193.12,827217.65
45,11,910575.25,1,3,3,3,2,20235.0056,9,5,1,1,Scrum,325.46,1125277.85
69,28,963416.23,2,5,5,3,1,13962.5541,15,3,0,2,Spiral,2341.54,1137670.35
70,26,712505.29,5,1,4,3,4,10178.647,12,3,0,3,Spiral,2363.79,913600.05
52,40,1288218.7,5,1,3,3,1,24773.4365,9,1,1,3,Spiral,3162.87,1507453.88
37,48,347299.7,3,5,3,3,4,9386.4784,9,3,1,1,Spiral,1631.83,418442.81
74,23,191666.02,5,1,5,1,1,2590.0814,5,2,1,2,V-Model,1671.51,224695.07
78,44,1284459.9,4,4,2,1,2,16467.4346,2,1,0,2,SAFe,3381.01,1559651.33
67,13,1147109.07,5,4,1,2,2,17121.0309,2,2,1,3,SAFe,739.0,1517041.03
45,25,638617.93,4,5,2,1,3,14191.5096,2,1,0,2,Scrum,1212.54,874619.77
3,25,1174240.1,1,2,5,1,2,391413.3667,5,3,0,3,Iterative,66.85,998618.94
5,23,338264.24,5,2,4,2,3,67652.848,8,3,1,2,V-Model,154.79,384266.37
40,19,620126.06,4,3,3,3,3,15503.1515,9,4,0,3,Spiral,983.3,664544.78
66,41,844137.54,5,3,3,3,2,12789.9627,9,5,0,1,Spiral,2180.67,1050997.81
33,32,730391.13,5,4,4,1,3,22133.0645,4,4,0,3,Waterfall,843.52,803773.11
19,10,1200031.39,1,3,4,3,3,63159.5468,12,5,1,3,Iterative,194.92,1309899.21
4,38,268888.77,2,2,1,2,1,67222.1925,2,1,1,3,Iterative,156.66,287209.34
39,13,526673.19,5,3,5,3,2,13504.4408,15,4,1,3,Spiral,627.4,673063.11
34,16,1165703.2,5,4,3,1,3,34285.3882,3,1,1,2,Waterfall,647.34,1426782.99
27,9,702392.74,3,3,4,1,2,26014.5459,4,4,0,2,Waterfall,190.6,841574.12
11,23,1011919.59,4,5,3,2,3,91992.69,6,3,0,3,Scrum,342.03,1459961.39
39,13,1176577.53,3,2,5,2,3,30168.6546,10,3,0,1,Agile,573.76,1731148.36
62,28,515423.08,5,1,4,2,3,8313.2755,8,4,0,1,Waterfall,1309.71,602585.42
41,30,127811.72,4,4,3,1,3,3117.359,3,4,1,3,Scrum,1135.37,158661.38
43,40,249656.64,2,3,5,3,2,5805.9684,15,5,1,2,V-Model,1853.55,309348.23
23,18,359140.34,1,2,3,2,2,15614.7974,6,5,0,3,Iterative,318.05,465504.87
52,35,563305.13,3,3,1,1,2,10832.791,1,2,1,1,Waterfall,1087.88,693812.45
8,38,112763.36,1,4,1,3,4,14095.42,3,4,1,2,Scrum,292.68,135098.63
7,25,296686.9,4,4,5,2,2,42383.8429,10,5,1,2,V-Model,168.99,409636.28
50,5,71996.27,3,1,4,3,1,1439.9254,12,2,1,1,Agile,297.82,89087.92
44,31,756874.71,4,3,5,2,2,17201.698,10,5,0,2,Waterfall,1329.11,905243.14
37,24,477850.36,2,1,2,1,2,12914.8746,2,1,0,2,Iterative,737.12,576760.55
12,5,788756.03,5,1,1,2,3,65729.6692,2,4,1,2,Agile,41.08,263735.5
5,5,38766.87,5,3,2,1,1,7753.374,2,4,0,1,Kanban,13.2,84150.0
79,35,1462886.76,1,4,3,3,3,18517.5539,9,5,0,3,SAFe,2770.23,1756962.86
62,21,1286637.7,4,2,4,1,2,20752.221,4,4,0,1,Agile,851.88,1736832.21
78,32,1404965.22,1,5,2,3,3,18012.3746,6,4,0,2,SAFe,2715.62,1678960.86
70,10,1175014.11,2,5,3,3,1,16785.9159,9,4,1,1,Spiral,486.1,1365045.4
14,4,782704.23,2,4,2,2,4,55907.445,4,1,0,3,RAD,69.59,345402.89
55,44,838571.33,3,3,5,3,2,15246.7515,15,3,1,2,Spiral,3209.0,1102918.92
27,34,353233.49,4,2,2,1,1,13082.7219,2,2,1,3,Agile,1040.66,408063.77
3,38,1437833.17,5,1,5,1,1,479277.7233,5,3,1,3,V-Model,99.91,1852811.97
80,39,522055.96,4,5,3,2,1,6525.6995,6,1,0,3,SAFe,3825.98,544054.23
56,44,72772.02,5,4,1,2,4,1299.5004,2,5,1,3,SAFe,1713.67,77403.39
7,2,931280.41,5,3,1,2,2,133040.0586,2,3,1,3,RAD,15.31,161397.04
24,22,313194.56,1,4,2,1,4,13049.7733,2,3,0,3,Scrum,563.68,371202.6
55,41,1385668.6,1,4,3,1,1,25193.9745,3,1,1,3,SAFe,2694.54,1764272.91
32,8,724381.15,3,4,1,1,1,22636.9109,1,3,0,3,Waterfall,202.07,904071.1
17,17,38801.12,5,2,1,2,2,2282.4188,2,5,0,3,Waterfall,187.42,49309.11
51,30,375847.91,5,3,1,3,3,7369.5669,3,2,1,2,SAFe,1566.51,421224.32
11,9,1175793.9,5,3,1,3,3,106890.3545,3,3,1,1,Agile,95.05,641438.4
37,7,245888.7,4,4,4,2,4,6645.6405,8,3,0,1,Scrum,221.94,297794.67
38,16,546305.23,2,5,1,2,3,14376.4534,2,2,1,1,Scrum,615.04,752459.47
9,6,739935.62,3,2,2,3,4,82215.0689,6,3,1,3,Scrum,67.03,878456.98
53,25,847819.92,4,3,5,2,4,15996.6023,10,3,1,2,V-Model,1581.59,985451.84
60,39,1231980.09,1,4,4,3,2,20533.0015,12,5,1,1,Spiral,1834.78,1452128.3
58,31,284341.32,2,3,4,3,1,4902.4366,12,1,0,1,Spiral,2423.01,382462.66
72,37,602135.16,3,4,3,1,3,8362.9883,3,1,0,1,SAFe,3034.3,672940.93
29,12,51069.71,1,1,1,3,2,1761.0245,3,4,0,1,Iterative,193.65,52007.45
73,8,1314064.75,3,5,3,3,3,18000.887,9,3,0,1,SAFe,642.85,1674803.77
5,23,443088.19,3,3,3,3,2,88617.638,9,5,1,3,Agile,94.35,563790.39
76,4,530777.5,3,4,4,2,3,6983.9145,8,1,0,2,SAFe,392.61,656091.19
65,8,172086.89,3,5,5,1,3,2647.4906,5,5,0,2,SAFe,468.06,197504.79
4,7,48256.88,2,1,1,1,4,12064.22,1,4,1,1,Iterative,15.32,51824.08
5,5,88300.22,5,1,2,3,4,17660.044,6,3,1,2,Agile,35.76,127106.55
71,11,734610.79,4,2,5,2,4,10346.6308,10,1,1,3,V-Model,1285.54,904601.83
34,4,644268.01,5,5,4,1,2,18949.0591,4,5,0,3,RAD,89.69,740811.39
31,42,48013.54,2,5,5,2,4,1548.8239,10,4,0,2,Scrum,1064.74,55265.15
16,31,339225.6,5,2,5,2,3,21201.6,10,1,1,2,V-Model,818.26,321804.42
47,31,119238.09,1,3,5,3,4,2536.9806,15,2,0,2,Spiral,1889.93,122338.46
9,23,713013.69,5,1,4,3,4,79223.7433,12,3,1,2,Spiral,227.89,746888.07
17,24,128116.98,4,4,3,3,3,7536.2929,9,5,1,3,Spiral,538.57,131879.6
70,8,687767.55,1,2,2,2,1,9825.2507,4,4,0,1,SAFe,301.75,817307.32
16,27,508230.03,4,5,2,2,4,31764.3769,4,4,0,1,Scrum,345.5,524591.49
26,37,520324.09,2,5,5,1,1,20012.465,5,2,0,3,Scrum,1189.33,737638.39
54,48,626085.45,2,2,5,2,4,11594.175,10,2,0,3,SAFe,3184.09,871413.98
37,28,329796.38,2,4,5,1,1,8913.4157,5,3,1,2,Agile,852.61,377192.94
10,30,170043.21,3,3,2,3,4,17004.321,6,2,0,2,Iterative,340.7,3747700.0
34,17,1415018.81,4,5,4,2,4,41618.2003,8,3,1,2,Spiral,660.86,1783370.68
53,41,1181739.62,3,3,4,2,2,22296.974,8,5,1,2,V-Model,1944.59,1401538.32
63,19,210666.65,3,2,1,1,4,3343.9151,1,3,1,3,SAFe,987.55,262959.51
49,41,1475342.07,2,3,4,1,3,30109.0218,4,4,1,2,Agile,1427.55,1767549.92
37,43,30047.51,5,2,3,1,4,812.0949,3,1,0,2,Waterfall,1838.13,39752.47
48,23,996358.29,4,2,5,3,1,20757.4644,15,3,1,3,Spiral,1270.7,1029068.81
22,47,1279839.23,5,4,2,1,2,58174.5105,2,2,0,1,Waterfall,644.33,1711660.23
41,16,146416.95,3,1,4,2,2,3571.1451,8,5,1,2,Iterative,489.36,183597.87
63,2,134200.93,5,3,5,3,2,2130.1735,15,1,1,2,Spiral,192.22,169045.67
59,48,1259414.07,1,4,1,3,2,21346.0012,3,4,1,2,SAFe,2695.58,1549220.11
57,41,1338550.59,2,2,3,3,1,23483.3437,9,3,0,3,Spiral,2857.5,1780652.74
6,6,109351.11,2,4,3,2,2,18225.185,6,5,0,2,XP,26.78,418437.5
39,1,350560.2,1,3,1,2,3,8988.7231,2,2,1,3,RAD,45.68,267941.89
35,2,534069.76,4,2,2,3,1,15259.136,6,1,1,3,Agile,77.06,577131.2
41,2,64813.68,5,4,5,2,4,1580.8215,10,2,0,3,RAD,116.96,62412.66
22,38,1046070.22,4,1,3,1,1,47548.6464,3,4,0,3,Waterfall,615.81,1165453.36
42,43,16579.0,1,1,4,3,2,394.7381,12,1,0,2,Spiral,2270.19,20536.83
39,21,1048156.59,1,2,3,2,4,26875.81,6,4,1,1,Iterative,491.13,1274092.2
12,22,286773.38,2,1,5,2,3,23897.7817,10,4,1,3,Spiral,327.96,358993.95
57,48,532175.98,3,4,3,1,3,9336.4207,3,2,1,2,SAFe,3183.46,678339.7
27,10,860978.02,3,1,2,3,4,31888.0748,6,4,0,2,Agile,268.68,1005715.82
51,9,1211454.3,5,3,5,2,2,23754.0059,10,3,1,2,V-Model,486.05,1558181.13
57,26,1470914.43,3,4,3,3,4,25805.5163,9,5,0,2,SAFe,1385.68,1652822.39
26,26,758362.9,3,4,5,2,4,29167.8038,10,2,1,3,V-Model,855.06,833481.32
34,35,1470438.05,5,2,5,2,4,43248.1779,10,3,1,2,V-Model,1464.92,1874459.8
36,13,1203709.19,1,5,1,2,3,33436.3664,2,2,0,2,Scrum,441.77,1731816.34
10,22,1427408.42,5,3,2,3,1,142740.842,6,2,0,3,Spiral,231.21,1869894.96
14,6,771719.07,1,4,5,3,4,55122.7907,15,3,0,2,Spiral,114.28,960007.48
34,44,489410.63,2,2,3,1,1,14394.4303,3,4,1,3,Iterative,959.18,586177.57
16,32,1109903.1,3,3,2,3,1,69368.9438,6,1,0,2,Iterative,537.93,1320007.78
71,34,822928.54,1,5,4,2,3,11590.5428,8,3,0,1,SAFe,2506.51,937715.74
42,34,842701.94,4,3,1,1,2,20064.3319,1,3,1,2,Agile,902.09,1025558.93
27,6,1400383.2,5,2,3,1,1,51866.0444,3,3,1,2,Waterfall,104.39,1044303.67
76,29,1076243.96,2,2,3,2,1,14161.1047,6,2,0,2,SAFe,2163.36,1228144.7
48,43,900720.72,2,3,4,2,2,18765.015,8,4,0,3,Scrum,2099.07,1179668.65
33,29,1470406.53,1,5,4,1,3,44557.7736,4,5,0,2,Scrum,669.44,1769420.23
43,21,380296.27,1,1,1,3,4,8844.0993,3,4,0,2,Iterative,887.29,458598.82
75,2,616129.01,2,1,2,3,4,8215.0535,6,1,1,1,SAFe,192.63,714656.79
79,48,1092480.19,5,3,5,2,2,13828.8632,10,4,0,3,SAFe,3825.55,1291272.38
56,37,299496.45,3,3,1,3,2,5348.1509,3,3,0,2,SAFe,2208.92,354202.86
38,6,1159248.71,4,2,4,2,2,30506.545,8,2,1,2,Spiral,308.88,1720300.89
40,9,404848.06,5,4,1,2,4,10121.2015,2,4,0,3,Scrum,280.58,533706.53
70,25,1302486.84,4,4,2,2,3,18606.9549,4,3,1,2,SAFe,1765.82,1792233.27
35,28,592076.17,1,4,5,2,2,16916.462,10,5,0,3,Scrum,758.85,768567.29
66,12,532604.06,3,3,5,2,3,8069.7585,10,4,1,1,Spiral,637.26,661200.08
57,17,683301.17,2,2,3,3,4,11987.7398,9,1,0,1,Iterative,1213.42,882535.77
66,16,274007.08,4,1,4,3,1,4151.6224,12,4,1,1,Spiral,948.58,343510.94
51,28,142372.47,2,4,5,1,3,2791.6171,5,2,1,2,SAFe,1825.7,163607.99
36,13,930480.93,5,5,3,2,2,25846.6925,6,1,1,3,V-Model,600.64,913381.63
54,19,345188.68,5,2,2,3,4,6392.383,6,3,0,1,Spiral,1024.31,433265.48
35,36,1091655.94,4,5,5,2,1,31190.1697,10,4,0,1,Scrum,987.93,1350845.63
71,42,818710.11,3,5,4,3,2,11531.1283,12,3,1,2,Spiral,3132.63,948947.43
50,32,138584.71,1,3,3,1,4,2771.6942,3,2,0,1,Scrum,1230.86,155249.01
2,5,1302091.71,5,5,3,1,1,651045.855,3,4,1,2,V-Model,7.94,146040.07
42,29,1238225.34,4,1,1,1,3,29481.5557,1,4,0,2,Agile,957.58,1328685.79
6,27,565805.08,3,4,3,2,1,94300.8467,6,2,1,2,Scrum,148.17,650800.01
26,29,1259974.72,5,3,2,2,4,48460.5662,4,4,1,3,Scrum,708.67,1642977.75
74,32,578264.94,5,3,3,2,4,7814.3911,6,2,0,2,SAFe,2307.42,651722.57
77,48,1183012.4,3,3,1,3,4,15363.7974,3,3,1,2,SAFe,3261.75,1563182.74
45,5,1530457.24,2,2,2,1,2,34010.1609,2,2,1,2,Iterative,204.28,1476371.18
17,5,1351938.95,1,4,4,3,4,79525.8206,12,2,0,2,Agile,99.77,1065185.04
35,37,67994.4,1,2,4,1,1,1942.6971,4,4,1,3,Iterative,1093.73,76695.72
13,29,1475676.76,3,3,1,3,1,113513.5969,3,1,0,1,Scrum,325.42,1760476.2
32,33,666495.56,3,4,4,1,1,20827.9863,4,1,1,1,V-Model,917.42,772888.45
18,15,349305.48,4,4,4,3,2,19405.86,12,3,0,1,Spiral,268.52,424396.6
27,42,1034486.58,5,1,5,1,2,38314.3178,5,3,0,3,V-Model,1336.57,1030049.94
12,2,114137.25,3,1,1,3,2,9511.4375,3,3,1,2,Agile,17.79,129294.13
68,36,696142.28,1,1,3,2,1,10237.3865,6,4,1,1,Iterative,1166.54,883663.63
57,47,1091653.12,4,3,4,1,3,19151.8091,4,2,1,1,V-Model,3431.13,1246241.59
54,18,674734.8,2,2,1,3,1,12495.0889,3,2,0,2,SAFe,936.48,790547.01
39,28,45490.09,1,1,1,3,4,1166.4126,3,2,0,1,Iterative,970.37,53355.88
3,14,1373549.77,4,2,5,2,4,457849.9233,10,5,0,3,XP,41.39,827198.71
14,12,1237606.67,2,4,5,1,1,88400.4764,5,1,0,1,Scrum,160.26,1462543.84
17,48,52820.0,5,1,5,1,3,3107.0588,5,4,0,3,Waterfall,889.52,70477.12
25,16,1363459.99,2,4,5,3,4,54538.3996,15,1,0,2,Spiral,729.67,1758404.7
35,7,1014905.88,4,4,5,3,2,28997.3109,15,5,0,1,Spiral,183.92,1157437.48
26,14,393199.38,2,5,2,2,2,15123.0531,4,4,0,2,Scrum,200.29,484789.54
24,38,494094.97,4,2,1,3,1,20587.2904,3,1,0,2,Agile,1045.56,615770.31
6,26,115611.69,1,4,2,1,1,19268.615,2,5,1,1,Scrum,69.01,146032.84
65,25,146909.82,1,5,2,1,4,2260.1511,2,4,1,1,Scrum,858.66,177525.16
6,39,145730.41,4,5,3,2,2,24288.4017,6,1,0,1,Scrum,254.8,181192.74
70,12,1336557.7,3,2,5,1,4,19093.6814,5,1,1,2,SAFe,991.99,1542643.8
71,24,671457.39,5,4,3,1,1,9457.1463,3,4,0,2,SAFe,1182.46,634990.94
76,18,755910.97,4,3,4,3,3,9946.197,12,5,0,1,Spiral,1319.38,839945.04
22,36,1148173.74,4,1,3,2,3,52189.7155,6,2,1,2,V-Model,1121.65,1432625.91
74,39,251376.65,4,5,2,2,3,3396.9818,4,4,0,3,SAFe,3249.92,324851.78
40,16,1415633.16,3,3,4,1,1,35390.829,4,2,0,1,Agile,574.51,1517217.66
10,30,1268155.35,1,2,4,1,4,126815.535,4,5,1,3,Scrum,215.51,1390973.67
69,19,28720.79,4,1,4,3,2,416.2433,12,5,1,1,V-Model,1137.7,36777.59
58,3,1271545.29,4,3,4,3,4,21923.1947,12,2,0,2,Spiral,237.28,1492877.11
59,26,1526203.98,2,3,2,2,2,25867.8641,4,1,1,3,Scrum,1796.07,1806197.38
31,22,1439630.16,1,2,4,1,4,46439.6826,4,3,1,3,Scrum,762.73,1685246.6
73,9,1025235.06,1,4,1,1,1,14044.3159,1,4,0,3,SAFe,439.12,1140301.55
30,39,797334.15,4,1,2,1,1,26577.805,2,5,1,2,Waterfall,548.28,963364.11
66,14,510085.17,5,2,4,3,1,7728.5632,12,4,0,3,SAFe,869.13,616164.47
31,11,1389080.13,1,4,2,3,4,44809.0365,6,5,1,3,Scrum,293.48,1397538.21
13,3,1265014.73,1,3,1,3,1,97308.8254,3,1,0,2,Scrum,36.24,216616.44
22,3,1051382.19,5,5,3,2,3,47790.0995,6,1,1,1,V-Model,91.35,1340886.63
80,36,1258932.56,4,5,5,3,4,15736.657,15,1,1,1,Spiral,3539.47,1437353.64
13,29,734895.75,1,1,4,1,2,56530.4423,4,4,0,2,Iterative,235.17,787017.51
23,32,477538.21,5,4,1,2,2,20762.5309,2,4,0,1,Agile,442.48,544061.91
21,9,1436521.6,3,3,1,2,2,68405.7905,2,3,1,3,Scrum,225.44,1729636.72
69,13,1508459.06,5,3,3,1,3,21861.7255,3,5,0,3,SAFe,902.85,1810326.37
58,16,1196750.75,2,3,2,1,2,20633.6336,2,5,1,3,SAFe,584.33,1230335.57
22,2,1166134.09,1,3,5,3,4,53006.095,15,3,0,1,Spiral,57.23,1379801.98
14,7,1157619.73,4,1,2,3,1,82687.1236,6,5,0,1,Agile,62.71,682973.98
73,20,785339.51,5,4,2,3,3,10758.0755,6,4,0,3,SAFe,1692.26,1054963.44
24,28,1302484.47,2,2,2,3,1,54270.1862,6,1,0,1,Iterative,591.27,1674477.08
64,35,1328009.88,1,1,4,2,1,20750.1544,8,4,1,1,Iterative,1458.57,1620067.46
31,15,134420.44,2,5,2,3,1,4336.1432,6,5,0,2,Scrum,358.95,167797.26
78,20,597549.45,5,3,5,2,3,7660.8904,10,1,1,1,V-Model,1982.03,858038.37
42,5,759787.25,3,5,2,3,2,18090.1726,6,5,1,1,Scrum,139.4,1006056.37
40,27,573003.23,1,2,5,2,2,14325.0808,10,1,1,3,Spiral,1422.11,747295.05
8,20,546586.85,3,3,3,3,4,68323.3562,9,3,0,3,Spiral,200.38,606393.67
60,38,444004.44,2,4,1,3,3,7400.074,3,3,0,3,SAFe,3101.99,560996.69
48,47,1172997.52,1,2,1,2,3,24437.4483,2,3,1,2,Iterative,2562.48,1382491.61
57,11,1126544.75,5,1,3,2,1,19763.943,6,5,0,3,SAFe,494.51,1430476.31
35,17,1341562.54,4,2,3,3,1,38330.3583,9,5,1,2,Agile,400.49,1507888.02
8,21,1232502.94,4,3,4,1,4,154062.8675,4,1,1,3,V-Model,250.42,1330384.7
57,39,944851.07,3,5,1,1,3,16576.3346,1,2,0,2,SAFe,2331.55,1196866.77
26,41,1447302.77,2,2,2,1,3,55665.4912,2,3,0,2,Agile,863.69,1821804.27
57,47,171408.25,3,1,3,2,4,3007.1623,6,3,0,1,Agile,1993.65,201299.92
31,35,1042649.54,3,5,3,3,1,33633.8561,9,1,1,2,Scrum,1230.37,1156888.94
20,30,451196.13,5,1,3,2,3,22559.8065,6,3,1,1,V-Model,552.55,11223671.88
31,32,863567.37,5,5,1,2,2,27857.0119,2,5,1,2,Agile,606.38,1094874.14
78,22,952562.44,5,5,1,3,1,12212.339,3,4,1,1,SAFe,944.53,1243752.62
8,40,1261332.84,4,1,5,1,4,157666.605,5,5,1,2,V-Model,281.03,1451279.49
16,40,1238600.5,3,4,5,1,4,77412.5312,5,5,0,1,Agile,496.87,1437905.34
75,19,955300.62,5,4,1,2,3,12737.3416,2,5,0,2,SAFe,975.17,1135956.17
7,6,157792.77,1,2,4,1,2,22541.8243,4,1,0,2,Iterative,53.08,192923.5
76,31,1148390.75,1,4,3,1,1,15110.4046,3,1,1,1,SAFe,2034.14,1187103.45
3,4,21076.66,3,2,2,1,1,7025.5533,2,4,0,1,Kanban,6.6,28050.0
65,22,685519.86,4,5,4,3,2,10546.4594,12,4,0,1,Spiral,1099.03,786911.01
40,5,1004988.9,4,3,3,3,4,25124.7225,9,1,1,3,Agile,274.29,1357253.66
44,9,211905.92,2,3,3,1,4,4816.0436,3,2,1,3,Iterative,421.51,222241.65
66,9,159564.77,5,1,5,3,4,2417.648,15,1,1,1,Spiral,987.14,214322.28
3,33,992107.6,3,2,5,2,3,330702.5333,10,3,0,2,Agile,124.73,1324521.38
28,41,422372.6,1,1,1,3,4,15084.7357,3,1,1,1,Iterative,1085.87,520332.46
37,47,1054656.95,4,5,1,3,2,28504.2419,3,3,0,2,Agile,1920.02,1426799.83
49,27,791703.08,5,5,2,3,1,16157.2057,6,2,0,3,Spiral,1593.46,1092219.98
72,29,399940.37,5,3,2,2,4,5554.7274,4,1,0,1,SAFe,2243.72,442949.42
36,15,476993.94,4,2,3,3,3,13249.8317,9,1,1,3,Agile,914.17,504744.64
56,17,342998.12,1,4,2,2,2,6124.9664,4,3,1,3,SAFe,913.03,399456.42
59,7,880702.91,5,1,1,2,1,14927.168,2,1,0,2,SAFe,382.19,997905.64
35,27,92015.91,3,3,4,2,2,2629.026,8,4,1,1,Agile,650.08,121075.02
70,21,1355370.9,5,5,2,2,4,19362.4414,4,4,0,2,SAFe,1267.61,1952464.11
31,26,734421.45,2,2,5,3,2,23691.0145,15,3,0,1,Spiral,778.73,973346.82
60,5,1198180.89,4,3,2,2,4,19969.6815,4,2,0,2,SAFe,294.15,1579062.5
65,48,769608.0,2,2,1,1,1,11840.1231,1,1,0,2,SAFe,2902.59,998470.46
70,29,295215.98,5,5,3,1,3,4217.3711,3,1,0,2,SAFe,2687.4,384120.61
49,18,144423.57,2,1,1,3,2,2947.4198,3,4,0,3,Iterative,696.04,186254.32
41,18,1047625.89,5,4,3,2,3,25551.851,6,4,0,3,XP,605.12,1169262.46
48,46,1230490.95,4,5,3,1,4,25635.2281,3,3,0,1,Scrum,1883.56,1412780.17
10,35,196343.44,5,4,3,3,2,19634.344,9,4,0,1,Agile,270.8,253809.47
10,8,1055649.76,2,3,5,2,1,105564.976,10,4,0,3,Scrum,66.39,1222744.34
20,19,370844.96,4,5,5,1,4,18542.248,5,1,1,1,Scrum,382.7,480100.45
71,10,1097179.44,5,3,5,3,1,15453.2315,15,2,0,1,Spiral,683.54,1362392.76
20,45,1231247.05,2,3,2,2,1,61562.3525,4,2,1,1,Scrum,633.48,1498683.78
64,7,1145637.32,3,3,1,3,1,17900.5831,3,5,0,2,SAFe,357.95,1341033.33
62,5,1162005.28,3,2,2,3,1,18742.0206,6,2,1,2,SAFe,339.25,1543777.22
15,7,941619.76,4,3,5,3,3,62774.6507,15,4,0,2,Spiral,144.35,1223615.15
47,38,1015113.27,5,5,4,1,4,21598.1547,4,4,0,2,Waterfall,1803.89,922418.12
42,36,855072.8,3,1,3,3,4,20358.8762,9,4,0,2,Spiral,1899.25,1068135.0
25,21,1134476.14,1,5,1,1,3,45379.0456,1,5,1,3,Scrum,384.19,1544006.93
3,1,1493174.11,3,4,4,1,3,497724.7033,4,1,1,2,RAD,3.98,68287.03
8,29,518834.23,4,4,2,3,1,64854.2788,6,3,0,3,Spiral,224.01,667918.6
33,30,428511.28,4,4,2,1,1,12985.1903,2,5,0,1,Scrum,476.36,523774.13
37,36,607481.43,4,3,5,3,4,16418.417,15,5,1,3,Spiral,1410.55,798200.64
20,45,166394.05,5,5,1,1,4,8319.7025,1,4,0,3,Agile,834.28,197132.85
68,45,540659.28,1,3,5,3,4,7950.8718,15,4,1,3,Spiral,3513.81,636236.04
12,41,967973.67,2,4,4,1,4,80664.4725,4,4,0,1,Scrum,394.01,1017112.99
63,16,1376909.81,1,1,1,1,4,21855.7113,1,3,1,1,Agile,835.88,1701458.58
39,32,194631.19,1,5,4,1,2,4990.5433,4,2,1,3,Scrum,1690.6,196299.02
10,15,1267126.92,2,4,1,3,1,126712.692,3,4,0,3,Scrum,117.42,763241.99
7,3,554916.74,3,5,3,2,4,79273.82,6,1,0,1,RAD,21.85,226955.11
39,15,1204302.03,5,1,4,3,2,30879.5392,12,1,1,1,Spiral,728.79,1429442.45
35,28,753010.95,2,1,5,2,3,21514.5986,10,2,0,3,Iterative,1326.39,815100.2
59,45,697929.33,4,2,1,3,4,11829.3107,3,5,0,3,SAFe,2577.36,772799.32
15,47,619819.76,3,3,5,1,3,41321.3173,5,4,0,1,Agile,497.0,775356.41
3,5,1158507.82,1,3,5,1,1,386169.2733,5,3,1,2,Agile,11.01,214876.19
17,22,512699.2,3,1,4,2,3,30158.7765,8,2,0,2,Iterative,619.21,584073.42
71,21,446778.57,3,5,5,2,3,6292.6559,10,2,0,1,SAFe,1787.66,624397.66
80,8,632027.53,5,5,1,2,1,7900.3441,2,2,1,2,SAFe,550.97,814130.43
70,27,124173.57,4,1,3,1,4,1773.9081,3,2,1,1,SAFe,1787.39,150649.31
24,39,1475106.33,3,2,2,1,4,61462.7638,2,1,1,1,Agile,755.72,1787831.01
68,18,584036.47,4,1,5,1,4,8588.7716,5,3,0,1,Waterfall,1111.77,635592.14
62,34,1463437.97,3,3,2,2,2,23603.8382,4,3,0,1,Agile,1626.27,1939482.55
77,45,523751.7,1,4,1,1,3,6801.9701,1,3,1,1,SAFe,2710.18,656137.72
49,8,1069934.17,3,3,3,2,2,21835.3912,6,5,0,2,Agile,283.22,1319897.6
62,10,696960.62,2,1,4,1,2,11241.3003,4,5,1,2,SAFe,418.23,758683.36
21,44,1292650.92,3,1,4,3,4,61554.8057,12,3,1,3,Spiral,1409.82,1629866.84
28,9,1199383.36,5,5,5,1,1,42835.12,5,4,1,1,V-Model,187.31,1572453.45
14,37,606065.94,3,2,2,1,2,43290.4243,2,5,1,2,Agile,298.97,728857.11
79,8,278831.58,1,4,1,3,2,3529.5137,3,5,0,1,Agile,460.1,355271.79
4,40,1133328.06,4,1,1,3,2,283332.015,3,1,1,1,Agile,165.42,1324899.85
19,35,1546467.09,4,4,1,3,2,81393.0047,3,1,1,2,Agile,748.43,1744299.82
23,48,222668.74,1,1,5,2,1,9681.2496,10,2,0,2,Iterative,1096.39,239429.61
19,25,335202.96,5,4,3,3,1,17642.2611,9,1,0,1,Agile,480.14,366561.02
25,47,747838.64,2,3,5,1,4,29913.5456,5,1,1,2,Iterative,1563.31,834211.88
4,36,1098272.93,2,1,1,1,1,274568.2325,1,1,1,2,Iterative,101.87,751951.66
17,43,190206.64,3,4,4,2,2,11188.6259,8,3,1,2,Spiral,706.49,221339.61
57,47,1200009.42,4,3,5,3,3,21052.7968,15,5,1,1,Spiral,3002.4,1333947.66
11,19,1262672.02,2,5,2,2,2,114788.3655,4,4,1,1,Scrum,127.92,785113.11
10,18,277817.84,3,2,4,3,4,27781.784,12,4,1,2,Spiral,207.57,5643309.38
42,42,76367.56,2,2,5,2,3,1818.2752,10,3,1,1,Spiral,2466.61,82698.22
60,20,69408.64,2,1,5,3,1,1156.8107,15,4,1,2,Spiral,1257.35,75888.58
23,15,970940.61,5,3,2,3,4,42214.8091,6,3,1,1,Agile,271.06,1156841.31
73,10,1371252.62,3,5,1,1,3,18784.2825,1,4,0,3,SAFe,521.22,1876622.17
29,7,1127526.98,3,5,4,3,2,38880.2407,12,1,0,3,Spiral,309.47,1502428.35
24,8,818867.17,4,1,1,2,2,34119.4654,2,3,0,2,Waterfall,143.9,710754.32
8,31,946069.41,2,5,4,3,2,118258.6762,12,5,1,2,Spiral,197.21,1109262.91
47,2,234096.18,2,2,1,3,3,4980.7698,3,4,0,1,Iterative,73.17,267673.51
60,2,696935.67,2,1,3,3,3,11615.5945,9,2,0,1,Spiral,148.22,680112.74
74,30,53092.99,4,1,3,2,4,717.4728,6,4,0,2,SAFe,2052.3,63648.68
13,7,100650.76,5,1,5,2,3,7742.3662,10,2,1,2,V-Model,139.81,120657.46
53,40,1295198.05,5,5,2,3,2,24437.6991,6,5,0,3,Scrum,275.38,1013599.74
37,18,517679.24,4,1,2,2,2,13991.3308,4,5,1,3,Agile,428.65,617713.17
25,36,672923.24,2,1,4,3,3,26916.9296,12,5,1,1,Spiral,798.53,18091695.31
35,44,711825.42,3,3,5,2,2,20337.8691,10,3,1,2,V-Model,1756.34,750350.37
66,15,1060824.29,3,4,2,2,3,16073.0953,4,5,0,1,Agile,678.85,1168754.38
34,31,718325.53,2,1,1,3,4,21127.2215,3,3,1,1,Agile,957.27,800411.45
56,8,294215.53,3,4,3,1,2,5253.8488,3,5,0,2,Scrum,278.7,312469.81
19,9,1494738.64,2,4,1,2,2,78670.4547,2,5,1,3,Scrum,121.82,1387398.73
33,22,967358.93,2,4,4,3,3,29313.907,12,3,0,2,Spiral,1034.57,1190803.47
13,3,898622.53,1,5,1,1,2,69124.81,1,4,0,2,RAD,17.96,94231.43
14,47,1053257.78,1,3,5,2,1,75232.6986,10,1,0,2,Scrum,841.73,1368044.32
67,35,221131.55,5,4,4,1,4,3300.4709,4,5,1,2,V-Model,1705.53,272913.38
34,22,386560.14,3,4,5,2,4,11369.4159,10,2,0,1,Scrum,816.5,492153.09
79,1,1133323.8,2,3,1,2,3,14345.8709,2,2,1,3,SAFe,96.44,1236124.99
51,46,1441542.22,4,5,1,3,1,28265.5337,3,2,0,2,SAFe,2645.5,1757339.02
65,43,464045.95,2,3,3,1,4,7139.1685,3,5,1,1,Agile,1597.38,456308.08
41,41,392293.95,5,4,1,2,4,9568.1451,2,2,0,3,Scrum,1679.5,402191.75
3,9,623393.44,2,5,5,2,3,207797.8133,10,5,0,3,XP,25.44,402950.54
17,24,166344.4,4,4,2,2,4,9784.9647,4,4,0,1,Agile,301.6,187253.98
79,28,1001388.17,2,3,4,1,3,12675.7996,4,5,1,3,SAFe,2047.4,1114608.57
14,25,1440692.98,4,1,5,1,3,102906.6414,5,5,0,1,Waterfall,275.66,1770749.65
36,38,1148090.35,2,5,5,3,1,31891.3986,15,4,1,1,Spiral,910.09,1413614.92
66,10,1019068.66,3,5,1,3,4,15440.4342,3,5,0,2,SAFe,503.11,1122324.97
15,22,1430616.65,3,3,5,3,3,95374.4433,15,4,0,3,Spiral,369.27,1845867.56
11,19,1538227.32,5,5,3,1,1,139838.8473,3,1,1,1,V-Model,172.56,1860999.79
62,2,1468367.88,5,1,2,3,3,23683.3529,6,3,1,1,Agile,124.64,1146380.75
9,39,403615.64,1,3,5,1,1,44846.1822,5,1,1,2,Scrum,313.74,460062.1
39,11,1177146.71,5,2,2,2,4,30183.249,4,4,1,2,Agile,414.5,1328865.44
7,31,1157999.89,1,4,3,2,1,165428.5557,6,1,0,3,Scrum,262.38,1261092.07
18,26,657902.11,1,2,3,1,2,36550.1172,3,2,0,2,Iterative,479.82,896413.63
25,40,1299430.16,4,1,1,2,2,51977.2064,2,5,1,3,Agile,660.64,1420290.99
67,27,297916.02,3,4,2,3,3,4446.5078,6,3,0,3,Spiral,2338.55,308230.93
43,27,1309014.58,2,1,4,1,3,30442.1995,4,3,1,2,Iterative,1110.37,1656215.05
45,30,926932.26,3,1,4,3,3,20598.4947,12,2,1,2,Spiral,2338.84,1011676.71
67,48,1111026.56,2,4,3,1,2,16582.486,3,4,0,1,Scrum,748.36,596915.37
64,28,71604.72,2,1,1,2,4,1118.8238,2,4,0,2,SAFe,1139.89,82959.49
26,11,1019768.84,3,5,4,2,1,39221.8785,8,5,0,3,Scrum,208.44,1270592.35
2,27,1419689.64,2,1,5,2,1,709844.82,10,1,0,2,Iterative,74.65,1283807.6
6,6,80792.04,3,4,3,2,1,13465.34,6,4,0,1,Scrum,26.91,322920.0
41,6,247400.87,5,2,5,1,3,6034.1676,5,3,1,3,V-Model,240.04,312156.42
7,16,1011216.22,3,2,5,2,4,144459.46,10,4,1,2,Spiral,131.57,1333724.09
50,21,353208.64,5,4,3,2,4,7064.1728,6,2,0,1,Agile,1111.15,450032.65
7,12,860145.14,5,1,2,1,3,122877.8771,2,4,0,2,Waterfall,63.73,311426.24
11,22,1210143.54,5,4,4,3,3,110013.0491,12,5,1,2,Spiral,224.2,1399664.78
25,48,693298.21,1,1,2,3,1,27731.9284,6,1,0,3,Iterative,1467.13,810283.92
58,14,905293.8,4,4,3,2,2,15608.5138,6,3,1,3,SAFe,630.13,1121357.39
49,41,1081825.33,2,5,1,2,1,22078.068,2,4,1,2,Scrum,1065.74,1159103.99
41,43,675011.98,4,2,3,2,1,16463.7068,6,1,1,1,Agile,1527.77,769889.23
67,16,929245.37,4,4,2,1,4,13869.3339,2,4,1,2,SAFe,685.45,1236755.61
10,8,77989.23,2,3,5,2,1,7798.923,10,5,0,1,Agile,57.17,101128.04
63,44,229166.18,3,5,5,3,2,3637.5584,15,4,0,2,Spiral,3187.58,315179.86
46,7,1246505.57,3,4,4,1,4,27097.9472,4,3,1,2,Scrum,373.85,1253956.56
22,10,1192693.64,2,5,1,1,4,54213.3473,1,4,1,3,Scrum,179.75,1238598.67
43,25,223710.19,5,3,5,1,3,5202.5626,5,3,0,2,Waterfall,1177.87,251023.23
14,35,1463871.1,3,3,5,3,1,104562.2214,15,2,1,2,Spiral,510.72,1741565.21
45,15,645145.19,5,4,3,3,3,14336.5598,9,2,1,3,Spiral,1206.13,785203.46
67,26,753988.02,5,5,5,2,3,11253.5525,10,5,0,3,SAFe,1703.21,971262.54
25,38,901564.55,3,5,2,3,4,36062.582,6,1,1,3,Scrum,1360.75,1074764.83
47,22,803704.73,1,3,4,3,1,17100.1006,12,4,0,2,Spiral,1063.07,937414.13
54,17,300414.35,1,4,4,2,2,5563.2287,8,5,1,2,Spiral,675.27,371235.42
73,3,66299.49,1,4,2,2,1,908.2122,4,5,1,2,SAFe,143.21,87834.99
70,33,1014573.97,2,4,4,1,2,14493.9139,4,4,0,3,SAFe,1738.14,1204029.34
38,8,343873.64,2,3,5,1,3,9049.3063,5,5,1,1,Agile,233.13,456162.15
71,31,1050516.34,1,2,3,3,3,14796.0048,9,2,0,1,Spiral,3218.33,1171039.77
36,21,1084255.76,4,5,5,1,1,30118.2156,5,4,1,3,V-Model,761.54,1191715.72
2,22,617355.63,1,5,1,3,1,308677.815,3,2,0,3,Scrum,55.73,490902.05
47,17,1277078.97,1,3,1,2,2,27171.893,2,3,1,2,Scrum,640.83,1688328.68
57,11,368147.74,1,2,4,3,4,6458.7323,12,5,1,1,Spiral,543.05,498775.06
75,21,1384197.47,4,5,2,2,4,18455.9663,4,3,0,2,SAFe,1240.41,1442008.36
24,15,87928.68,3,5,1,2,4,3663.695,2,3,0,3,Scrum,382.52,105153.26
47,48,368768.14,4,1,2,3,3,7846.1306,6,3,0,2,Agile,2922.08,449437.85
26,23,194678.76,1,2,2,1,3,7487.6446,2,4,0,2,Iterative,435.8,221516.97
12,42,1416986.17,2,4,2,2,4,118082.1808,4,4,1,3,Scrum,490.08,1863587.9
8,4,640513.85,4,4,4,2,1,80064.2312,8,1,0,3,RAD,38.14,551553.07
12,16,260416.21,4,2,2,1,3,21701.3508,2,5,0,2,Waterfall,162.06,334533.05
50,11,484364.91,4,2,4,1,2,9687.2982,4,2,0,1,Agile,419.7,711133.87
79,31,1266036.49,5,2,1,2,4,16025.7784,2,4,1,1,SAFe,1885.52,1388650.83
16,44,1154548.57,1,4,3,3,3,72159.2856,9,5,1,2,Spiral,710.8,1332702.45
71,9,1108101.47,3,1,4,1,1,15607.063,4,1,1,1,SAFe,631.82,1357961.24
34,33,793438.4,2,1,1,3,1,23336.4235,3,2,0,1,Iterative,1043.74,999551.29
71,37,362703.0,4,5,1,2,4,5108.493,2,3,0,1,SAFe,2000.32,457424.79
20,21,1425841.6,4,4,4,2,3,71292.08,8,4,1,1,V-Model,418.75,1799513.9
13,47,716703.22,4,3,2,1,2,55131.0169,2,2,1,2,Scrum,422.59,805141.66
9,20,14896.08,2,2,1,3,1,1655.12,3,2,1,3,Scrum,185.99,20543.13
37,8,876984.92,1,1,5,2,4,23702.2951,10,3,1,3,Spiral,360.44,1031508.97
15,40,283303.67,5,4,5,2,2,18886.9113,10,5,1,2,V-Model,541.96,331199.81
58,47,596592.3,4,5,3,1,3,10286.0741,3,3,1,3,SAFe,3021.31,694197.86
66,28,396129.11,1,2,2,3,2,6001.9562,6,1,1,2,Spiral,2387.38,533394.18
51,33,24269.92,5,5,5,2,3,475.8808,10,1,1,2,V-Model,2540.61,30834.68
42,42,495622.08,1,5,2,3,2,11800.5257,6,3,0,2,Scrum,1356.79,558466.88
71,7,1447121.29,3,5,4,3,1,20381.99,12,3,1,2,Spiral,619.92,1773316.79
59,44,610847.9,1,3,4,2,4,10353.3542,8,3,1,3,Spiral,2760.97,757002.83
61,37,661116.62,1,5,2,1,2,10837.9774,2,2,0,3,SAFe,2369.54,848370.02
33,42,787694.74,5,5,1,3,4,23869.5376,3,4,1,3,Scrum,1506.04,910955.62
79,40,705306.98,2,2,2,3,2,8927.9365,6,1,0,3,Spiral,4138.67,964086.13
16,10,910313.82,3,5,3,3,3,56894.6138,9,1,0,3,Scrum,263.45,1121981.15
64,20,306509.12,1,5,4,3,1,4789.205,12,5,1,1,Spiral,962.01,382649.76
68,38,146882.42,3,2,2,3,3,2160.0356,6,4,0,2,Spiral,3318.37,197139.78
57,15,1292506.33,1,1,4,2,3,22675.5496,8,4,0,3,SAFe,1152.77,1504640.73
71,39,602883.45,3,3,4,2,4,8491.3162,8,2,0,3,SAFe,3911.82,823922.41
33,45,408321.46,1,3,4,2,1,12373.3776,8,5,0,1,Iterative,896.06,427066.69
30,19,613378.71,1,1,3,1,1,20445.957,3,4,1,2,Iterative,338.13,755530.12
34,1,873280.27,2,4,3,3,4,25684.7138,9,2,0,2,Spiral,50.94,932743.1
21,14,914111.74,1,2,4,3,2,43529.1305,12,2,0,2,Spiral,414.62,964375.88
62,26,1484756.14,5,4,1,1,2,23947.6797,1,2,1,2,Agile,1181.83,1583479.7
58,48,402591.41,3,5,1,3,2,6941.2312,3,5,0,3,SAFe,2260.9,476971.51
73,23,1510128.44,1,2,1,3,3,20686.691,3,3,0,1,SAFe,1580.57,1742553.37
23,28,233293.21,4,3,4,1,4,10143.183,4,4,0,1,Agile,596.46,241289.34
43,23,1372881.87,1,4,2,1,1,31927.4853,2,1,1,3,Scrum,868.49,1652196.2
58,48,48534.94,2,1,2,1,4,836.8093,2,4,0,3,SAFe,1838.46,59857.99
72,12,792329.45,5,5,2,2,4,11004.5757,4,1,1,1,SAFe,928.05,1007551.23
80,42,441374.56,3,2,2,3,4,5517.182,6,2,0,3,SAFe,3844.27,526693.11
51,15,175512.61,4,1,5,3,3,3441.4237,15,2,0,1,Spiral,1265.01,199683.0
69,10,1031346.35,3,1,3,1,4,14947.0486,3,4,0,2,SAFe,606.47,1362733.69
9,24,315157.3,1,3,4,1,4,35017.4778,4,1,1,3,Scrum,324.76,361199.23
6,47,432572.22,1,2,5,1,4,72095.37,5,1,1,1,Iterative,310.89,520667.2
15,24,314432.6,5,2,3,1,3,20962.1733,3,3,1,1,V-Model,267.7,4350125.0
77,1,764335.72,4,2,1,3,2,9926.4379,3,5,1,2,SAFe,52.21,422855.16
47,35,848744.88,2,2,4,3,2,18058.4017,12,3,1,2,Spiral,1969.53,878385.13
13,45,344442.32,5,1,3,2,4,26495.5631,6,2,1,1,V-Model,513.07,436949.73
60,4,863664.34,4,4,5,2,1,14394.4057,10,1,0,2,SAFe,295.9,1080865.59
45,27,764465.33,3,2,5,1,4,16988.1184,5,2,1,1,Iterative,1549.47,907489.0
16,17,335148.37,1,1,2,2,3,20946.7731,4,1,1,3,Iterative,366.06,372658.42
47,19,743825.41,1,4,4,2,1,15826.0726,8,4,1,1,Scrum,678.65,904624.04
48,9,885422.15,5,3,1,2,1,18446.2948,2,3,1,2,Agile,324.84,1047369.04
8,21,34236.51,5,2,5,2,2,4279.5638,10,3,1,3,V-Model,244.04,45940.62
44,3,1050316.23,2,5,3,3,3,23870.8234,9,2,0,3,Scrum,231.25,1116252.84
27,33,289569.24,3,4,1,3,4,10724.7867,3,1,1,1,Agile,1056.82,329885.05
47,34,574339.19,3,1,5,1,2,12219.9828,5,5,1,2,Iterative,1088.87,711472.31
67,22,1012020.06,4,2,3,1,4,15104.777,3,3,0,2,SAFe,1625.9,1278264.77
31,17,1045350.1,3,3,1,2,2,33720.971,2,3,1,1,Iterative,394.79,1177545.77
24,27,561680.86,4,5,3,1,3,23403.3692,3,5,0,1,Waterfall,427.38,654941.24
3,25,140207.37,1,1,3,3,2,46735.79,9,4,1,1,Spiral,66.29,169554.91
58,31,65277.73,3,4,2,1,3,1125.4781,2,2,0,3,SAFe,1773.2,85495.75
18,38,176283.88,2,5,4,2,1,9793.5489,8,3,0,3,Scrum,769.84,199242.93
47,25,444728.83,5,2,1,1,1,9462.3155,1,5,0,2,Waterfall,574.56,464528.54
17,26,316825.91,5,5,2,3,3,18636.8182,6,5,1,3,Scrum,363.38,378999.09
73,6,238506.64,5,1,1,2,4,3267.2142,2,5,0,1,SAFe,280.3,317770.03
24,42,668318.38,1,5,2,1,1,27846.5992,2,1,1,2,Scrum,838.42,737640.73
5,21,941258.01,2,2,1,3,3,188251.602,3,2,0,2,Agile,137.66,1111167.64
38,34,144576.8,5,1,4,2,4,3804.6526,8,4,0,1,Waterfall,1312.29,177129.66
11,1,754020.87,2,1,2,2,3,68547.3518,4,4,1,1,Iterative,8.71,90406.58
20,34,525483.8,1,2,1,1,4,26274.19,1,5,1,1,Iterative,361.25,519700.05
72,7,139816.9,3,1,2,2,3,1941.9014,4,4,1,1,SAFe,328.31,170206.69
68,16,1277505.56,2,3,5,3,2,18786.8465,15,3,0,1,Spiral,1337.51,1473044.7
17,8,272674.48,4,3,1,2,1,16039.6753,2,1,1,3,Agile,138.38,296412.78
70,6,221887.26,3,4,1,1,3,3169.818,1,1,0,2,SAFe,380.84,255981.55
13,33,1419945.77,5,1,2,3,2,109226.5977,6,5,1,2,Agile,353.9,1654947.01
44,15,873870.57,2,4,1,2,2,19860.6948,2,5,0,1,Scrum,373.24,1074666.25
30,28,515456.15,2,5,5,3,2,17181.8717,15,4,0,1,Spiral,671.72,593047.1
31,30,567244.06,3,5,2,2,4,18298.1955,4,1,0,2,Scrum,1032.95,663869.93
49,39,58613.27,1,3,2,2,1,1196.1892,4,1,1,3,Scrum,2368.56,81758.61
56,23,790955.39,4,2,5,2,3,14124.2034,10,3,0,2,SAFe,1330.17,1173590.39
66,37,416331.32,3,3,4,1,2,6308.0503,4,2,1,1,V-Model,2383.31,453737.77
24,40,1235312.78,2,2,2,2,4,51471.3658,4,5,1,3,Agile,971.03,1375856.92
26,35,888273.22,1,1,1,2,3,34164.3546,2,5,0,2,Iterative,657.71,979331.68
19,16,187949.01,2,1,5,3,2,9892.0532,15,5,0,3,Spiral,365.6,312293.69
18,12,77853.64,5,2,2,3,1,4325.2022,6,1,0,3,Scrum,218.53,99863.27
10,30,348077.05,1,2,2,2,1,34807.705,4,1,0,3,Iterative,283.86,340534.3
31,47,1146146.9,4,4,5,1,2,36972.4806,5,1,1,2,V-Model,1590.12,1332447.71
79,38,78192.65,5,3,3,2,4,989.7804,6,2,0,2,SAFe,3378.51,82726.55
9,3,314243.91,3,2,2,3,4,34915.99,6,4,0,1,Agile,22.34,211248.41
41,38,1190460.34,2,5,3,3,1,29035.618,9,5,0,2,Scrum,1098.79,1754908.07
3,41,1257086.74,2,4,5,1,2,419028.9133,5,2,0,1,Iterative,121.93,1510496.22
40,43,1315776.41,5,1,5,1,2,32894.4102,5,4,0,2,Waterfall,1125.89,1608434.01
66,27,11711.1,1,1,1,3,3,177.4409,3,5,0,3,SAFe,1796.67,14023.41
31,16,1301884.03,5,5,2,1,2,41996.259,2,3,0,2,Waterfall,348.4,1536664.36
15,40,1303660.37,1,4,5,2,3,86910.6913,10,4,1,1,Spiral,516.95,1613982.98
27,19,399128.99,2,1,5,3,1,14782.5552,15,2,0,3,Spiral,823.88,468968.82
44,11,1158978.0,5,3,2,3,1,26340.4091,6,5,0,2,Agile,337.9,1374206.49
58,46,1472541.37,3,1,5,3,2,25388.6443,15,4,1,1,Spiral,400.85,1382920.62
40,38,1491753.52,3,1,1,1,4,37293.838,1,5,1,3,Waterfall,905.41,1699242.21
64,31,1403498.72,1,5,4,2,4,21929.6675,8,1,1,2,Spiral,3023.96,1770246.77
63,12,462070.95,2,4,4,3,2,7334.4595,12,2,0,3,Spiral,1064.38,634694.78
38,28,674168.65,1,2,2,1,4,17741.2803,2,5,0,1,Agile,682.23,763201.6
37,29,626936.69,2,2,4,1,4,16944.2349,4,3,0,2,Iterative,1117.71,764827.61
20,17,1205007.76,1,1,2,2,2,60250.388,4,5,1,2,Iterative,218.25,1621134.06
62,44,344026.66,3,4,1,1,4,5548.8171,1,1,0,1,Agile,2400.96,398489.44
30,1,37469.83,5,3,5,1,4,1248.9943,5,3,0,3,RAD,32.39,45817.57
22,24,540106.0,3,1,5,3,2,24550.2727,15,5,0,1,Spiral,449.27,626730.72
49,5,399299.38,1,3,4,1,3,8148.9669,4,2,0,2,Scrum,300.38,521027.81
26,28,636437.35,1,5,4,2,2,24478.3596,8,5,1,3,Spiral,701.45,686431.21
52,5,140578.61,2,3,5,1,2,2703.4348,5,2,0,3,SAFe,324.96,195990.79
65,18,1180490.17,5,5,1,2,3,18161.3872,2,5,1,1,Agile,788.83,1305891.78
42,44,1341264.57,2,1,1,3,3,31934.8707,3,5,1,1,Iterative,1265.46,1549808.51
38,6,917860.87,1,3,4,3,2,24154.2334,12,5,0,1,Spiral,189.68,1089146.86
22,41,25673.34,5,4,3,1,3,1166.97,3,4,0,2,Waterfall,619.3,34551.34
32,16,712193.31,1,1,5,1,2,22256.0409,5,2,1,1,Iterative,548.54,881356.44
60,22,1126631.42,3,2,5,3,3,18777.1903,15,4,0,3,Spiral,1534.87,1518047.93
68,9,334921.6,2,4,1,3,2,4925.3176,3,3,0,3,SAFe,637.08,425588.89
72,2,1239586.13,2,3,3,1,1,17216.474,3,1,1,1,SAFe,112.6,1600504.43
48,43,438916.15,3,2,5,1,2,9144.0865,5,2,0,2,Agile,1902.69,520627.98
25,42,1425375.57,3,1,4,2,2,57015.0228,8,2,1,1,V-Model,892.62,1649988.37
6,33,859125.24,5,2,5,3,2,143187.54,15,4,1,1,Spiral,185.18,951574.97
42,40,1123979.91,2,5,5,3,2,26761.4264,15,1,0,3,Spiral,2491.47,1253458.63
4,4,784677.59,2,1,4,2,1,196169.3975,8,3,1,2,Spiral,12.28,249196.27
34,32,307350.85,2,4,1,1,3,9039.7309,1,1,0,1,Scrum,855.2,395333.6
4,25,676337.64,1,4,5,3,4,169084.41,15,2,0,3,Spiral,163.3,761013.33
27,20,72952.01,4,1,3,2,1,2701.9263,6,4,0,1,Agile,293.86,85835.78
31,4,1070636.54,5,4,4,3,2,34536.6626,12,1,1,3,Spiral,206.6,1373045.29
33,27,1423130.17,2,3,4,1,3,43125.1567,4,2,0,2,Iterative,958.17,1921095.83
53,32,1320055.77,2,3,2,2,1,24906.7126,4,1,1,3,SAFe,1847.52,1705478.29
54,48,476146.55,5,5,5,1,2,8817.5287,5,3,1,2,V-Model,2249.84,549514.58
66,38,638974.48,1,5,2,2,1,9681.4315,4,2,0,3,SAFe,2001.31,762031.29
62,21,196869.7,3,2,2,1,3,3175.3177,2,2,0,3,Scrum,1823.3,248771.04
65,21,473181.25,5,1,1,3,3,7279.7115,3,4,1,1,Agile,1307.2,545883.45
20,40,1373249.52,5,5,3,3,2,68662.476,9,4,0,3,V-Model,742.85,1741866.77
7,10,902265.28,4,1,4,3,4,128895.04,12,1,0,2,Spiral,113.96,1123967.07
46,17,668628.53,1,2,1,3,2,14535.4028,3,2,1,2,Iterative,852.86,842498.89
46,42,1084313.53,5,3,4,3,2,23572.0333,12,4,1,3,Spiral,2000.76,1364352.02
46,38,1061565.94,3,5,3,3,3,23077.5204,9,1,1,1,Spiral,2727.65,1205021.41
28,30,468264.97,4,3,4,3,2,16723.7489,12,1,0,1,Spiral,1104.96,648675.75
79,31,360978.15,2,1,4,1,1,4569.3437,4,2,1,2,SAFe,2933.06,395725.68
32,12,1226044.69,3,4,1,1,4,38313.8966,1,5,0,1,Agile,196.85,1168726.17
66,35,1462067.01,4,5,3,2,2,22152.5305,6,4,1,3,SAFe,1954.19,1776225.64
34,29,1325083.64,5,4,2,3,1,38973.0482,6,4,0,2,Agile,642.65,1664753.62
68,34,1097661.81,5,3,2,3,1,16142.0854,6,3,0,1,Agile,1669.84,1216010.54
41,10,243418.48,3,3,2,3,3,5937.0361,6,4,1,1,Scrum,295.03,332500.83
4,27,849233.89,3,3,3,1,4,212308.4725,3,2,1,2,Iterative,126.21,992658.9
52,2,998148.45,5,3,5,2,4,19195.1625,10,4,0,2,SAFe,105.62,1249895.91
54,13,1284365.16,4,2,1,2,1,23784.54,2,5,1,1,Waterfall,431.26,1705411.36
31,29,723078.81,2,4,3,1,2,23325.1229,3,2,0,1,Scrum,588.16,867187.78
5,35,684613.76,2,1,5,3,2,136922.752,15,3,1,2,Spiral,184.66,760376.13
23,37,1052549.43,1,4,1,3,1,45763.0187,3,3,1,3,Scrum,697.35,1433364.89
80,11,36494.18,1,2,1,3,4,456.1772,3,1,0,3,SAFe,1187.34,40799.71
16,28,468492.85,1,4,1,1,3,29280.8031,1,1,1,3,Scrum,576.77,543530.12
53,7,644377.19,5,2,4,3,1,12158.0602,12,5,1,1,Spiral,304.68,767089.67
23,38,447326.92,4,4,5,1,3,19448.9965,5,4,0,3,Waterfall,1068.98,517711.69
28,34,1055767.76,2,3,1,3,3,37705.9914,3,4,1,3,Scrum,1058.89,1239637.82
29,26,495621.36,3,3,1,1,3,17090.3917,1,4,1,1,Waterfall,529.65,571451.68
29,46,1120362.27,3,4,4,2,2,38633.1817,8,4,1,1,Spiral,950.87,1352076.74
31,31,1110185.24,4,2,4,2,2,35812.4271,8,2,0,3,Agile,1115.42,1199151.12
42,18,1001495.46,4,4,1,3,4,23845.13,3,1,1,2,Scrum,956.54,1371219.43
72,24,737763.87,1,3,2,1,1,10246.7204,2,5,1,3,SAFe,856.76,902050.9
14,44,834898.82,2,2,1,3,1,59635.63,3,4,0,3,Iterative,527.18,967725.54
35,1,284085.76,1,4,1,2,3,8116.736,2,4,1,2,RAD,26.72,159616.67
4,12,99119.08,1,5,4,2,1,24779.77,8,5,0,1,XP,28.98,452812.5
25,32,873305.63,3,3,2,2,1,34932.2252,4,1,0,2,Agile,835.5,941829.8
41,37,976464.78,4,2,1,2,4,23816.2141,2,4,1,3,Agile,1053.16,1265440.46
17,25,503795.43,1,3,2,3,3,29635.0253,6,4,0,1,Spiral,347.51,607469.84
69,1,592258.67,1,1,4,2,4,8583.459,8,5,0,3,SAFe,58.42,759831.16
37,27,528904.44,2,5,5,1,1,14294.7146,5,5,0,1,Scrum,566.03,604130.73
53,25,608862.96,2,1,1,1,2,11487.9804,1,2,1,2,SAFe,1049.81,635877.47
70,27,554624.59,1,3,2,2,1,7923.2084,4,3,1,2,SAFe,1529.87,724386.75
3,28,811522.47,2,4,1,3,4,270507.49,3,4,0,1,Agile,61.35,404271.15
3,9,534885.76,5,1,1,2,4,178295.2533,2,1,1,3,Waterfall,32.4,201818.13
34,41,1126318.93,3,1,3,2,1,33127.0274,6,4,1,1,V-Model,860.1,1304578.68
54,11,149665.0,5,2,3,3,1,2771.5741,9,5,1,3,SAFe,532.31,166857.31
50,21,1062578.65,5,3,5,3,1,21251.573,15,5,1,2,Spiral,958.35,1261761.84
80,39,336188.14,2,1,3,3,3,4202.3518,9,4,1,3,Spiral,3012.93,403514.4
15,24,849106.46,5,2,5,3,1,56607.0973,15,4,1,2,Spiral,424.37,1129355.58
36,21,429915.35,3,4,1,2,1,11942.0931,2,3,1,1,Agile,590.09,497290.65
22,31,1442567.87,4,2,4,1,4,65571.2668,4,5,1,2,V-Model,497.82,1608621.68
46,42,869651.94,5,2,2,1,2,18905.477,2,3,0,1,Waterfall,1091.83,1072655.98
68,47,443838.89,3,4,1,1,2,6527.0425,1,5,0,2,SAFe,2138.24,580252.87
7,2,1191745.81,1,2,2,1,2,170249.4014,2,5,1,3,RAD,10.86,135857.76
30,27,754505.83,1,2,2,3,2,25150.1943,6,5,1,2,Iterative,681.29,825851.04
45,13,1020871.3,3,4,4,1,3,22686.0289,4,1,0,1,Iterative,608.23,1317133.66
56,33,1025128.58,2,2,1,2,3,18305.8675,2,1,0,1,Iterative,1783.43,1278571.86
77,29,456081.89,3,5,5,1,3,5923.1414,5,2,0,1,SAFe,2139.3,502789.24
19,19,691221.96,4,2,2,3,1,36380.1032,6,2,0,2,Spiral,380.61,802340.97
30,35,758888.66,1,3,1,3,1,25296.2887,3,2,1,2,Scrum,901.17,914346.62
68,46,1112914.23,3,4,3,1,1,16366.3857,3,5,1,1,Scrum,1625.78,1424157.06
42,39,935148.19,4,4,4,3,1,22265.4331,12,3,0,1,Spiral,1905.23,1205532.24
76,48,485973.4,5,1,4,2,3,6394.3868,8,5,0,3,SAFe,3429.86,645226.12
56,6,33820.05,2,5,1,1,1,603.9295,1,4,1,3,SAFe,236.92,34708.31
14,10,850597.18,5,5,3,2,3,60756.9414,6,3,0,2,Scrum,186.45,899914.47
72,30,1265900.23,1,1,1,3,1,17581.9476,3,2,1,2,SAFe,1937.05,1553905.29
26,4,749329.53,4,5,5,1,3,28820.3665,5,5,0,2,RAD,83.71,852890.36
67,28,916213.15,5,1,1,2,4,13674.8231,2,4,0,1,Waterfall,1085.59,975204.67
17,16,758065.45,4,5,2,1,4,44592.0853,2,1,0,3,Waterfall,305.87,906177.96
54,17,573980.64,2,1,5,1,2,10629.2711,5,2,1,1,Iterative,1015.44,747418.5
62,39,1374968.0,1,4,4,1,3,22176.9032,4,2,1,1,Scrum,2594.76,1531612.87
13,23,62525.19,1,1,1,2,4,4809.63,2,1,1,3,Iterative,378.69,78120.94
25,36,580850.26,5,1,5,2,3,23234.0104,10,4,1,1,V-Model,706.39,14348546.88
68,39,288136.52,3,3,4,1,2,4237.3018,4,1,0,3,SAFe,3394.38,396736.18
54,36,1075981.81,5,1,4,3,4,19925.5891,12,1,1,1,Spiral,2841.65,1638978.51
69,43,556940.41,4,4,3,2,1,8071.6001,6,3,0,3,SAFe,3376.71,548666.71
52,18,867688.82,2,1,3,3,1,16686.3235,9,2,0,2,SAFe,903.46,1059354.66
80,21,162841.95,5,1,3,3,4,2035.5244,9,3,0,1,SAFe,1569.51,180073.43
6,17,458378.67,2,5,4,3,3,76396.445,12,5,1,2,Spiral,119.52,559528.16
62,33,658961.16,3,1,4,3,3,10628.4058,12,5,0,3,Spiral,2287.81,832867.73
7,2,383627.77,3,2,4,2,2,54803.9671,8,5,0,1,Agile,10.27,173903.77
60,48,725899.52,4,1,2,3,2,12098.3253,6,5,0,1,Spiral,2423.76,681515.91
8,16,565210.34,3,4,1,3,1,70651.2925,3,1,1,1,Scrum,126.86,691643.03
74,5,202197.15,1,1,3,2,1,2732.3939,6,3,1,1,Scrum,300.13,229800.7
26,48,1169977.85,4,3,4,3,2,44999.1481,12,1,0,3,Spiral,2269.2,1575000.51
36,24,1033281.29,2,2,3,3,3,28702.2581,9,4,1,3,Spiral,957.97,1056122.06
32,4,1475361.98,3,5,2,1,4,46105.0619,2,4,1,3,RAD,82.38,538937.46
66,34,185364.26,4,1,4,2,3,2808.5494,8,3,0,2,SAFe,2732.48,237360.27
25,38,1129058.49,1,2,5,2,3,45162.3396,10,3,1,3,Spiral,1566.49,1376791.49
69,16,1466681.13,1,3,2,1,2,21256.2483,2,5,1,2,SAFe,657.59,1511705.58
70,44,935508.88,5,3,3,1,3,13364.4126,3,4,1,3,V-Model,2747.84,1055761.85
51,11,1522602.11,5,5,4,3,3,29854.9433,12,3,0,2,SAFe,635.62,1514017.15
36,19,496321.31,3,4,2,3,3,13786.7031,6,2,0,1,Spiral,743.48,576422.11
16,5,950204.31,4,4,1,2,3,59387.7694,2,5,0,1,Agile,53.11,359195.05
15,5,707702.26,3,3,2,3,1,47180.1507,6,1,0,3,Scrum,93.46,985537.57
40,44,458163.28,1,2,5,2,3,11454.082,10,4,1,2,Spiral,1814.89,435113.9
59,13,580075.2,3,3,1,3,2,9831.7831,3,5,0,1,Agile,504.18,669729.85
32,1,764258.92,4,1,4,1,3,23883.0912,4,5,0,2,Waterfall,22.16,284703.98
36,31,292324.69,4,2,2,2,3,8120.1303,4,1,0,1,Agile,1352.72,388407.92
59,13,1508366.9,1,2,2,2,4,25565.5407,4,4,0,2,SAFe,583.07,1508845.83
56,27,543681.69,3,2,1,3,2,9708.6016,3,4,0,1,Agile,1255.2,696942.09
28,29,982176.94,1,2,3,1,1,35077.7479,3,1,1,2,Iterative,690.16,1419713.05
43,9,815691.56,4,3,4,2,1,18969.5712,8,2,1,3,V-Model,397.3,1058202.84
45,41,1416079.38,2,3,1,2,2,31468.4307,2,3,0,1,Scrum,1332.35,1715584.72
25,23,1236408.06,5,4,3,1,4,49456.3224,3,2,0,3,Waterfall,756.44,1337364.78
55,5,1054925.02,5,1,1,3,1,19180.4549,3,2,0,1,Agile,264.33,1217011.88
69,35,253185.22,4,5,2,2,1,3669.351,4,3,0,1,Agile,1635.91,313992.24
23,24,296490.33,3,1,3,2,2,12890.8839,6,4,1,3,Spiral,588.76,392208.54
16,16,743550.95,4,5,3,1,1,46471.9344,3,2,1,3,Scrum,216.66,996832.21
4,12,1120253.81,3,3,2,3,4,280063.4525,6,1,0,3,Scrum,80.18,858507.55
61,38,960885.02,3,4,4,2,1,15752.2134,8,4,0,2,SAFe,168.4,828269.33
51,9,437772.12,5,2,2,3,2,8583.7671,6,5,0,1,Agile,293.09,597043.14
73,41,324175.6,2,3,3,2,4,4440.7616,6,4,1,1,SAFe,2653.25,378627.51
6,18,613324.08,5,3,1,1,2,102220.68,1,3,1,1,Waterfall,62.13,376941.02
5,35,21489.07,5,3,4,2,2,4297.814,8,5,1,3,V-Model,150.58,27814.09
8,28,994551.64,2,1,1,3,2,124318.955,3,2,0,3,Iterative,244.0,1183703.62
43,8,1509291.38,1,4,2,1,3,35099.7995,2,2,1,3,Scrum,352.96,1587339.85
21,11,1081302.38,5,2,2,3,4,51490.5895,6,5,1,2,Agile,212.1,1304030.95
32,26,499372.67,4,2,5,3,4,15605.3959,15,3,0,2,Spiral,1152.6,601841.37
33,24,115782.75,3,2,2,3,3,3508.5682,6,5,1,3,Spiral,831.36,142116.48
33,4,586409.2,2,2,1,2,4,17769.9758,2,5,1,2,RAD,94.51,636850.77
75,15,1371532.32,4,2,4,1,4,18287.0976,4,1,0,3,SAFe,1652.48,1515831.79
43,23,1138385.74,1,3,3,1,2,26474.087,3,5,0,1,Iterative,691.14,1521923.47
22,34,897565.82,4,5,1,2,1,40798.4464,2,2,1,3,Scrum,680.9,1139662.49
38,17,771727.18,5,5,3,3,2,20308.61,9,2,0,3,Spiral,801.8,975599.55
64,11,1042346.15,3,3,5,3,2,16286.6586,15,1,0,3,Spiral,1257.36,1227635.37
59,42,43775.87,4,2,5,1,2,741.9639,5,1,1,2,SAFe,2392.65,51357.23
44,15,633141.97,1,4,4,1,1,14389.5902,4,2,1,3,Scrum,793.86,781237.35
64,6,144682.91,2,5,4,2,4,2260.6705,8,5,0,3,SAFe,429.84,171968.94
44,28,1252118.09,3,2,1,3,1,28457.2293,3,4,0,2,Agile,943.76,1577623.12
12,41,1377319.6,5,2,4,1,3,114776.6333,4,5,0,1,Waterfall,349.7,1783699.58
42,44,931508.69,2,3,5,3,4,22178.7783,15,3,0,1,Spiral,2619.41,1072285.96
61,41,1299792.98,2,1,5,3,4,21308.0816,15,4,0,2,Spiral,2953.07,1413536.87
23,28,980833.86,2,5,2,3,2,42644.9504,6,3,0,3,Spiral,620.13,1337543.69
25,7,614581.58,4,4,3,1,3,24583.2632,3,2,0,3,Waterfall,254.98,816479.15
18,40,582290.49,1,1,4,3,2,32349.4717,12,2,0,1,Spiral,973.41,732981.34
21,41,512057.44,2,3,4,3,4,24383.6876,12,4,1,2,Spiral,743.14,533449.74
78,47,1366519.37,5,1,3,1,1,17519.4791,3,4,1,1,Waterfall,2313.29,1446815.69
62,31,226375.95,2,5,5,1,2,3651.225,5,1,0,2,SAFe,2461.78,282080.46
25,31,801972.02,1,4,1,3,4,32078.8808,3,1,0,2,Scrum,958.16,1035137.87
58,34,459284.68,2,3,1,1,4,7918.7014,1,2,1,2,SAFe,1497.81,575477.5
65,5,221013.96,5,3,4,2,2,3400.2148,8,2,0,3,SAFe,317.4,251516.7
7,11,955344.9,4,1,5,2,4,136477.8429,10,2,1,3,V-Model,111.31,1108061.73
75,17,622704.72,5,3,5,1,3,8302.7296,5,3,0,2,SAFe,1264.03,772079.14
67,42,24994.83,2,2,3,2,2,373.0572,6,5,0,3,SAFe,2409.59,28273.22
54,28,330292.16,4,2,1,1,3,6116.5215,1,1,0,1,Waterfall,1371.65,412067.33
28,24,1165159.66,5,2,2,1,1,41612.845,2,4,1,3,V-Model,415.05,1469577.32
39,15,642622.14,1,5,5,1,1,16477.4908,5,2,0,3,Scrum,561.85,865978.17
64,36,202509.63,5,3,5,3,3,3164.213,15,4,0,1,Spiral,2817.15,208036.91
41,7,1052276.62,5,3,1,3,2,25665.2834,3,3,1,3,Scrum,294.4,1399404.24
60,21,797169.56,2,3,4,1,3,13286.1593,4,2,1,2,SAFe,1611.01,843535.95
3,37,231480.96,4,4,1,3,2,77160.32,3,2,0,3,Scrum,157.82,276389.98
12,32,336776.17,2,5,3,3,3,28064.6808,9,3,1,2,Spiral,409.27,402491.11
48,2,275523.75,4,1,2,2,2,5740.0781,4,4,0,1,Waterfall,49.7,223234.67
10,14,1328406.31,1,4,3,1,1,132840.631,3,4,0,3,Scrum,100.87,1137811.58
34,24,1446022.9,5,4,5,3,3,42530.0853,15,1,0,2,Spiral,1485.29,1741602.36
56,5,736135.53,1,2,5,2,1,13145.2773,10,4,0,2,SAFe,274.31,924126.2
51,19,863176.13,1,5,1,3,4,16925.0222,3,4,1,3,SAFe,1043.49,1109244.44
39,10,1434027.28,4,2,2,1,2,36769.9303,2,5,0,3,Waterfall,235.91,997282.53
52,42,813507.73,3,5,3,3,4,15644.3794,9,5,1,3,Spiral,2451.97,922082.58
35,43,1177730.08,2,4,5,1,1,33649.4309,5,4,1,1,Agile,994.8,1057833.39
24,16,159828.87,5,1,5,2,2,6659.5362,10,1,0,1,Agile,369.16,177257.69
59,46,279982.05,4,1,5,3,2,4745.4585,15,1,0,3,Spiral,4735.55,365359.82
50,42,27182.39,1,1,3,2,3,543.6478,6,5,0,3,SAFe,2272.42,29291.52
39,35,61348.12,3,5,5,2,3,1573.0287,10,2,0,3,Scrum,2334.86,81034.78
64,31,686061.44,3,2,3,2,2,10719.71,6,3,1,3,V-Model,2123.44,898319.67
8,35,530741.23,5,3,4,1,4,66342.6538,4,3,0,1,Waterfall,253.54,680247.92
67,14,213151.97,5,1,4,1,3,3181.3727,4,4,0,3,SAFe,959.5,275713.27
45,5,95577.95,1,2,3,3,2,2123.9544,9,2,0,3,Spiral,337.68,127661.25
52,15,936588.76,5,5,5,3,2,18011.3223,15,4,0,1,Spiral,643.93,1054103.69
42,28,615681.48,5,5,2,3,1,14659.0829,6,5,0,3,Scrum,875.15,719011.02
53,23,750663.2,5,4,5,3,2,14163.4566,15,5,0,3,Spiral,1402.09,923326.7
63,48,1416325.63,1,1,3,2,4,22481.3592,6,4,0,2,SAFe,2019.68,1642044.02
2,41,1129528.57,1,1,1,2,3,564764.285,2,3,1,2,Iterative,78.33,503844.43
71,45,525094.92,1,5,2,3,4,7395.7031,6,4,0,3,Spiral,3391.9,600252.7
74,3,47815.91,4,3,1,1,1,646.1609,1,5,1,3,SAFe,128.28,62653.0
79,31,300848.33,3,5,3,1,1,3808.2067,3,4,1,3,SAFe,1782.95,368993.55
23,14,1276817.32,3,2,5,3,1,55513.7965,15,4,1,2,V-Model,330.5,1543920.42
41,42,577639.31,2,4,5,3,2,14088.7637,15,4,0,1,Spiral,1328.08,754822.22
74,29,184791.53,5,3,4,2,2,2497.1828,8,5,1,2,V-Model,1638.67,252974.99
68,28,591158.78,1,5,5,1,4,8693.5115,5,3,1,1,Scrum,1483.37,819122.35
4,14,24055.09,2,5,2,2,4,6013.7725,4,3,0,3,Scrum,58.36,30447.46
46,48,344338.51,2,2,2,1,4,7485.6198,2,5,1,2,Agile,1342.73,408558.12
8,48,80694.18,1,4,3,1,4,10086.7725,3,5,1,1,Agile,214.6,87545.78
48,26,940860.35,2,1,4,1,3,19601.2573,4,4,0,1,Iterative,1039.21,1216433.63
46,18,811760.2,2,1,1,1,1,17646.9609,1,2,0,3,Iterative,721.21,958465.99
36,5,186503.73,3,5,2,2,4,5180.6592,4,5,0,3,Scrum,183.61,238559.19
73,6,434917.93,2,3,2,2,4,5957.7799,4,3,0,2,SAFe,331.89,613172.61
80,15,15160.9,3,2,3,2,1,189.5112,6,1,1,3,Spiral,1448.74,17723.85
64,33,593522.69,5,3,1,2,3,9273.792,2,1,1,2,SAFe,2232.4,775693.08
51,47,215646.66,1,2,5,3,1,4228.3659,15,3,1,2,Spiral,2146.69,214922.04
78,26,1128316.45,3,2,2,1,3,14465.5955,2,3,1,1,SAFe,1263.52,1426836.75
31,44,1404734.34,2,4,1,2,3,45314.011,2,2,0,2,Iterative,1656.24,1832060.45
11,13,1009042.67,3,4,2,1,2,91731.1518,2,1,1,3,V-Model,158.6,1163764.73
65,30,1062055.95,5,4,4,2,3,16339.3223,8,1,1,1,V-Model,2661.62,1214357.47
56,28,363481.92,2,4,1,3,2,6490.7486,3,5,0,2,SAFe,1190.82,477303.4
17,7,543776.38,1,5,3,2,4,31986.8459,6,3,0,3,Scrum,139.5,689239.09
39,15,1386718.14,3,1,4,1,1,35556.8754,4,2,1,3,Iterative,631.37,1645415.79
25,33,1217924.88,4,3,5,1,2,48716.9952,5,5,1,1,Agile,529.09,1281855.01
20,26,589588.52,3,4,1,3,2,29479.426,3,5,1,2,Scrum,370.35,665000.01
73,16,738494.01,4,2,2,2,3,10116.3563,4,5,1,2,V-Model,873.66,1002901.86
79,47,1104057.61,2,2,2,2,4,13975.4128,4,2,0,2,SAFe,3424.5,1233489.97
21,33,348912.16,3,4,3,1,2,16614.8648,3,1,1,2,Iterative,676.23,513824.75
40,18,722804.18,2,5,5,2,2,18070.1045,10,2,0,3,SAFe,796.95,13448531.25
54,27,409072.17,4,4,5,1,3,7575.4106,5,4,0,1,Waterfall,1432.49,518346.68
67,35,601261.3,1,1,3,3,4,8974.0493,9,1,0,2,Spiral,3323.46,655799.69
26,12,747891.54,4,4,4,1,3,28765.0592,4,3,1,1,Agile,318.1,915144.41
47,15,243135.02,3,5,1,1,2,5173.0855,1,2,1,1,Waterfall,546.65,276226.62
4,14,1158318.63,5,4,4,2,2,289579.6575,8,4,0,2,Agile,55.44,933243.49
53,21,74270.69,5,1,5,2,4,1401.3338,10,5,1,2,V-Model,1061.6,89973.7
77,15,814808.89,2,3,1,1,4,10581.9336,1,4,0,2,SAFe,765.16,921836.82
20,43,1379266.28,2,4,2,3,2,68963.314,6,2,1,1,Spiral,944.44,1841674.36
53,43,482654.02,1,2,4,1,2,9106.6796,4,4,0,2,SAFe,1570.61,543256.08
63,38,1031660.91,5,4,4,3,4,16375.57,12,5,1,2,Spiral,2535.98,1426313.26
2,12,1126127.11,2,1,3,3,1,563063.555,9,4,1,3,Spiral,19.31,412615.14
47,34,1352863.96,4,2,1,1,3,28784.3396,1,1,1,2,Waterfall,1714.48,1695407.36
49,36,1213511.77,4,4,1,3,1,24765.5463,3,3,0,2,Agile,1342.51,1387983.67
4,40,462757.94,4,2,5,3,1,115689.485,15,3,0,3,Spiral,212.17,554831.94
30,42,939184.35,1,4,4,1,1,31306.145,4,3,0,1,Agile,733.65,940530.34
78,18,461425.67,2,3,3,1,2,5915.7137,3,4,0,3,SAFe,888.59,541056.4
74,44,875860.69,1,3,1,1,2,11835.9553,1,2,0,2,SAFe,2117.99,909533.05
20,3,1241332.67,5,3,3,2,2,62066.6335,6,5,0,1,Waterfall,43.66,530258.8
62,19,387244.36,5,4,5,1,4,6245.8768,5,1,1,1,V-Model,1186.23,468734.66
67,39,1314929.09,3,3,4,1,3,19625.8073,4,1,1,2,Waterfall,14.96,301471.37
3,47,1412940.94,2,1,2,3,1,470980.3133,6,2,1,1,Spiral,140.52,1698876.79
50,42,510367.61,5,1,3,2,4,10207.3522,6,4,0,3,SAFe,2449.74,643818.36
58,1,283732.62,1,1,4,3,4,4891.9417,12,2,1,1,Spiral,64.17,327250.63
10,34,85536.92,2,5,1,2,4,8553.692,2,3,0,1,Scrum,248.07,89128.07
67,26,698683.3,2,5,5,1,3,10428.109,5,2,0,3,SAFe,2249.29,859466.15
18,48,551107.61,3,5,2,1,3,30617.0894,2,5,1,3,Scrum,555.28,728536.65
25,15,1449353.55,2,5,5,3,4,57974.142,15,2,1,1,Spiral,528.88,1794193.7
26,8,59514.4,4,2,4,3,2,2289.0154,12,1,1,3,Agile,313.69,76821.05
5,41,956577.61,2,3,5,1,1,191315.522,5,2,0,1,Scrum,175.65,1067977.77
2,31,645054.97,1,1,5,3,4,322527.485,15,4,1,1,Spiral,66.57,820070.35
71,45,768513.29,3,2,2,3,2,10824.1308,6,4,0,2,SAFe,2223.38,998062.46
12,26,381003.51,5,2,2,3,1,31750.2925,6,3,1,1,Agile,254.15,427193.56
68,14,1416394.6,1,1,5,3,3,20829.3324,15,5,1,2,Spiral,1159.4,1562943.39
79,8,1446100.32,5,1,3,2,1,18305.0673,6,3,0,2,SAFe,596.01,1707164.97
11,33,256262.19,4,3,4,3,1,23296.5627,12,1,1,3,Spiral,529.95,291028.45
38,34,15615.21,1,3,4,3,4,410.9266,12,2,1,1,Spiral,1709.47,18495.12
15,46,124221.25,4,3,1,1,3,8281.4167,1,1,1,2,Waterfall,833.24,155944.31
3,47,1376994.37,1,3,2,3,2,458998.1233,6,4,0,3,Iterative,144.79,675272.16
66,16,480933.68,2,2,3,2,1,7286.8739,6,1,1,2,SAFe,1167.6,567799.15
2,48,477524.18,1,4,5,1,3,238762.09,5,1,1,2,Scrum,113.31,585127.42
14,36,443534.75,4,1,5,1,2,31681.0536,5,2,1,2,Agile,492.93,519156.93
67,47,1373694.74,4,4,4,2,1,20502.9066,8,1,1,3,V-Model,3944.7,1589267.38
4,12,101685.69,2,5,4,2,1,25421.4225,8,5,0,1,XP,28.98,452812.5
74,40,907906.6,5,4,5,2,2,12269.0081,10,4,0,2,SAFe,2187.34,1070443.24
36,18,689989.06,5,2,4,2,3,19166.3628,8,3,1,3,V-Model,827.25,871108.49
67,16,950761.13,2,3,1,1,4,14190.4646,1,4,1,1,Iterative,725.89,1202021.15
9,45,613590.69,4,2,4,2,4,68176.7433,8,1,0,3,Scrum,609.91,634100.26
7,34,335879.43,3,2,4,2,3,47982.7757,8,4,1,2,V-Model,222.83,378944.43
46,31,1409014.68,1,1,3,1,4,30630.7539,3,2,0,3,Iterative,1599.45,1747027.12
25,8,108976.06,5,2,5,3,4,4359.0424,15,3,0,1,Spiral,227.93,120755.08
64,38,140155.07,5,4,4,3,2,2189.923,12,2,0,3,Spiral,3149.21,176273.29
50,26,165649.14,5,3,5,2,1,3312.9828,10,3,1,2,V-Model,1270.04,212131.18
8,10,1117278.1,4,5,2,2,2,139659.7625,4,1,0,2,Agile,86.89,816034.38
30,32,358034.01,5,2,3,2,1,11934.467,6,5,1,3,Agile,638.0,517839.25
4,38,1290020.94,2,1,5,3,2,322505.235,15,1,0,2,Spiral,230.83,1600530.62
10,24,302832.64,4,3,2,2,1,30283.264,4,4,0,1,Agile,157.87,1815505.0
22,37,313715.03,5,2,4,1,4,14259.7741,4,4,1,2,V-Model,623.5,372460.74
70,34,117147.14,2,1,1,1,1,1673.5306,1,1,1,3,SAFe,1990.16,136452.69
68,35,1291381.43,5,3,3,2,1,18990.9034,6,4,0,3,SAFe,1662.78,1482072.93
57,32,975598.89,5,3,4,1,1,17115.77,4,5,1,3,V-Model,1209.17,1298995.52
14,23,1069246.59,2,2,3,1,3,76374.7564,3,4,1,2,Agile,321.39,1455503.74
44,13,447870.17,4,5,4,1,3,10178.8675,4,5,1,3,V-Model,469.12,454977.18
6,23,149696.33,1,1,4,1,2,24949.3883,4,5,1,2,Iterative,102.05,199677.81
51,45,1308769.76,1,4,4,2,4,25662.1522,8,1,0,2,SAFe,2791.07,1653484.55
5,38,1239461.7,4,5,5,2,2,247892.34,10,5,1,3,V-Model,170.98,1594340.52
68,8,1256140.99,2,3,4,2,2,18472.6616,8,2,0,1,Scrum,480.12,1626804.17
32,3,1004329.5,4,2,3,1,1,31385.2969,3,1,1,3,V-Model,86.46,1289668.02
50,5,899884.18,5,2,2,1,2,17997.6836,2,4,1,3,SAFe,172.5,1158681.28
37,2,799118.82,4,3,4,2,2,21597.8059,8,2,0,3,Agile,83.27,1071576.21
44,2,1210786.4,5,4,4,1,2,27517.8727,4,5,1,2,V-Model,66.63,1027165.51
69,11,563367.7,5,3,1,1,4,8164.7493,1,3,1,1,Waterfall,443.84,591460.87
4,43,1348232.0,3,4,4,3,3,337058.0,12,2,1,3,Spiral,261.86,1692678.86
58,18,14331.78,4,1,5,3,4,247.0997,15,2,1,3,Spiral,1762.33,17659.32
4,35,1197722.89,5,1,3,2,2,299430.7225,6,1,0,2,Waterfall,153.71,1361512.0
64,37,1014472.54,3,2,3,1,1,15851.1334,3,4,0,2,SAFe,1366.55,1135439.45
20,15,849772.31,3,5,2,3,4,42488.6155,6,4,0,2,Scrum,248.5,866069.62
6,26,1444136.53,3,5,5,1,3,240689.4217,5,5,0,3,XP,157.42,1521054.83
9,18,83382.7,1,1,2,3,3,9264.7444,6,3,0,2,Spiral,202.63,81921.07
33,12,1350184.95,1,5,5,3,3,40914.6955,15,1,0,3,V-Model,675.29,1457002.52
40,36,1164943.14,2,3,3,2,3,29123.5785,6,4,0,3,Scrum,1463.27,1396802.54
73,40,330788.32,4,3,4,2,1,4531.3468,8,3,1,1,Spiral,2028.55,392407.71
12,44,739379.84,5,5,3,2,2,61614.9867,6,1,0,3,Scrum,611.35,908669.45
70,8,335820.7,1,5,3,2,2,4797.4386,6,5,1,2,SAFe,341.51,353762.12
63,30,604736.75,3,3,5,3,1,9598.996,15,5,0,1,Spiral,1323.54,708299.36
30,6,956511.79,4,2,5,3,4,31883.7263,15,3,0,1,Spiral,195.43,1394376.51
25,31,817399.88,5,3,2,2,4,32695.9952,4,5,0,2,Agile,492.49,1011759.86
66,48,796013.36,5,4,1,3,4,12060.8085,3,1,0,1,Agile,3736.49,1050361.51
26,29,417729.16,2,3,3,3,2,16066.5062,9,3,1,1,Spiral,770.06,526396.28
75,48,189376.13,1,4,3,3,4,2525.0151,9,4,0,1,Spiral,3039.67,276250.56
52,38,1059941.1,4,3,3,3,3,20383.4827,9,1,0,2,V-Model,3173.39,1288577.18
21,40,667586.32,5,1,3,2,1,31789.8248,6,1,1,2,V-Model,871.83,808628.14
52,28,1086956.56,1,4,5,3,2,20903.0108,15,4,0,2,Spiral,1704.67,1261966.8
16,41,388699.23,1,3,4,3,2,24293.7019,12,3,0,1,Spiral,677.92,454501.92
6,1,528888.33,3,5,4,3,2,88148.055,12,3,0,1,V-Model,7.84,183804.85
30,24,534298.22,2,5,2,2,2,17809.9407,4,4,1,3,Scrum,465.62,596980.24
56,37,834754.55,5,4,3,3,1,14906.3312,9,4,1,1,Spiral,1688.95,934003.89
43,17,1313757.43,4,3,4,2,2,30552.4984,8,2,0,1,Waterfall,737.33,1400808.58
43,7,516270.58,5,1,5,3,1,12006.2926,15,4,1,2,Spiral,306.51,605744.99
25,13,1225520.33,5,3,3,1,4,49020.8132,3,5,1,1,Waterfall,209.32,1438713.88
16,31,328346.91,5,4,5,2,2,20521.6819,10,2,0,1,Agile,484.4,402867.77
39,6,1085795.97,2,3,5,1,2,27840.9223,5,5,0,3,Scrum,227.34,1180489.84
37,12,1094203.23,2,3,3,2,4,29573.0603,6,5,0,3,Agile,393.05,1169030.24
61,24,172522.2,5,1,1,2,1,2828.2328,2,5,1,1,Waterfall,700.26,193285.64
52,38,133554.6,2,5,2,3,3,2568.3577,6,1,1,3,SAFe,2704.55,150056.05
62,13,153059.27,4,5,3,3,1,2468.6979,9,4,0,1,Agile,480.96,211349.22
45,14,392081.59,1,4,5,1,3,8712.9242,5,5,0,2,Scrum,519.54,423158.02
64,42,1177520.11,5,5,3,1,2,18398.7517,3,4,0,2,SAFe,2373.58,1329245.88
57,15,950226.8,4,4,4,1,1,16670.6456,4,5,1,3,V-Model,672.0,980818.74
21,44,25714.33,5,2,3,3,3,1224.4919,9,4,0,3,Agile,1090.76,31327.05
70,42,1442361.16,1,2,3,3,3,20605.1594,9,1,0,3,SAFe,4336.72,1730300.24
63,46,372949.52,4,3,2,2,1,5919.8337,4,1,1,2,V-Model,2901.58,511439.12
26,40,1281398.04,5,1,4,3,4,49284.54,12,3,1,1,Spiral,1078.48,1404860.77
61,32,992524.35,3,2,2,1,4,16270.891,2,2,1,1,Agile,1495.86,1097006.28
22,23,403272.92,2,1,5,1,4,18330.5873,5,2,1,3,Agile,674.57,432501.35
79,26,805687.87,1,5,2,3,2,10198.5806,6,4,1,3,SAFe,1529.91,897789.24
34,38,912969.95,2,1,1,1,2,26852.0574,1,1,1,2,Iterative,1017.67,1284184.22
29,42,813580.01,4,2,3,2,1,28054.4831,6,1,0,3,Agile,1472.12,939357.19
72,8,923002.68,2,1,1,1,4,12819.4817,1,3,1,2,SAFe,396.59,1182513.71
22,6,43182.67,4,4,2,3,2,1962.8486,6,5,0,1,Agile,92.05,50590.81
42,16,1233306.57,5,3,1,1,4,29364.4421,1,5,0,3,Waterfall,472.16,1512353.19
3,20,961814.97,2,4,3,1,3,320604.99,3,2,0,2,Scrum,81.3,1006860.4
26,17,175657.26,2,2,4,3,4,6756.0485,12,2,1,2,Spiral,521.71,226928.81
68,39,1329585.65,2,1,4,3,2,19552.7301,12,4,1,1,Spiral,767.53,205978.12
28,37,597754.25,1,3,1,2,2,21348.3661,2,4,1,2,Iterative,634.54,710203.86
55,30,440593.8,1,5,1,3,2,8010.7964,3,2,0,3,SAFe,1702.88,581102.31
48,47,926297.33,1,5,5,2,3,19297.861,10,4,1,2,Spiral,337.32,857475.02
11,22,364206.27,2,5,4,2,4,33109.6609,8,3,1,3,Spiral,304.71,397868.09
37,5,1013630.48,1,3,1,2,3,27395.4184,2,4,1,2,Iterative,208.83,1134257.73
66,44,820900.28,3,1,3,1,3,12437.883,3,1,0,1,Iterative,2809.14,1196161.54
27,30,132588.01,1,4,4,1,4,4910.667,4,2,0,2,Iterative,891.68,151637.66
33,14,1100106.73,2,4,2,3,4,33336.5676,6,4,1,2,Scrum,386.39,1276322.05
50,39,17003.42,5,3,1,1,4,340.0684,1,2,0,2,SAFe,1432.8,17854.77
71,47,1304327.11,2,3,5,2,2,18370.8044,10,3,0,3,Iterative,317.97,588469.67
59,38,518142.49,3,4,2,3,2,8782.0761,6,5,1,3,SAFe,1747.57,612992.89
43,33,642662.69,1,1,4,1,3,14945.644,4,1,1,2,Iterative,1825.69,852454.01
59,30,841344.19,3,5,1,3,3,14260.071,3,3,1,2,SAFe,2144.76,944997.79
31,33,45969.87,3,1,4,3,4,1482.899,12,5,0,2,Spiral,915.1,54775.6
55,28,1049088.02,1,3,3,1,2,19074.3276,3,5,1,1,Agile,801.53,1110394.73
15,25,1354746.12,3,1,4,3,4,90316.408,12,3,1,3,Spiral,484.9,1740633.43
76,16,44484.44,4,5,2,3,1,585.3216,6,3,0,1,SAFe,939.57,55800.83
73,15,430670.61,5,5,2,3,4,5899.5974,6,2,1,3,SAFe,1297.61,518951.88
49,47,1446059.18,3,2,2,2,3,29511.4118,4,2,0,3,Agile,3131.13,1781001.5
40,24,966187.61,1,1,1,2,3,24154.6902,2,3,1,3,Iterative,966.69,1058883.5
29,15,933693.67,4,3,1,1,1,32196.3334,1,1,0,2,Agile,369.39,1157626.03
56,1,1189242.11,3,4,2,2,3,21236.4662,4,3,1,2,SAFe,48.29,417455.49
54,2,1139898.26,4,3,2,3,2,21109.227,6,1,0,3,SAFe,152.59,1309903.83
26,34,465422.52,2,5,2,1,4,17900.8662,2,2,0,2,Scrum,847.52,596028.63
13,24,685819.09,4,4,4,1,4,52755.3146,4,5,1,1,V-Model,255.3,930500.88
46,11,208167.69,4,1,5,1,3,4525.3846,5,4,1,1,V-Model,387.54,234656.12
35,40,867131.72,3,5,2,1,1,24775.192,2,1,1,1,V-Model,1231.49,1003220.24
24,17,1422395.5,2,3,4,2,3,59266.4792,8,2,1,1,Spiral,626.02,1585639.41
20,32,1382849.9,2,1,3,3,2,69142.495,9,5,1,2,Spiral,475.29,1419984.83
46,32,921440.95,1,1,5,2,3,20031.325,10,5,1,3,Spiral,1850.82,1096741.83
15,38,737915.63,5,4,2,2,3,49194.3753,4,2,0,2,XP,663.82,925772.72
31,23,1394888.92,4,4,4,1,1,44996.4168,4,2,1,2,V-Model,640.92,1556357.56
28,29,220291.81,2,2,1,1,1,7867.5646,1,3,1,2,Iterative,472.72,283050.84
65,5,348150.25,2,1,4,1,3,5356.1577,4,2,0,3,SAFe,456.67,449397.78
48,12,1176866.59,3,5,5,1,3,24518.054,5,3,0,1,Scrum,654.33,1171956.13
20,6,1372169.4,3,1,1,3,2,68608.47,3,2,0,1,Iterative,130.01,684557.14
48,16,482219.98,5,2,1,2,1,10046.2496,2,2,0,3,Scrum,758.95,538366.46
75,38,1009955.91,5,1,4,1,4,13466.0788,4,5,1,2,V-Model,2664.92,1389710.03
63,41,1307043.22,2,3,1,2,4,20746.7178,2,1,1,3,SAFe,2956.03,1540835.18
3,19,635088.88,2,1,2,2,1,211696.2933,4,1,0,1,Iterative,44.85,369792.38
57,18,740369.99,2,2,1,1,4,12988.9472,1,2,0,2,SAFe,803.95,965995.48
65,44,293960.51,5,2,4,3,3,4522.4694,12,2,0,1,Spiral,4590.19,321044.64
74,17,50567.57,3,1,2,2,1,683.3455,4,3,0,1,SAFe,1054.32,61395.97
67,31,1394732.2,5,2,2,2,4,20816.8985,4,5,1,1,V-Model,1331.03,1617588.37
40,13,817887.99,2,3,3,3,2,20447.1998,9,2,0,2,Iterative,484.27,989811.27
11,21,266531.36,3,1,5,3,3,24230.1236,15,2,0,1,Spiral,316.91,294831.53
71,15,830947.64,4,5,1,3,2,11703.4879,3,5,1,2,SAFe,775.46,1092752.99
32,12,334062.64,4,4,2,3,4,10439.4575,6,5,0,1,Agile,273.74,413172.09
8,48,1214093.51,2,2,3,3,1,151761.6888,9,4,1,2,Spiral,346.12,1382931.77
36,31,534613.95,5,1,4,2,4,14850.3875,8,4,0,3,Waterfall,1250.73,681873.52
10,26,1053422.01,5,3,2,3,2,105342.201,6,3,0,2,Spiral,272.79,1106715.28
70,29,750423.82,5,1,4,1,4,10720.3403,4,4,0,2,SAFe,1995.61,979071.28
71,12,108951.71,2,3,5,2,3,1534.5311,10,3,0,2,SAFe,1122.59,141815.04
10,14,1282847.25,2,3,1,2,1,128284.725,2,1,0,1,Scrum,127.52,1229953.42
25,36,56276.97,5,4,3,2,4,2251.0788,6,1,0,1,Scrum,1075.5,70504.28
10,14,273200.98,2,3,5,2,2,27320.098,10,2,0,3,Scrum,187.73,291556.94
80,10,1057192.41,1,3,5,1,3,13214.9051,5,4,0,1,SAFe,683.46,1186681.36
50,14,722499.86,3,1,4,2,4,14449.9972,8,3,0,1,Iterative,566.76,760522.96
59,26,1154969.63,5,1,5,3,1,19575.7564,15,3,0,3,Spiral,1503.14,1485574.7
27,31,951303.15,2,5,4,2,4,35233.45,8,2,1,1,Spiral,965.92,1284594.47
12,31,543272.56,4,4,5,3,2,45272.7133,15,3,0,1,Spiral,418.84,532405.41
53,5,1404829.83,2,1,2,1,1,26506.2232,2,2,0,1,Iterative,165.55,1697190.45
74,30,948902.44,5,3,3,2,4,12823.0059,6,1,1,3,SAFe,2476.32,1111365.71
3,14,31896.96,2,3,2,1,3,10632.32,2,1,0,1,Scrum,39.93,40753.84
8,26,1438174.15,2,1,1,3,4,179771.7688,3,1,0,1,Iterative,229.65,1256484.94
38,26,424000.55,2,1,4,3,1,11157.9092,12,2,1,1,Spiral,971.5,524315.62
8,13,1064240.92,3,1,1,2,4,133030.115,2,4,1,3,Agile,83.14,637345.01
27,7,138853.1,2,4,3,3,3,5142.7074,9,4,0,1,Spiral,168.45,166040.67
77,12,139505.02,1,1,5,1,2,1811.7535,5,2,0,3,SAFe,1013.76,165424.38
21,25,1218410.5,1,5,5,3,3,58019.5476,15,3,1,3,Spiral,861.9,1142843.81
33,38,907183.29,5,1,3,2,1,27490.4027,6,3,1,2,Spiral,1018.09,1075494.85
44,35,1235908.69,2,5,3,2,1,28088.8339,6,2,1,3,Scrum,1605.52,1499005.82
37,48,1225384.75,4,2,1,2,4,33118.5068,2,2,1,3,Waterfall,2220.24,1389140.35
32,18,373564.19,1,4,5,3,1,11673.8809,15,4,0,3,Spiral,545.19,432841.32
15,10,65774.05,5,3,3,2,1,4384.9367,6,1,0,3,Scrum,148.66,82019.2
17,5,877318.14,1,4,3,3,2,51606.9494,9,4,0,1,Spiral,60.42,959791.47
7,22,237424.87,1,5,5,1,1,33917.8386,5,1,1,1,Scrum,134.24,251543.54
10,10,562640.54,1,2,5,1,2,56264.054,5,4,1,1,Iterative,60.37,727190.66
31,24,511682.13,5,1,3,2,1,16505.8752,6,4,0,3,Waterfall,483.93,751769.04
36,46,290453.23,4,1,1,2,2,8068.1453,2,4,0,1,Agile,971.81,335448.64
79,36,54803.6,5,1,5,3,4,693.7165,15,2,0,1,Spiral,3598.14,60444.03
68,21,432224.53,2,2,5,3,2,6356.2431,15,5,1,1,Spiral,1170.81,478021.27
29,6,1003477.19,5,3,1,3,2,34602.6617,3,2,1,1,Agile,170.66,1245662.74
27,16,1057089.14,2,5,4,1,3,39151.4496,4,5,1,3,Scrum,393.5,1240058.13
63,45,1499216.61,3,5,1,2,3,23797.089,2,5,1,3,SAFe,2609.93,1832456.54
4,37,403310.87,4,3,4,2,4,100827.7175,8,2,0,3,Scrum,191.72,491782.63
37,44,261527.59,5,2,2,2,2,7068.3132,4,5,0,3,Scrum,1158.84,324291.53
31,35,1271566.06,5,3,1,1,4,41018.26,1,3,0,1,Waterfall,726.36,1611300.2
62,8,43030.81,1,2,3,2,4,694.0453,6,5,0,3,SAFe,424.31,48376.73
78,47,1538633.68,5,5,4,1,1,19726.0728,4,4,0,3,SAFe,3015.97,1812378.34
70,45,1011275.49,3,4,4,3,4,14446.7927,12,4,1,3,Spiral,4225.07,1154205.18
72,38,642129.5,5,3,2,1,4,8918.4653,2,1,1,3,SAFe,3362.71,688676.83
56,22,480059.2,1,3,3,1,2,8572.4857,3,2,0,3,SAFe,1278.28,496478.71
77,28,313382.49,3,2,2,1,4,4069.9025,2,1,1,1,SAFe,1661.41,372799.64
10,11,689149.88,3,4,4,1,3,68914.988,4,1,0,2,Agile,154.8,856587.29
32,41,94329.91,3,4,5,2,4,2947.8097,10,2,1,1,Spiral,1810.25,126412.84
70,46,1498703.9,2,1,5,2,3,21410.0557,10,3,1,3,Spiral,4188.46,1544738.49
52,13,1406105.46,5,5,1,3,2,27040.4896,3,3,0,1,Agile,634.42,1804232.95
68,20,601978.79,2,5,4,2,1,8852.6293,8,4,0,1,Scrum,811.23,763884.38
65,31,511620.15,3,1,3,3,1,7871.0792,9,2,1,3,SAFe,2089.49,727410.84
6,10,14913.9,4,3,3,2,2,2485.65,6,2,0,1,Scrum,58.23,17986.44
68,34,451001.4,2,1,2,2,2,6632.3735,4,1,1,3,SAFe,3098.63,523895.89
36,20,499376.66,4,5,1,3,2,13871.5739,3,1,0,2,Scrum,793.87,683390.59
74,8,683491.39,4,4,5,2,3,9236.3701,10,3,1,2,Spiral,675.23,800483.81
58,12,377389.76,2,2,2,3,1,6506.72,6,5,0,3,SAFe,462.66,517408.69
32,7,226195.22,5,5,3,3,1,7068.6006,9,2,0,3,Spiral,338.54,269804.54
5,5,47262.95,2,5,2,1,1,9452.59,2,2,0,1,RAD,15.0,118125.0
30,24,172823.45,3,2,2,1,1,5760.7817,2,1,0,2,Agile,588.16,196266.64
67,43,1025200.88,3,5,2,3,3,15301.5057,6,1,0,1,Scrum,3424.62,1073273.85
78,23,448504.35,2,2,4,2,2,5750.0558,8,3,1,3,Spiral,2396.17,564794.82
12,15,802056.17,2,2,4,1,3,66838.0142,4,4,1,3,Iterative,151.95,845312.35
7,40,911102.34,5,1,2,3,2,130157.4771,6,1,1,1,Spiral,326.52,1089140.08
17,2,17355.71,4,1,1,3,3,1020.9241,3,4,1,3,Agile,28.93,18578.3
31,24,849739.97,1,4,3,2,4,27410.9668,6,3,1,3,Scrum,740.21,979422.69
51,15,1442132.54,5,1,3,2,4,28277.1086,6,1,1,3,SAFe,865.46,1604735.86
34,36,278756.79,3,2,4,2,3,8198.7291,8,2,1,3,Iterative,1799.15,324857.25
29,4,1006416.1,3,3,1,2,4,34704.0034,2,4,0,3,RAD,100.02,659114.27
48,30,1203787.33,1,4,2,2,3,25078.9027,4,2,1,2,Scrum,1591.73,1517454.3
58,37,780255.23,3,3,3,2,1,13452.6764,6,4,1,3,SAFe,1860.85,940575.19
67,22,682214.53,2,5,4,3,1,10182.3064,12,3,0,1,Spiral,1168.52,754653.16
45,3,210186.3,1,3,1,1,2,4670.8067,1,1,1,1,RAD,91.55,260330.82
48,15,1148865.54,4,1,4,1,1,23934.6988,4,1,1,1,V-Model,676.37,1302267.25
19,14,587861.21,2,2,2,3,1,30940.0637,6,4,0,2,Iterative,181.82,744681.76
65,46,330843.36,2,1,1,1,1,5089.8978,1,1,0,1,Iterative,1757.8,396938.44
11,5,130496.49,3,3,3,2,1,11863.3173,6,5,1,2,Spiral,36.18,156019.13
32,32,331264.24,5,4,2,2,4,10352.0075,4,3,1,2,Agile,740.87,299234.92
23,1,421995.91,5,5,2,2,2,18347.6483,4,3,1,1,RAD,15.12,88896.56
40,29,816368.88,3,1,5,1,2,20409.222,5,4,0,2,Agile,911.65,996106.11
19,3,1448754.03,3,4,1,2,3,76250.2121,2,5,1,2,RAD,38.71,391696.12
11,12,408440.18,3,1,1,2,2,37130.9255,2,5,1,2,Iterative,75.0,508518.33
73,29,1110424.2,1,3,3,3,2,15211.2904,9,2,0,3,Spiral,3405.36,1297159.39
27,45,466844.82,2,3,4,3,2,17290.5489,12,5,1,1,Spiral,778.27,580934.75
55,46,1416479.69,5,2,3,1,1,25754.1762,3,2,0,2,SAFe,2181.09,1927554.12
75,3,554383.59,4,2,1,3,4,7391.7812,3,1,0,2,SAFe,286.93,749278.55
29,42,429776.67,1,2,2,3,3,14819.8852,6,4,1,2,Iterative,1255.31,570361.61
27,5,1064600.86,5,2,3,1,4,39429.6615,3,2,1,2,Waterfall,109.37,967126.26
36,11,13444.99,3,1,5,1,2,373.4719,5,5,0,2,Iterative,323.52,17629.29
73,12,156766.95,1,5,2,1,4,2147.4925,2,5,0,3,SAFe,656.57,185420.3
58,45,452031.87,2,1,4,2,2,7793.6529,8,2,0,3,SAFe,3566.59,582337.5
61,48,493247.63,5,5,4,1,4,8086.0267,4,1,0,2,SAFe,3455.13,449326.25
40,9,1260507.36,3,1,2,3,2,31512.684,6,2,1,3,Agile,377.13,1500730.32
48,27,277555.39,5,5,2,3,3,5782.404,6,4,0,2,Spiral,1538.05,336652.11
51,41,1360767.62,5,2,1,2,2,26681.718,2,1,1,3,SAFe,2490.49,1675634.27
67,24,1036705.73,3,4,3,2,4,15473.2199,6,5,0,2,SAFe,1197.27,1239453.36
48,25,929157.41,1,1,2,1,4,19357.446,2,2,0,1,Iterative,1037.6,1072720.47
29,33,1148326.51,1,1,4,1,1,39597.4659,4,2,1,1,Iterative,649.6,1384964.26
12,27,1356884.29,1,3,2,2,1,113073.6908,4,4,0,2,Iterative,214.6,1133120.46
58,35,427381.47,4,1,5,2,4,7368.646,10,3,1,3,V-Model,2196.78,537142.57
59,30,1411963.35,2,4,5,3,1,23931.5822,15,2,1,1,Spiral,2068.52,1468623.44
71,41,488833.81,1,1,3,1,3,6884.9832,3,2,0,1,SAFe,3150.23,573530.54
73,8,1202826.27,1,4,2,2,3,16477.0722,4,1,0,1,SAFe,651.09,1548131.87
36,19,966722.99,2,2,4,1,1,26853.4164,4,5,0,3,Iterative,452.58,1185388.4
35,33,687311.48,2,5,4,2,2,19637.4709,8,2,1,2,Scrum,1066.47,807619.43
55,29,1293090.55,1,2,2,2,1,23510.7373,4,1,1,3,SAFe,1770.65,1606883.65
24,24,200505.64,1,1,2,3,3,8354.4017,6,5,1,2,Iterative,431.52,244341.7
45,23,1040553.6,5,5,4,1,4,23123.4133,4,1,1,1,V-Model,992.68,1167483.52
12,38,211294.65,1,3,5,3,1,17607.8875,15,1,0,1,Spiral,494.96,263563.67
56,13,826353.48,4,1,1,3,4,14756.3121,3,1,0,1,Agile,856.87,974018.06
20,5,625378.89,3,5,3,1,4,31268.9445,3,4,0,1,Scrum,77.29,733505.4
28,1,1071742.73,4,5,5,1,3,38276.5261,5,1,1,1,V-Model,30.82,794137.43
27,1,1130904.4,4,2,1,2,3,41885.3481,2,4,0,3,Agile,27.78,248400.38
73,27,1113249.66,4,3,1,2,2,15249.9953,2,4,0,3,SAFe,1528.2,1367122.68
65,2,140762.16,3,2,2,1,4,2165.5717,2,1,1,3,SAFe,149.81,144867.28
43,37,346815.99,3,2,4,1,1,8065.4881,4,5,0,3,Iterative,989.25,408765.52
49,6,939455.61,3,4,1,3,1,19172.5635,3,1,0,3,Scrum,356.5,1078401.36
9,3,886822.08,4,1,4,3,2,98535.7867,12,2,1,1,Agile,25.39,344216.65
49,15,578107.26,2,2,1,2,3,11798.1073,2,1,1,1,Iterative,816.13,646931.9
67,29,239161.68,5,1,2,2,3,3569.5773,4,1,0,2,SAFe,2952.87,282625.09
60,37,1394596.55,3,1,3,1,4,23243.2758,3,2,1,3,SAFe,2788.77,1478342.37
80,17,765405.53,2,3,5,2,1,9567.5691,10,1,1,1,Spiral,1429.4,829454.39
55,40,1191399.69,5,1,5,2,1,21661.8125,10,1,1,1,V-Model,1533.62,1498343.23
23,37,205549.21,4,2,5,3,4,8936.9222,15,4,1,1,Spiral,731.36,239073.84
51,6,177563.74,4,4,3,1,2,3481.642,3,4,0,3,SAFe,191.24,203875.24
72,5,36311.97,2,4,3,1,1,504.3329,3,3,0,1,SAFe,227.23,40533.78
11,46,584671.76,5,5,2,3,3,53151.9782,6,5,1,3,Spiral,629.34,866638.36
30,15,350904.08,5,1,1,2,2,11696.8027,2,3,0,3,Agile,338.4,447970.84
39,24,1019104.73,2,1,2,2,3,26130.8905,4,2,1,3,Iterative,1307.05,1185997.92
29,32,1260095.39,1,1,1,2,1,43451.5652,2,2,1,3,Iterative,845.4,1405313.76
31,38,619075.98,3,3,3,1,4,19970.1929,3,1,0,2,Iterative,1341.05,754051.67
20,3,120468.68,1,5,2,2,3,6023.434,4,4,0,3,RAD,68.53,129087.79
6,31,294880.35,4,4,5,1,1,49146.725,5,3,1,3,V-Model,180.36,334929.9
68,45,426884.09,4,1,4,1,1,6277.7072,4,1,1,3,V-Model,3529.93,497601.59
56,23,382322.9,1,1,3,3,4,6827.1946,9,3,0,1,Iterative,1236.2,470133.59
77,33,91226.19,1,1,5,1,4,1184.7557,5,4,0,1,SAFe,1774.02,110282.19
22,15,263540.05,1,1,4,3,1,11979.0932,12,5,0,2,Spiral,266.9,308258.08
7,46,469005.22,1,1,3,1,3,67000.7457,3,2,0,1,Iterative,320.85,521194.58
2,6,26363.72,4,4,2,1,2,13181.86,2,2,0,1,Kanban,7.92,50490.0
47,5,708369.54,2,4,3,2,4,15071.6923,6,3,1,2,Spiral,278.39,837796.65
45,35,631639.01,2,1,2,3,3,14036.4224,6,2,1,3,Spiral,2190.85,808693.34
4,30,530652.32,4,1,3,1,3,132663.08,3,3,1,2,Agile,115.93,680520.47
56,9,995519.91,5,3,1,1,2,17777.1412,1,5,1,3,SAFe,318.16,1099269.97
27,27,1076786.17,3,4,3,2,2,39880.9693,6,4,0,1,Scrum,445.68,1424150.9
23,29,927063.48,1,3,3,1,3,40307.1078,3,3,0,2,Iterative,606.53,1035737.48
53,31,949218.5,3,3,4,3,3,17909.783,12,5,1,3,Spiral,2461.3,1164450.76
29,13,30814.72,3,3,3,3,1,1062.5766,9,4,0,2,Agile,249.51,38167.13
8,31,1179628.83,5,3,1,3,1,147453.6038,3,1,0,2,Agile,274.14,1511583.06
69,31,833213.35,3,1,2,1,3,12075.5558,2,5,0,1,Iterative,1020.02,1060343.44
61,12,1223631.31,2,4,1,1,2,20059.5297,1,5,1,1,Scrum,326.24,1386385.55
79,37,507886.08,4,2,5,3,2,6428.9377,15,3,0,2,Spiral,3464.7,501369.73
47,9,1332583.08,5,3,2,3,3,28352.8315,6,3,1,2,Agile,506.68,1818202.24
75,20,1522756.85,1,3,3,3,3,20303.4247,9,5,0,3,SAFe,1777.65,1801978.63
11,38,1393498.77,2,3,4,2,1,126681.7064,8,5,0,2,Scrum,280.57,1758073.02
55,30,955872.71,5,4,3,2,3,17379.5038,6,4,0,2,SAFe,1611.67,1046865.13
25,48,16443.61,3,4,1,2,3,657.7444,2,5,1,2,Agile,918.01,17957.93
18,10,638326.86,3,4,5,2,1,35462.6033,10,4,0,3,Scrum,164.44,806555.48
49,39,512776.19,2,1,1,1,2,10464.8202,1,4,0,3,Iterative,1521.24,643013.82
18,39,762141.16,4,1,3,3,2,42341.1756,9,4,0,1,Spiral,701.56,961253.61
17,36,97978.27,1,5,3,1,4,5763.4276,3,1,0,1,Scrum,547.73,125037.45
21,15,315732.98,2,1,3,2,3,15034.9038,6,3,0,3,Iterative,283.86,418744.97
11,10,519588.77,4,4,2,2,1,47235.3427,4,5,1,3,Scrum,74.93,495159.3
63,7,768627.55,5,3,4,2,3,12200.4373,8,4,0,2,SAFe,516.18,866968.01
49,21,1279863.02,5,1,2,3,4,26119.6535,6,3,1,2,Spiral,1330.51,1441131.03
5,44,788540.64,4,2,3,3,4,157708.128,9,4,0,3,Agile,240.47,953174.23
62,27,1383486.2,4,5,2,1,2,22314.2935,2,2,0,2,SAFe,1482.34,1767544.99
18,13,611482.38,5,3,3,1,4,33971.2433,3,3,1,3,Waterfall,249.12,763084.65
80,35,533003.16,1,4,4,3,3,6662.5395,12,3,0,3,Spiral,4345.96,681154.61
10,13,1235189.25,3,3,1,1,3,123518.925,1,3,0,1,Waterfall,96.97,647609.47
20,12,848320.81,3,3,1,2,4,42416.0405,2,1,1,1,Agile,255.77,1052286.79
19,5,847509.39,1,1,1,3,2,44605.7574,3,4,0,3,Iterative,70.88,336639.41
57,33,995563.21,4,5,4,3,4,17466.0212,12,3,0,2,Spiral,2888.85,1009407.04
80,30,663336.22,4,2,1,1,2,8291.7028,1,5,0,3,SAFe,1482.35,768109.65
80,41,43437.97,1,3,1,3,3,542.9746,3,2,1,3,SAFe,5097.45,52572.66
38,16,505567.88,2,4,5,1,1,13304.4179,5,2,0,2,Scrum,672.77,612932.28
78,40,719014.85,5,4,4,3,1,9218.1391,12,3,1,2,Spiral,2681.97,807594.23
49,20,986284.72,5,5,1,3,3,20128.2596,3,4,0,3,Scrum,916.11,1132414.23
65,41,1353361.14,2,1,2,3,1,20820.9406,6,5,1,1,Spiral,1981.2,1847170.42
41,25,826294.97,5,3,4,1,3,20153.5359,4,4,1,1,V-Model,887.79,915271.94
58,43,701713.93,1,2,3,2,1,12098.516,6,2,1,1,Iterative,2571.09,914535.14
53,7,1211918.5,4,1,2,2,2,22866.3868,4,3,1,3,V-Model,318.75,1639397.35
51,46,959243.37,5,4,4,1,3,18808.6935,4,4,1,2,V-Model,1799.67,1252316.59
41,8,996311.7,4,4,3,1,1,24300.2854,3,4,0,2,Waterfall,274.43,1185967.63
31,40,460320.02,2,5,3,3,3,14849.0329,9,3,1,1,Scrum,1510.65,529084.85
61,7,158013.78,1,1,4,2,4,2590.3898,8,2,0,2,SAFe,589.53,192824.46
7,34,94166.28,1,4,5,2,3,13452.3257,10,3,1,3,V-Model,259.82,121318.99
71,4,1092907.54,5,2,5,3,3,15393.0639,15,1,1,2,Spiral,472.84,1435994.42
39,39,1022540.91,2,4,4,2,1,26218.9977,8,3,0,2,Agile,1536.45,1174521.45
7,19,383892.44,5,2,3,2,4,54841.7771,6,2,1,3,Waterfall,147.08,498446.61
59,25,1417176.24,5,1,5,2,3,24019.9363,10,5,0,2,SAFe,1428.49,1384460.49
42,45,885426.14,3,1,4,1,1,21081.5748,4,2,1,1,Agile,1812.81,1083425.87
60,13,31617.82,2,3,4,3,4,526.9637,12,5,1,3,Spiral,887.97,38758.48
28,34,192840.35,4,1,2,1,3,6887.1554,2,5,1,2,Waterfall,682.9,229729.96
4,24,472885.54,2,5,2,2,2,118221.385,4,5,1,2,XP,49.71,377073.33
34,40,929172.87,1,5,3,2,4,27328.6138,6,3,1,2,Scrum,1194.65,1084528.17
4,43,251676.32,4,4,4,2,3,62919.08,8,1,1,3,V-Model,230.39,287500.63
80,42,1091693.9,3,3,1,2,3,13646.1737,2,3,0,2,SAFe,2755.23,1362239.69
8,35,1370821.77,1,5,1,2,2,171352.7212,2,2,1,3,Scrum,259.83,1780609.99
39,22,714405.55,2,3,1,2,2,18318.091,2,3,1,2,Scrum,677.95,948032.13
66,41,28015.25,4,3,3,2,3,424.4735,6,4,0,2,SAFe,2442.97,30553.47
75,21,1102616.11,4,1,1,1,1,14701.5481,1,4,1,1,SAFe,820.8,1516009.76
80,6,1014914.84,4,2,4,3,3,12686.4355,12,3,0,2,Spiral,674.56,1155547.89
16,45,416226.35,5,5,5,2,4,26014.1469,10,2,0,2,Scrum,807.71,487856.42
60,12,809530.38,1,4,1,2,1,13492.173,2,2,1,2,SAFe,573.34,978337.31
47,18,890764.23,1,1,4,1,1,18952.4304,4,1,1,1,Iterative,683.69,978128.45
49,38,1203441.1,1,1,4,2,4,24560.0224,8,3,0,2,Iterative,2124.8,1393091.64
34,7,1249055.74,5,3,3,3,2,36736.9335,9,2,0,3,Scrum,294.54,1590981.01
45,25,371693.06,5,2,3,3,3,8259.8458,9,2,1,2,Agile,1453.43,459882.51
3,10,360246.97,4,1,5,1,3,120082.3233,5,2,1,2,V-Model,44.19,482122.03
11,27,14361.1,5,4,3,1,1,1305.5545,3,5,0,3,Waterfall,204.5,17451.74
10,21,729160.62,5,1,4,1,1,72916.062,4,4,1,1,V-Model,165.02,858321.09
16,30,720663.83,1,1,3,1,3,45041.4894,3,5,1,1,Iterative,273.23,819480.01
50,24,962742.39,4,4,3,2,1,19254.8478,6,4,0,3,SAFe,1207.5,20376562.5
33,6,68675.26,2,3,5,2,2,2081.0685,10,5,0,3,Scrum,160.5,86744.28
25,1,347793.43,4,5,5,2,1,13911.7372,10,5,1,1,V-Model,17.04,387053.66
10,8,1057317.62,2,5,3,3,3,105731.762,9,3,1,3,Scrum,92.13,1014440.98
65,16,11322.62,3,4,5,2,1,174.1942,10,3,1,1,V-Model,878.85,14596.32
66,32,1330209.75,4,3,3,1,2,20154.6932,3,5,1,2,SAFe,1179.8,1738527.37
28,4,1466399.36,4,1,2,1,2,52371.4057,2,1,1,2,V-Model,122.66,1761406.17
48,11,1018246.03,4,2,2,1,4,21213.459,2,2,1,2,Waterfall,489.1,1266073.12
60,28,878343.5,5,4,2,1,2,14639.0583,2,1,0,1,Waterfall,1284.78,987770.84
55,47,1294568.66,4,2,1,2,4,23537.612,2,4,1,3,SAFe,2599.57,1793129.98
39,7,217105.5,1,1,1,3,3,5566.8077,3,3,1,2,Agile,263.97,240593.4
26,19,1407266.83,1,1,4,2,3,54125.6473,8,4,0,1,Iterative,427.21,1759771.99
58,11,607282.53,3,4,1,1,3,10470.3884,1,3,1,1,Waterfall,481.87,771294.38
58,33,1504178.02,5,5,2,1,3,25934.1038,2,2,0,1,Waterfall,1492.96,1603238.88
2,36,1428163.97,2,3,3,1,4,714081.985,3,5,0,2,Scrum,53.12,606066.46
64,4,1333058.32,1,2,4,3,1,20829.0362,12,3,1,2,Spiral,297.07,1528225.83
57,33,1322774.54,5,3,3,1,4,23206.5709,3,4,1,1,Waterfall,1295.15,1662649.9
58,36,457750.89,3,5,4,2,1,7892.2567,8,3,1,3,Spiral,1970.13,576841.84
5,12,995282.42,2,3,2,2,2,199056.484,4,5,1,2,XP,36.45,297774.67
35,47,165351.79,1,5,5,2,1,4724.3369,10,5,1,3,Spiral,1440.42,206675.53
40,25,1151564.01,1,1,4,2,3,28789.1002,8,1,0,3,Iterative,1487.01,1353293.0
28,23,1301223.89,2,1,2,1,2,46472.2818,2,1,1,3,Iterative,598.48,1682958.7
4,23,880300.12,3,5,2,2,1,220075.03,4,1,0,1,Scrum,91.18,1037340.38
71,33,853176.89,5,3,3,1,2,12016.5759,3,2,1,3,SAFe,2604.74,941313.17
6,25,471407.33,2,2,1,3,2,78567.8883,3,3,0,1,Agile,138.92,589870.51
44,19,494146.93,4,5,3,3,2,11230.612,9,4,0,2,Spiral,722.98,504030.66
47,26,1236720.97,1,1,2,2,1,26313.2121,4,5,1,3,Iterative,865.45,1550697.84
22,13,1024819.3,1,5,4,2,1,46582.6955,8,4,1,1,Scrum,174.88,1299801.89
14,7,635627.0,2,4,4,3,4,45401.9286,12,5,1,3,V-Model,115.5,785515.6
40,40,1352311.11,5,1,5,1,1,33807.7778,5,1,0,3,Waterfall,2010.12,1720151.75
73,47,926938.99,3,4,3,1,4,12697.7944,3,2,0,2,Scrum,76.18,687381.09
57,12,1106546.79,1,3,5,1,3,19413.1016,5,2,0,1,Iterative,599.52,1305589.24
64,7,177066.63,4,2,2,3,3,2766.6661,6,1,0,3,SAFe,689.97,198221.02
12,39,193494.28,5,2,5,3,3,16124.5233,15,5,0,2,Spiral,564.76,237554.76
26,9,664864.12,2,5,3,3,1,25571.6969,9,3,0,3,Scrum,270.48,775874.12
65,25,1116501.3,3,4,3,1,1,17176.9431,3,4,1,3,V-Model,1115.48,1448565.06
44,46,195998.14,1,5,4,3,1,4454.5032,12,1,0,3,Spiral,2296.65,227139.2
51,19,266387.93,1,3,2,1,2,5223.2927,2,3,1,3,SAFe,1083.25,291670.06
45,6,345715.66,5,4,1,1,2,7682.5702,1,5,1,3,Waterfall,151.94,417240.49
8,32,1232879.2,5,2,5,1,1,154109.9,5,1,0,2,Waterfall,279.6,1487386.07
30,15,334165.17,5,1,1,2,3,11138.839,2,2,1,1,Waterfall,517.72,472584.25
78,15,1101582.25,4,4,5,3,3,14122.8494,15,5,0,2,Spiral,1298.37,1452125.66
51,39,634491.93,2,4,3,3,4,12441.0182,9,5,1,2,SAFe,1692.7,719650.08
54,19,1255108.2,4,1,1,3,2,23242.7444,3,4,0,1,Agile,604.35,1614289.51
29,6,839048.66,3,5,2,3,2,28932.7124,6,2,1,3,Scrum,201.72,869965.91
8,34,457035.32,2,5,4,3,3,57129.415,12,3,0,3,Spiral,368.82,547693.3
74,10,773220.39,5,3,4,3,2,10448.9242,12,4,1,1,Spiral,699.01,865141.76
21,16,960928.73,1,3,1,1,2,45758.511,1,2,1,1,Agile,198.99,1229856.09
12,16,16800.94,2,3,1,1,3,1400.0783,1,1,1,1,Scrum,165.07,19949.4
12,45,1029006.87,1,1,4,3,3,85750.5725,12,1,1,1,Spiral,824.88,1114097.51
30,6,974130.81,5,4,5,1,4,32471.027,5,4,1,1,V-Model,161.21,1052626.91
80,46,702595.29,5,4,3,1,1,8782.4411,3,3,0,1,SAFe,2231.59,854484.76
74,8,276885.16,2,5,5,1,3,3741.6914,5,1,0,1,SAFe,645.9,366303.85
25,30,749458.3,4,2,3,3,4,29978.332,9,5,1,2,Agile,748.62,1041911.74
2,35,1430525.77,3,2,3,3,4,715262.885,9,3,0,1,Agile,62.28,517496.19
64,27,1131386.8,3,5,2,3,4,17677.9188,6,2,0,3,Spiral,2704.06,1480380.65
10,18,111113.69,3,2,4,1,2,11111.369,4,2,1,2,Iterative,152.88,128672.33
44,41,1152531.28,5,4,1,1,3,26193.8927,1,3,0,2,Waterfall,1341.89,1364817.05
44,24,1205276.04,3,1,5,3,3,27392.6373,15,2,1,3,Spiral,2002.91,1553636.58
26,13,241120.98,5,4,4,1,2,9273.8838,4,4,1,1,V-Model,260.4,281018.34
33,37,1176701.97,3,4,3,3,1,35657.6355,9,2,1,3,Scrum,1364.25,1356159.13
50,37,1271723.03,4,5,2,3,4,25434.4606,6,2,0,3,SAFe,2182.33,1361920.57
73,47,636475.18,5,1,3,2,4,8718.8381,6,1,0,1,SAFe,3740.25,795985.87
64,41,1429733.21,5,3,4,3,1,22339.5814,12,5,0,2,Spiral,2208.9,1781804.41
58,37,1006248.86,1,2,4,3,3,17349.1183,12,4,0,3,Spiral,3152.21,1172524.41
48,26,1040802.24,3,5,4,2,1,21683.38,8,4,1,1,Spiral,1096.58,1430722.51
3,20,454132.96,3,3,1,3,1,151377.6533,3,2,1,3,Scrum,50.61,373107.96
40,39,1075453.99,1,5,1,1,2,26886.3498,1,5,0,3,Scrum,894.44,1364014.05
14,12,1410811.38,5,3,1,3,2,100772.2414,3,5,0,3,Scrum,111.65,684573.7
50,30,271763.58,5,1,3,3,1,5435.2716,9,4,0,2,Spiral,1398.46,329152.68
15,36,303979.57,3,5,3,3,4,20265.3047,9,2,1,2,Spiral,827.18,428358.49
54,3,1036333.78,5,3,1,3,1,19191.3663,3,1,0,3,SAFe,200.37,1227087.6
18,23,463903.58,1,4,5,2,3,25772.4211,10,3,0,3,Scrum,563.18,566273.4
8,19,150549.91,2,5,3,3,3,18818.7388,9,3,0,2,Spiral,219.42,182716.17
30,5,1540612.32,4,3,5,1,2,51353.744,5,3,1,1,Scrum,110.79,1804683.15
38,13,952756.19,3,3,3,2,2,25072.5313,6,5,0,3,Scrum,335.39,1287617.33
66,44,709567.19,2,1,2,2,1,10751.018,4,2,1,3,SAFe,2542.89,867647.86
35,30,507213.25,1,3,5,2,1,14491.8071,10,3,0,2,Iterative,1037.81,597992.81
46,45,846824.62,4,3,3,2,3,18409.2309,6,1,1,3,V-Model,2967.37,1069347.82
80,6,648321.0,2,1,5,1,3,8104.0125,5,1,1,2,SAFe,614.2,861321.3
16,41,706181.31,4,2,1,1,3,44136.3319,1,2,0,3,Waterfall,757.17,853640.91
38,46,740674.36,2,2,5,2,3,19491.4305,10,3,1,2,Spiral,2614.32,878196.28
40,9,410716.83,2,1,1,3,1,10267.9208,3,3,0,2,Agile,297.7,446211.66
23,6,262288.73,3,4,5,2,1,11403.8578,10,1,1,1,V-Model,136.74,307758.57
29,44,1368456.56,5,2,5,3,2,47188.1572,15,2,0,1,Spiral,1551.56,1572047.14
29,27,650635.27,4,4,4,2,4,22435.699,8,2,1,3,Scrum,881.96,819773.07
53,26,1420484.81,4,1,2,1,3,26801.6002,2,2,0,2,SAFe,1544.72,1626233.32
48,17,1145963.75,1,3,3,1,1,23874.2448,3,1,0,2,Iterative,779.76,1297421.85
45,25,150803.81,5,2,4,2,2,3351.1958,8,5,0,2,Waterfall,862.19,179566.54
42,8,216186.92,4,4,1,1,1,5147.3076,1,3,1,1,Scrum,235.79,231542.21
32,23,888571.92,4,3,2,2,2,27767.8725,4,4,0,2,Agile,625.42,1192978.51
7,43,1001089.02,5,3,4,2,4,143012.7171,8,1,0,2,Agile,438.86,1211945.82
5,11,840034.25,3,2,5,1,1,168006.85,5,5,0,2,XP,29.6,491752.84
60,32,210451.65,3,5,4,2,2,3507.5275,8,3,0,2,SAFe,1780.68,248208.84
18,23,18307.7,3,3,5,1,4,1017.0944,5,5,1,2,Scrum,325.88,22081.69
22,24,640180.36,4,3,1,2,1,29099.1073,2,2,1,1,Agile,368.27,760794.54
30,7,646775.97,2,3,1,3,2,21559.199,3,5,1,1,Iterative,125.21,814548.86
57,30,1191862.3,4,2,1,3,1,20909.8649,3,2,1,2,SAFe,1440.41,1396589.92
73,28,1150024.5,1,3,5,2,3,15753.7603,10,2,0,3,SAFe,2558.03,1421876.94
39,2,57445.21,1,1,4,3,1,1472.9541,12,1,1,1,Iterative,96.38,74703.3
50,36,192239.86,1,3,2,2,3,3844.7972,4,5,0,3,SAFe,1436.26,241927.75
75,47,485075.08,1,3,3,2,3,6467.6677,6,3,0,2,SAFe,3981.87,636165.94
75,38,51727.22,2,5,4,3,4,689.6963,12,3,0,2,Spiral,3392.16,63898.28
15,29,1134865.64,5,3,2,3,2,75657.7093,6,3,1,2,Agile,391.47,1478885.88
57,42,605877.0,3,2,4,2,2,10629.4211,8,3,1,1,Spiral,2247.36,745582.42
23,36,1305178.55,4,5,4,3,1,56746.8935,12,5,0,2,Spiral,611.48,1495897.1
62,41,1338103.23,3,5,5,1,4,21582.3102,5,1,0,3,SAFe,3142.69,1667170.59
67,16,1366184.05,2,3,5,1,1,20390.8067,5,3,1,1,Iterative,901.61,1641754.42
70,11,338815.21,5,4,3,1,2,4840.2173,3,4,1,2,V-Model,583.97,377481.4
67,32,683861.86,2,5,3,2,2,10206.8934,6,5,0,1,Scrum,1616.19,797478.11
52,10,1195823.02,1,4,3,2,1,22996.5965,6,1,0,2,SAFe,487.33,1567921.16
28,41,816392.35,2,4,5,3,1,29156.8696,15,2,0,2,Spiral,1376.41,926852.58
25,36,808475.94,4,1,4,1,3,32339.0376,4,4,1,1,Waterfall,760.5,9506250.0
43,21,1134148.55,4,1,1,1,3,26375.5477,1,1,1,1,Agile,822.79,1346737.97
30,48,212384.31,1,3,1,2,3,7079.477,2,3,0,2,Iterative,1588.68,267393.33
25,36,692841.32,3,1,4,3,3,27713.6528,12,4,1,1,Spiral,798.53,18091695.31
18,22,420320.44,3,1,2,3,3,23351.1356,6,2,0,2,Agile,493.2,530973.83
11,21,904687.45,2,4,3,2,2,82244.3136,6,5,1,2,Scrum,148.46,1055003.65
32,31,870944.57,4,3,2,2,1,27217.0178,4,2,1,3,Scrum,1061.48,1135077.5
40,7,317211.18,2,5,1,3,3,7930.2795,3,1,1,1,Scrum,326.33,398649.88
55,10,1238652.79,4,1,4,2,3,22520.9598,8,2,1,1,V-Model,807.48,1381881.93
30,47,1143223.35,2,1,1,3,3,38107.445,3,4,0,3,Agile,1568.42,1484953.77
61,2,1133687.69,1,1,3,3,4,18585.0441,9,1,1,2,SAFe,175.8,1303723.88
75,21,1458225.84,1,1,2,2,2,19443.0112,4,4,1,2,SAFe,1326.75,1602869.38
47,18,564400.29,4,5,3,3,1,12008.5168,9,4,0,1,Agile,488.46,695671.55
34,36,256067.81,5,1,3,3,2,7531.4062,9,2,0,2,Agile,1207.29,282105.93
41,31,1386444.93,4,1,3,3,2,33815.73,9,3,1,2,Iterative,1272.13,1543911.82
65,27,114997.73,3,4,5,2,2,1769.1958,10,4,0,1,Agile,1068.11,133783.22
66,13,1305629.86,1,4,5,2,4,19782.2706,10,2,0,1,Agile,1116.25,1697334.77
46,17,1568073.21,5,2,4,1,4,34088.548,4,1,0,3,Waterfall,872.25,1871270.25
40,3,57129.65,1,1,4,3,3,1428.2412,12,2,1,1,Iterative,152.06,70075.0
61,43,900198.51,4,5,4,3,1,14757.3526,12,5,1,1,Spiral,1903.58,1109649.26
7,28,1193475.79,4,4,3,3,1,170496.5414,9,3,0,1,Spiral,149.02,1410244.8
40,14,379653.99,4,4,5,2,2,9491.3498,10,5,1,3,Spiral,462.49,517087.33
26,42,1064511.34,1,1,1,2,1,40942.7438,2,1,0,2,Iterative,1049.43,1078594.22
56,21,1220613.92,4,4,2,3,2,21796.6771,6,4,0,2,SAFe,1090.4,1309475.64
20,10,834782.86,5,1,4,2,2,41739.143,8,1,1,1,V-Model,208.66,1036953.35
68,31,510676.29,2,3,5,2,3,7509.9454,10,4,0,3,SAFe,2028.27,689810.6
46,26,687135.79,5,1,5,1,1,14937.7346,5,5,1,3,V-Model,1014.84,958588.72
49,35,1429400.84,4,2,1,3,2,29171.4457,3,4,1,1,Agile,1204.87,1656539.97
60,43,645081.74,1,3,5,1,1,10751.3623,5,3,1,2,SAFe,1970.79,719756.31
36,25,830201.04,3,5,3,2,3,23061.14,6,4,0,3,Scrum,761.81,1152601.71
18,24,1090299.01,4,2,4,3,2,60572.1672,12,5,1,2,Spiral,400.81,1400502.08
55,7,1138721.21,4,2,2,1,4,20704.022,2,2,1,2,V-Model,325.65,1354506.87
60,12,505982.25,4,5,4,1,3,8433.0375,4,3,1,2,SAFe,850.1,661733.17
53,40,1380674.32,5,4,3,3,3,26050.4589,9,2,0,3,SAFe,3615.61,1658988.87
15,24,248353.41,1,3,3,2,4,16556.894,6,4,0,3,Iterative,382.54,5259925.0
62,31,1235350.15,1,2,1,1,2,19925.0024,1,1,0,1,Iterative,1650.94,1615278.44
55,33,1162755.48,1,3,1,3,4,21141.0087,3,4,0,1,Iterative,1378.4,1224319.67
66,30,793429.53,1,5,1,2,3,12021.6595,2,5,1,1,Scrum,1458.29,1044378.06
40,28,315857.51,4,5,4,1,1,7896.4378,4,3,1,1,V-Model,742.4,369613.9
9,34,825415.21,4,2,2,2,1,91712.8011,4,5,1,2,Agile,142.72,1048839.7
73,28,1067592.13,1,3,3,3,2,14624.5497,9,4,1,1,SAFe,1540.19,1041665.29
19,43,448660.05,3,2,5,1,3,23613.6868,5,1,1,1,Agile,999.95,535843.38
60,4,777409.74,1,1,3,3,3,12956.829,9,2,0,2,SAFe,290.46,727692.96
7,14,471874.2,1,5,1,1,3,67410.6,1,5,1,3,Scrum,60.77,424208.22
75,25,29050.73,1,4,1,2,2,387.3431,2,4,1,1,SAFe,1445.29,33193.2
25,38,992830.02,4,5,1,2,2,39713.2008,2,5,1,2,Scrum,577.13,1223686.5
10,44,384662.66,5,1,3,2,3,38466.266,6,2,1,2,V-Model,609.91,439256.41
69,22,1415796.33,3,1,5,3,3,20518.7874,15,5,1,2,Spiral,1473.77,1666819.72
15,2,1159624.08,1,5,5,1,2,77308.272,5,2,0,2,RAD,31.55,514923.45
58,28,1450733.58,4,3,3,1,1,25012.6479,3,2,0,2,SAFe,1075.52,1675257.31
54,48,1143343.51,1,4,1,3,1,21173.028,3,5,0,2,SAFe,1631.38,1198431.06
16,25,775921.17,4,5,1,2,3,48495.0731,2,2,0,2,Agile,458.23,1038048.93
80,47,18705.86,5,1,1,3,2,233.8232,3,5,0,1,SAFe,2386.55,19231.85
68,32,1205698.96,3,1,4,3,1,17730.8671,12,4,1,2,Spiral,1695.12,1465390.9
73,17,236329.11,4,1,4,1,4,3237.3851,4,3,1,2,V-Model,898.96,288431.25
70,6,878875.72,2,5,1,2,2,12555.3674,2,4,0,3,SAFe,375.16,1024217.05
74,35,818010.19,5,3,3,1,2,11054.1918,3,2,1,3,V-Model,2695.04,1008046.43
35,13,546080.39,1,3,2,1,2,15602.2969,2,5,0,1,Scrum,247.12,654131.64
27,30,919249.93,4,3,2,2,1,34046.2937,4,5,0,3,Scrum,658.42,1134747.46
58,25,1417813.72,1,1,3,1,1,24445.0641,3,1,0,2,SAFe,1324.73,1767272.32
37,33,422792.55,4,3,3,2,4,11426.8257,6,5,0,1,Scrum,887.44,507238.41
7,22,572505.19,2,5,5,2,4,81786.4557,10,5,1,1,Spiral,124.04,729672.62
75,6,124518.83,1,3,3,3,4,1660.2511,9,2,0,1,SAFe,554.6,150745.67
28,43,176359.83,4,1,1,3,4,6298.5654,3,3,0,1,Agile,945.0,199853.58
25,39,1412256.84,3,3,3,1,1,56490.2736,3,3,0,1,Scrum,520.17,1407717.29
51,46,572711.85,3,5,2,2,2,11229.6441,4,1,1,1,Scrum,2141.13,638221.63
59,21,107107.11,2,5,2,1,2,1815.3747,2,2,1,3,SAFe,1151.08,127547.56
74,32,944268.57,4,1,5,3,1,12760.3861,15,5,0,1,Spiral,1682.64,1204789.1
24,31,1382477.33,2,3,1,2,2,57603.2221,2,4,0,1,Scrum,471.4,1686662.28
37,15,1277492.93,5,5,2,2,1,34526.8359,4,4,1,2,Agile,335.33,1696508.55
32,12,821627.62,1,1,2,2,1,25675.8631,4,4,0,1,Iterative,201.5,965187.2
80,41,755063.79,2,2,5,1,1,9438.2974,5,5,0,1,SAFe,1737.96,861075.39
9,18,387436.08,2,2,4,2,3,43048.4533,8,3,1,1,Spiral,147.35,484359.1
40,48,11542.42,4,1,2,1,2,288.5605,2,4,0,2,Agile,1114.95,12881.44
62,32,641296.62,2,3,4,2,2,10343.4939,8,2,0,3,SAFe,2630.29,791952.88
32,19,60858.18,4,3,3,3,3,1901.8181,9,2,1,1,Spiral,814.25,88081.41
50,3,577749.92,4,4,5,2,4,11554.9984,10,4,0,2,SAFe,132.34,776168.02
59,10,1289667.54,2,1,5,2,4,21858.7719,10,2,0,1,Iterative,751.7,1286581.93
69,23,625381.35,1,1,1,1,2,9063.4978,1,1,1,1,Iterative,1414.61,755127.3
28,7,914992.71,3,3,3,3,4,32678.3111,9,3,1,1,Agile,164.59,1123321.96
25,33,986189.14,4,4,3,1,2,39447.5656,3,4,1,3,V-Model,680.65,1275383.54
18,40,1337781.21,4,2,4,3,1,74321.1783,12,1,1,1,Spiral,702.6,1807596.11
10,30,185252.31,3,3,4,3,4,18525.231,12,3,0,2,Iterative,340.7,3747700.0
54,41,541465.08,3,2,3,3,1,10027.1311,9,1,1,2,SAFe,2398.2,654651.36
60,30,1067608.41,2,3,5,1,1,17793.4735,5,2,0,2,SAFe,1898.44,1294910.78
23,25,872446.75,4,1,3,1,3,37932.4674,3,4,0,3,Agile,656.55,969519.02
19,14,1148052.64,5,3,1,1,4,60423.8232,1,2,0,2,Waterfall,240.44,1117874.65
29,33,349898.16,5,2,4,1,4,12065.4538,4,2,1,1,V-Model,777.71,458421.91
73,21,919028.95,4,5,5,3,4,12589.4377,15,5,0,3,Spiral,1885.5,1151484.32
29,21,1051701.6,2,5,5,1,3,36265.5724,5,2,0,2,Scrum,670.84,1171921.61
9,2,326867.16,3,5,4,1,4,36318.5733,4,5,1,1,RAD,13.2,249709.73
62,48,1223615.27,1,5,1,1,1,19735.7302,1,3,1,1,Scrum,1748.42,1542989.95
13,20,1182178.36,2,3,4,3,2,90936.7969,12,2,1,3,Spiral,356.3,1412942.66
68,16,254013.63,4,5,2,3,2,3735.4946,6,4,0,1,Scrum,810.95,285436.54
80,12,1038023.55,1,1,3,2,4,12975.2944,6,1,0,1,SAFe,945.48,1155177.75
15,40,427232.5,4,3,1,1,3,28482.1667,1,2,0,1,Waterfall,494.49,515506.83
16,27,589592.63,1,4,4,3,3,36849.5394,12,4,0,3,Spiral,572.81,701174.61
2,20,729989.02,3,4,4,1,3,364994.51,4,2,0,2,Scrum,39.44,479277.44
70,38,1276771.46,4,2,2,1,1,18239.5923,2,5,0,1,Agile,479.72,1221914.87
17,8,1418501.16,2,5,1,3,2,83441.2447,3,4,0,1,Scrum,88.95,683428.12
7,44,105240.08,4,3,3,3,1,15034.2971,9,3,0,1,Spiral,309.63,150423.46
64,25,1182971.61,2,2,4,2,2,18483.9314,8,2,0,3,SAFe,1650.14,1617987.87
69,3,1249206.01,5,1,1,2,2,18104.4349,2,4,0,2,SAFe,134.86,973462.87
35,1,360845.39,4,3,2,1,2,10309.8683,2,3,0,1,RAD,27.19,185656.68
14,14,810789.7,2,4,3,1,3,57913.55,3,4,0,1,Agile,155.1,877384.75
68,19,1322945.44,4,4,4,3,1,19455.08,12,3,1,3,Spiral,1542.62,1523986.06
58,47,1353480.6,5,4,3,3,2,23335.8724,9,5,1,2,Spiral,1864.93,306359.29
17,17,455320.76,5,5,3,1,3,26783.5741,3,3,1,3,V-Model,385.95,513296.28
5,9,534565.92,1,3,4,3,4,106913.184,12,1,0,3,Scrum,72.01,643299.74
33,5,1437508.86,4,4,3,2,3,43560.8745,6,4,1,1,V-Model,129.4,1656759.9
22,2,1093050.2,2,4,3,3,4,49684.1,9,2,0,3,Scrum,70.03,739686.71
6,14,766297.65,5,3,1,2,1,127716.275,2,3,0,1,Agile,50.71,420130.64
55,39,985355.85,4,2,2,1,3,17915.5609,2,5,0,2,SAFe,1622.6,1148626.98
37,24,119239.07,1,4,4,2,2,3222.6776,8,2,1,2,Spiral,972.5,141341.76
29,25,1143324.9,2,4,2,2,1,39424.9966,4,5,0,3,Scrum,587.47,1386147.22
14,15,1235572.01,5,4,1,1,3,88255.1436,1,2,1,3,Waterfall,200.95,1245234.38
53,28,1321489.53,1,4,4,2,4,24933.7647,8,5,1,3,V-Model,1473.71,1739661.99
4,31,1521437.76,1,3,3,3,4,380359.44,9,4,0,2,Spiral,97.39,1277922.38
6,17,850138.34,1,1,3,3,1,141689.7233,9,4,1,3,Iterative,72.62,785217.56
77,15,1057675.02,1,4,3,3,3,13736.0392,9,3,0,3,SAFe,1843.46,1380933.19
22,32,1057885.03,4,3,4,2,2,48085.6832,8,1,1,2,V-Model,827.84,1260735.65
12,28,180763.6,3,4,1,3,3,15063.6333,3,2,0,1,Agile,330.21,209200.31
45,36,1434725.72,4,1,3,3,4,31882.7938,9,4,1,3,Spiral,1598.8,1824495.38
33,25,1245992.78,5,5,2,1,2,37757.357,2,5,0,3,Waterfall,626.06,1450475.93
80,31,1148359.19,2,2,3,3,3,14354.4899,9,2,1,1,Spiral,3671.89,1220135.28
43,22,1429411.14,2,2,1,3,2,33242.1195,3,5,1,2,Iterative,646.98,1579540.69
43,34,1358614.44,5,3,5,2,4,31595.6847,10,4,1,2,V-Model,1624.51,1726848.04
38,6,1249749.93,5,3,4,3,3,32888.1561,12,4,0,2,Spiral,301.95,1379105.11
46,33,257348.32,1,2,5,3,3,5594.5287,15,1,1,2,Spiral,2677.66,303495.6
73,28,881353.97,1,4,1,3,4,12073.3421,3,1,1,2,SAFe,2240.35,924419.97
27,31,1457634.95,1,3,3,3,2,53986.4796,9,1,0,1,Spiral,1062.67,1893163.04
40,18,715114.4,2,4,4,2,2,17877.86,8,4,0,3,SAFe,796.95,13448531.25
35,26,507494.29,5,4,3,3,4,14499.8369,9,1,0,2,Spiral,1246.12,607138.24
79,1,961210.69,2,5,1,2,1,12167.2239,2,1,0,3,SAFe,76.58,840446.13
41,31,1395802.13,5,4,4,1,2,34043.9544,4,2,1,2,V-Model,1109.91,1485286.96
65,15,822128.22,1,3,3,3,2,12648.1265,9,2,0,1,Spiral,1266.3,919518.49
50,44,761555.01,3,4,4,1,4,15231.1002,4,4,0,1,Waterfall,2058.78,1063722.63
54,29,455440.58,3,5,1,2,4,8434.0848,2,4,0,3,SAFe,1098.1,523009.06
50,39,1493083.43,3,1,2,3,4,29861.6686,6,3,0,1,Agile,1833.2,1400989.87
9,43,1292432.58,4,3,3,1,2,143603.62,3,5,1,2,Waterfall,220.52,1658347.06
17,46,646067.57,1,5,2,2,3,38003.9747,4,1,1,3,Scrum,1235.08,724281.49
29,8,354255.97,5,5,5,1,1,12215.7231,5,1,1,3,Waterfall,282.93,397531.98
72,42,1381865.52,1,2,3,3,3,19192.5767,9,4,1,3,Spiral,3367.63,1640508.34
41,45,787167.09,1,2,2,1,1,19199.1973,2,3,0,3,Scrum,1549.38,934745.65
6,24,150820.68,5,5,3,2,3,25136.78,6,1,1,3,V-Model,239.17,178523.62
6,34,966720.49,4,1,3,3,4,161120.0817,9,5,1,1,Agile,164.3,1177398.7
6,19,922486.8,2,3,1,2,1,153747.8,2,3,1,3,Iterative,95.72,759291.33
15,30,1166707.62,5,3,4,3,3,77780.508,12,2,1,1,Spiral,706.94,1367646.72
6,31,109729.22,3,1,2,3,1,18288.2033,6,5,0,1,Agile,122.78,142490.92
54,6,1012584.85,5,1,1,2,2,18751.5713,2,4,1,2,SAFe,251.35,1288645.24
46,40,1424706.05,3,2,5,3,4,30971.8707,15,4,0,1,Spiral,1702.01,1628352.9
52,33,288094.04,4,2,2,3,3,5540.27,6,2,1,2,SAFe,2563.85,400987.59
60,3,72568.4,5,5,3,2,2,1209.4733,6,5,0,2,Scrum,111.56,107123.65
50,11,1209389.43,1,2,4,3,4,24187.7886,12,5,1,2,Spiral,605.57,1601411.65
56,3,542933.6,4,2,2,1,3,9695.2429,2,3,0,3,SAFe,177.66,683885.8
79,48,1342503.04,2,3,2,2,3,16993.7094,4,1,0,2,Scrum,1710.23,1879430.77
24,44,460793.3,3,1,1,1,4,19199.7208,1,3,1,3,Agile,997.81,512600.22
69,42,830739.14,3,2,3,1,1,12039.6977,3,5,1,2,Kanban,14.73,132169.86
68,12,1441996.19,5,1,1,2,2,21205.8263,2,1,0,1,Waterfall,815.92,1712189.8
67,39,413527.99,5,3,3,2,3,6172.0596,6,5,1,2,V-Model,2861.82,513421.8
54,39,727932.92,1,5,2,1,1,13480.2393,2,4,1,3,SAFe,1523.86,967794.59
20,27,973134.23,4,3,1,2,4,48656.7115,2,5,0,1,Agile,320.04,1238738.76
33,31,617010.26,1,1,1,2,1,18697.2806,2,3,1,3,Iterative,911.26,698577.35
58,6,592856.84,4,3,3,1,4,10221.6697,3,4,1,1,Agile,219.42,574589.38
20,42,576884.38,1,3,3,1,3,28844.219,3,2,0,2,Iterative,1073.21,847401.74
51,28,1496093.34,2,5,1,3,2,29335.1635,3,1,0,2,SAFe,1334.36,1766759.14
12,4,548708.12,4,2,1,1,2,45725.6767,1,1,0,1,Agile,33.83,191010.24
79,27,753065.07,1,4,3,1,3,9532.4692,3,1,1,2,SAFe,2094.8,932054.07
72,23,307134.12,3,5,4,2,3,4265.7517,8,4,1,1,SAFe,1350.56,343462.66
33,39,1138382.16,1,3,3,1,2,34496.4291,3,1,0,1,Iterative,1099.45,1454015.91
39,30,928599.49,2,5,2,1,2,23810.2433,2,4,1,2,Scrum,984.06,1083700.57
20,10,1194657.21,5,3,2,1,1,59732.8605,2,3,1,3,Waterfall,112.17,664898.45
9,10,285234.14,3,4,5,1,4,31692.6822,5,4,1,3,Scrum,72.17,317390.94
73,15,876474.1,5,2,1,2,2,12006.4945,2,5,0,1,SAFe,546.52,1092418.61
40,38,332146.05,5,2,2,3,4,8303.6512,6,4,0,3,Spiral,1743.1,348603.48
70,26,1414529.53,5,4,5,1,1,20207.5647,5,3,1,1,V-Model,1214.99,1828024.3
44,6,870074.93,2,3,2,1,3,19774.4302,2,4,1,2,Agile,153.4,979969.18
59,33,394630.81,4,1,3,1,4,6688.6578,3,2,0,2,SAFe,1711.12,461732.19
52,19,1217075.7,1,4,1,1,1,23405.3019,1,2,0,2,SAFe,674.92,1499122.29
4,32,1307869.61,3,4,3,1,3,326967.4025,3,1,1,1,Waterfall,131.89,1123532.06
73,39,762801.11,5,3,4,2,2,10449.3303,8,1,1,1,V-Model,2833.41,882041.83
29,3,688187.36,2,5,2,1,1,23730.5986,2,2,1,1,RAD,66.48,644362.46
57,7,751267.49,4,4,4,2,2,13180.1314,8,2,0,2,SAFe,427.35,968672.86
12,47,875268.24,1,4,4,3,2,72939.02,12,1,0,2,Spiral,857.19,1219591.92
14,22,900308.31,3,4,1,3,3,64307.7364,3,3,0,3,Scrum,403.93,1024616.94
16,36,567961.92,5,1,1,2,1,35497.62,2,3,0,1,Waterfall,343.83,675018.87
75,19,708613.22,2,4,5,1,1,9448.1763,5,2,0,1,SAFe,1130.12,939480.34
62,9,1485294.54,2,3,4,3,2,23956.3635,12,5,1,2,SAFe,520.44,1950690.86
39,4,630413.6,5,2,4,2,1,16164.4513,8,3,0,3,RAD,175.18,729707.34
49,34,1054275.42,1,3,3,3,4,21515.8249,9,4,1,2,Spiral,2102.23,1022748.25
68,29,1350799.99,4,4,2,1,1,19864.7057,2,5,0,1,Waterfall,969.41,1564067.01
52,2,261415.11,5,3,5,2,4,5027.2137,10,3,0,1,Agile,110.95,351498.36
31,19,849863.22,5,3,5,2,4,27414.9426,10,2,0,3,Scrum,1086.3,977023.74
65,31,466406.69,4,2,1,3,4,7175.4875,3,2,0,3,SAFe,2204.9,622498.16
43,2,583426.71,1,5,1,2,3,13568.063,2,2,1,1,RAD,80.11,524946.01
38,42,1110712.04,2,3,1,1,3,29229.2642,1,5,1,2,Agile,1187.46,1231543.76
80,18,810660.82,4,5,4,3,1,10133.2602,12,5,0,2,Spiral,1216.53,871916.44
4,35,531499.51,5,4,5,3,3,132874.8775,15,1,0,2,Spiral,225.71,646122.2
12,2,1160362.35,4,1,2,3,4,96696.8625,6,3,0,1,Agile,24.12,144592.58
10,4,84822.36,3,3,4,1,2,8482.236,4,5,0,2,RAD,28.19,295995.0
79,12,964065.21,5,5,2,3,4,12203.3571,6,3,1,3,SAFe,1207.85,1192300.96
69,1,234553.54,5,2,1,1,4,3399.3267,1,3,0,1,RAD,39.29,197382.78
23,45,401752.5,3,2,2,3,3,17467.5,6,2,1,3,Agile,1748.93,568469.75
35,41,941428.44,4,5,5,2,1,26897.9554,10,3,0,1,Scrum,1068.57,1096380.81
54,9,320370.18,2,4,4,1,1,5932.7811,4,3,0,1,Scrum,367.37,384100.04
13,3,989301.47,1,4,5,1,3,76100.1131,5,2,1,1,RAD,38.55,642848.92
28,4,1499390.32,3,3,4,1,2,53549.6543,4,1,1,2,RAD,114.82,1481229.85
6,42,1216138.81,3,1,4,1,1,202689.8017,4,5,1,2,Iterative,155.24,1519506.35
69,1,460246.3,1,3,3,1,3,6670.2362,3,4,1,2,SAFe,58.48,567177.65
61,18,40900.48,5,2,5,1,3,670.4997,5,2,1,3,V-Model,1507.91,51985.86
44,35,1298025.68,2,1,2,3,4,29500.5836,6,1,0,3,Agile,2303.59,1437495.85
60,28,1401616.67,3,5,2,2,4,23360.2778,4,2,0,2,SAFe,1439.7,1730703.45
28,1,1284823.35,3,1,4,1,4,45886.5482,4,2,0,3,Iterative,38.5,621344.75
78,28,10756.31,3,4,5,3,1,137.9014,15,4,1,2,Spiral,2429.68,13549.02
45,31,681991.66,1,4,1,3,4,15155.3702,3,4,1,2,Scrum,1283.82,884307.6
24,28,846979.72,4,1,4,2,2,35290.8217,8,3,0,2,Waterfall,594.75,979026.49
31,10,568505.43,5,4,3,2,4,18338.8848,6,3,1,1,Agile,310.35,624245.2
63,46,647424.1,3,5,4,2,2,10276.573,8,3,1,3,Spiral,3208.97,726032.02
21,39,34828.27,4,5,2,2,1,1658.489,4,1,0,3,Scrum,809.76,43225.79
36,3,744658.97,2,1,4,2,1,20684.9714,8,5,0,1,Iterative,68.11,965296.58
63,34,228815.09,5,4,5,2,4,3631.9856,10,2,0,1,Scrum,2916.05,277297.34
79,33,306734.67,3,4,2,2,1,3882.7173,4,2,0,1,SAFe,1775.13,318365.5
60,16,324990.68,4,5,5,3,1,5416.5113,15,2,0,3,Spiral,1350.31,350970.96
37,32,228340.5,4,4,1,3,4,6171.3649,3,1,0,3,Scrum,1661.52,310426.76
68,17,388035.53,4,3,5,1,4,5706.4049,5,3,0,1,Waterfall,1208.74,417248.51
43,30,197279.88,2,5,2,3,3,4587.9042,6,4,0,2,Scrum,1350.1,245550.17
27,38,730562.21,4,2,2,3,4,27057.8596,6,3,0,2,Spiral,1215.99,906637.69
37,9,362324.17,5,5,5,2,1,9792.5451,10,4,0,2,Scrum,259.94,475611.33
3,17,1393523.23,1,2,2,1,2,464507.7433,2,5,1,1,Agile,30.76,449555.89
28,3,1120149.21,4,5,3,2,2,40005.3289,6,3,1,2,RAD,70.5,1079769.61
54,39,1182938.77,1,4,5,1,3,21906.2735,5,3,0,3,SAFe,3075.38,1422357.25
59,1,970571.66,4,1,1,1,3,16450.3671,1,1,1,3,SAFe,73.51,951786.29
10,23,1126785.68,1,1,5,2,1,112678.568,10,5,0,2,Iterative,152.2,1427210.81
9,37,765012.85,5,5,4,1,4,85001.4278,4,1,0,2,Waterfall,456.18,908492.25
21,43,437977.72,5,1,4,2,2,20856.0819,8,3,0,1,Waterfall,692.02,581665.56
60,4,280666.52,2,5,1,3,4,4677.7753,3,4,0,2,SAFe,171.15,319487.3
20,30,865775.22,2,3,5,2,2,43288.761,10,3,1,1,Spiral,647.75,993949.89
64,48,77452.63,4,5,1,1,4,1210.1973,1,3,1,1,Scrum,2153.84,100002.22
35,30,632487.42,4,4,2,1,1,18071.0691,2,4,1,3,Scrum,776.4,713772.8
5,5,39568.55,3,4,3,1,1,7913.71,3,5,0,1,Kanban,13.2,84150.0
26,12,953896.68,4,3,3,3,3,36688.3338,9,1,0,3,Scrum,564.25,988344.77
29,13,402638.28,3,2,4,3,1,13884.0786,12,5,0,2,Spiral,284.42,400739.08
47,38,628505.2,4,2,1,2,3,13372.4511,2,4,1,2,Waterfall,1222.72,635719.59
61,42,107462.55,5,5,5,3,1,1761.6811,15,5,0,2,Spiral,1887.47,134575.3
3,12,603079.64,5,4,5,3,1,201026.5467,15,5,1,2,Spiral,34.06,694453.14
42,29,731488.42,1,2,5,2,1,17416.391,10,2,1,2,Spiral,1051.49,785225.51
50,22,1042491.26,2,3,5,2,2,20849.8252,10,4,1,2,Spiral,1000.73,1245081.17
59,34,321049.2,3,1,2,3,4,5441.5119,6,1,1,2,SAFe,2482.92,383525.66
46,23,999539.77,3,3,1,1,2,21729.1254,1,5,0,3,Waterfall,638.78,1161071.74
5,27,270615.56,5,3,4,3,4,54123.112,12,1,0,2,Spiral,198.33,289728.02
73,41,1214227.6,1,2,3,2,1,16633.2548,6,3,0,2,SAFe,2991.15,1192059.55
59,6,1330594.18,1,3,4,3,3,22552.4437,12,5,1,2,Spiral,410.05,1878042.78
58,45,1119411.25,4,1,5,3,1,19300.194,15,3,0,2,Spiral,2502.33,1306004.36
2,27,256384.65,5,2,4,2,2,128192.325,8,1,0,3,Scrum,68.34,322276.33
46,32,754653.49,1,4,1,1,1,16405.5107,1,2,1,2,Scrum,1317.47,867005.9
5,43,376835.71,3,2,1,3,1,75367.142,3,2,0,3,Scrum,225.67,501741.44
11,19,684913.39,2,3,1,2,4,62264.8536,2,3,1,3,Scrum,214.29,811952.76
55,30,1112092.84,5,2,2,1,4,20219.8698,2,4,0,1,Waterfall,1147.97,1312887.45
42,37,624875.6,5,2,4,1,3,14877.9905,4,3,0,2,Waterfall,1503.98,815358.16
13,38,938179.38,1,3,2,1,4,72167.6446,2,2,1,1,Agile,383.85,1038283.73
72,45,772286.68,5,5,2,1,2,10726.2039,2,4,0,2,SAFe,2019.81,862046.6
64,48,460926.81,1,5,3,1,3,7201.9814,3,1,0,1,Scrum,3514.5,593602.59
5,33,622067.58,5,5,2,3,2,124413.516,6,4,0,2,Agile,136.05,642892.32
73,29,842587.99,2,1,1,1,1,11542.3012,1,3,1,2,SAFe,1198.29,1119162.25
2,33,1186039.82,1,1,1,1,4,593019.91,1,3,0,1,Iterative,42.34,211534.86
80,42,494124.94,1,1,1,1,4,6176.5618,1,4,1,1,SAFe,1783.8,633246.89
8,34,724221.3,4,3,3,2,4,90527.6625,6,4,1,3,V-Model,228.66,931988.96
5,29,843255.25,3,2,5,1,4,168651.05,5,1,0,2,Agile,169.18,1076823.91
6,40,105468.68,3,2,5,3,4,17578.1133,15,3,1,1,Spiral,300.01,124331.17
59,24,138464.83,1,3,5,3,4,2346.8615,15,4,1,2,Spiral,1612.18,160330.11
13,43,390287.01,1,1,3,1,1,30022.0777,3,5,0,2,Iterative,384.16,514087.06
10,39,626043.2,3,3,5,1,1,62604.32,5,3,1,1,Scrum,237.86,770701.1
37,23,469327.83,3,1,5,1,1,12684.5359,5,1,1,3,V-Model,870.61,548428.76
23,3,669936.51,5,2,3,3,3,29127.6743,9,2,1,3,Agile,124.34,756123.79
71,22,218724.4,2,2,3,1,2,3080.6254,3,5,0,1,SAFe,1007.88,238483.8
39,32,423995.32,3,3,3,1,1,10871.6749,3,5,1,2,V-Model,689.77,516559.9
57,1,247764.55,1,3,3,3,4,4346.7465,9,1,1,1,Spiral,77.06,277615.52
49,46,1570638.74,4,1,1,2,2,32053.8518,2,3,0,1,Agile,1917.28,1618382.43
20,29,1037837.37,4,2,1,2,3,51891.8685,2,4,0,2,Waterfall,456.28,1112956.32
6,43,90742.42,2,2,2,2,1,15123.7367,4,1,0,1,Agile,246.25,125029.71
45,4,1051559.19,1,4,5,3,2,23367.982,15,3,0,2,Spiral,175.88,1280610.99
35,36,736552.32,4,4,3,2,4,21044.352,6,5,0,1,Agile,883.97,941500.89
23,44,1560871.07,1,2,4,1,3,67863.9596,4,5,0,1,Iterative,781.61,1907116.24
6,44,828679.15,1,4,3,3,4,138113.1917,9,4,0,3,Spiral,315.9,946843.4
74,17,398474.85,2,3,3,1,4,5384.7953,3,3,0,2,SAFe,934.96,472560.38
33,1,186684.99,5,2,3,2,2,5657.1209,6,3,0,3,Waterfall,40.78,248425.04
49,39,537951.88,3,2,1,2,1,10978.6098,2,3,0,1,Agile,1169.43,615784.86
79,44,1186453.08,1,3,3,1,4,15018.3934,3,5,0,3,SAFe,2530.44,1544269.56
38,17,1043765.55,5,2,2,2,1,27467.5145,4,4,0,3,Scrum,606.18,1127360.4
11,36,38775.48,4,1,4,2,1,3525.0436,8,4,1,2,V-Model,310.33,52974.81
63,16,876274.0,4,2,4,1,3,13909.1111,4,5,0,2,SAFe,765.24,1026835.76
44,2,1445739.89,3,4,5,1,1,32857.7248,5,4,0,3,RAD,55.96,800440.83
66,1,1320202.34,2,5,2,1,1,20003.0658,2,4,0,3,SAFe,37.04,536055.02
25,48,565363.64,5,3,1,1,4,22614.5456,1,5,1,3,Waterfall,951.89,662081.8
26,44,352096.8,4,3,1,3,4,13542.1846,3,5,0,3,Agile,1083.44,396848.72
73,29,825725.1,5,3,3,2,4,11311.3027,6,2,1,3,V-Model,3028.83,907861.68
36,14,1035724.79,5,4,2,2,1,28770.1331,4,5,0,3,Scrum,410.29,1107020.44
63,20,219125.3,1,3,3,1,1,3478.1794,3,2,1,3,SAFe,1176.16,276121.32
75,45,1290402.54,5,1,1,1,1,17205.3672,1,1,0,2,SAFe,2260.58,1594935.18
30,21,896171.7,4,1,5,1,2,29872.39,5,1,0,1,Agile,621.89,1125551.32
72,26,105760.99,1,3,1,3,2,1468.9026,3,5,1,3,SAFe,1581.05,97015.35
44,23,407709.29,1,5,5,2,4,9266.1202,10,3,1,1,Spiral,1230.09,477410.15
24,17,190228.31,3,5,3,2,2,7926.1796,6,4,1,2,V-Model,320.89,226391.22
27,13,742472.95,5,2,1,2,1,27498.9981,2,5,1,1,Agile,168.2,951617.85
66,43,1426707.31,4,2,5,2,2,21616.7774,10,3,1,3,Spiral,787.24,1321109.23
35,7,1399037.66,1,4,1,1,1,39972.5046,1,3,0,3,Scrum,157.29,1571526.27
53,41,1290478.32,2,3,3,2,2,24348.6475,6,5,0,2,SAFe,1389.5,1897639.11
54,18,622926.7,4,5,3,2,4,11535.6796,6,2,1,3,Spiral,1422.07,671027.2
48,35,1010870.08,3,1,3,1,1,21059.7933,3,4,1,2,V-Model,1254.81,1405009.66
6,7,700342.08,2,2,3,3,4,116723.68,9,1,0,3,Scrum,63.51,835303.9
67,6,1069729.25,2,3,4,2,1,15966.1082,8,5,1,3,Spiral,314.53,1197325.32
26,18,145426.61,3,3,3,1,1,5593.3312,3,5,1,3,Agile,250.54,174257.9
19,42,1481541.93,4,4,5,3,2,77975.8911,15,4,1,1,Spiral,607.73,1432299.44
19,17,1043214.46,3,3,3,3,2,54906.0242,9,5,0,3,Spiral,284.74,1236637.35
76,5,36829.4,5,4,5,2,4,484.5974,10,4,0,2,SAFe,322.36,37919.41
65,39,734274.95,1,3,1,2,4,11296.5377,2,5,0,3,SAFe,2106.87,916323.15
37,23,540552.85,3,5,3,2,3,14609.5365,6,4,0,3,Scrum,1102.51,638069.07
36,6,1189748.24,1,3,3,2,1,33048.5622,6,4,0,1,Iterative,102.76,850599.68
10,12,164186.76,4,5,3,2,1,16418.676,6,3,0,1,Scrum,78.94,947280.0
49,12,1145500.65,2,3,3,2,1,23377.5643,6,1,1,3,Scrum,691.61,1416617.19
58,37,664997.96,5,5,1,1,1,11465.4821,1,2,1,1,Waterfall,1279.1,877939.76
34,5,742082.84,1,2,3,3,2,21825.9659,9,5,1,1,Iterative,106.54,856768.96
59,48,850696.7,1,5,3,2,1,14418.5881,6,4,1,2,SAFe,2161.2,1089365.67
9,39,800490.27,2,4,5,2,2,88943.3633,10,4,1,2,Spiral,238.34,949020.35
14,26,1190254.8,1,5,1,2,2,85018.2,2,5,1,1,Scrum,192.1,1349564.06
62,13,1387216.72,4,2,3,2,4,22374.4632,6,4,0,3,SAFe,825.07,1575842.45
35,17,591260.25,3,3,3,2,4,16893.15,6,2,0,3,Scrum,629.14,713853.08
38,44,707590.4,5,5,5,1,2,18620.8,5,3,0,1,Waterfall,1647.97,938547.5
34,30,921647.51,1,3,1,1,1,27107.2797,1,1,1,1,Iterative,694.66,1070860.6
67,29,227536.32,1,1,3,3,3,3396.0645,9,4,1,3,Spiral,2187.24,280607.89
2,42,1267508.61,1,2,1,3,2,633754.305,3,1,1,2,Iterative,77.92,513927.43
21,25,975495.25,2,3,2,2,3,46452.1548,4,4,0,1,Agile,410.17,1320665.65
41,7,642835.35,5,3,3,3,3,15678.911,9,1,0,3,Scrum,437.24,690900.7
38,20,1265156.28,1,3,1,3,1,33293.5863,3,2,1,1,Iterative,779.56,1561146.61
16,30,319215.36,1,1,1,1,3,19950.96,1,5,0,2,Iterative,365.79,373940.01
29,47,152404.33,1,5,3,2,1,5255.3217,6,4,1,2,Spiral,897.57,172479.38
5,47,467722.69,5,2,3,1,1,93544.538,3,3,1,1,Waterfall,118.77,564244.07
50,48,735400.94,3,4,3,3,4,14708.0188,9,2,0,1,Agile,2366.84,1068082.83
80,35,504463.77,4,1,4,1,2,6305.7971,4,1,1,1,SAFe,2330.32,557468.7
7,17,689596.38,5,3,2,3,3,98513.7686,6,5,1,2,Agile,93.76,945650.67
38,32,1010962.92,5,5,5,2,4,26604.2874,10,4,0,3,Scrum,1165.04,1164959.82
50,18,980679.45,2,2,3,1,2,19613.589,3,3,1,1,Iterative,745.98,1225218.19
15,2,1072274.15,2,4,3,2,3,71484.9433,6,2,0,2,RAD,29.01,229438.13
40,12,67876.19,2,2,4,1,3,1696.9048,4,4,0,1,Iterative,415.86,80778.76
52,35,944197.72,1,2,2,2,2,18157.6485,4,3,0,2,SAFe,1141.96,1195918.73
59,32,1109052.98,1,1,5,1,3,18797.5081,5,3,1,2,SAFe,2500.05,1308401.91
25,12,1517835.65,4,2,5,2,2,60713.426,10,1,1,2,Spiral,380.51,1700237.09
10,27,840776.47,1,1,4,3,1,84077.647,12,5,0,3,Spiral,291.79,977742.4
14,12,735572.81,4,4,4,3,4,52540.915,12,4,1,1,Agile,133.21,873359.86
64,13,1266419.41,2,5,5,2,1,19787.8033,10,4,1,1,Spiral,553.12,1288041.81
47,30,1244276.05,2,3,3,1,4,26473.9585,3,1,1,1,Iterative,1343.77,1747695.67
56,36,1364614.91,3,3,4,2,3,24368.1234,8,4,0,2,SAFe,1997.88,1750408.14
49,40,1334589.65,1,4,5,1,3,27236.5235,5,2,1,2,Iterative,3046.82,1374196.39
73,15,884703.68,1,5,2,2,4,12119.2285,4,5,1,1,SAFe,838.23,1156053.21
59,17,829289.14,2,4,4,3,4,14055.7481,12,5,1,1,Spiral,910.05,1005027.48
27,33,544593.15,4,3,5,1,3,20170.1167,5,1,1,1,Agile,940.07,664838.64
44,4,1372044.96,5,1,3,1,3,31182.84,3,5,1,3,Waterfall,137.55,1310849.38
38,8,1244093.39,4,1,4,1,3,32739.2997,4,3,1,3,V-Model,290.81,1482549.85
71,2,1065663.33,3,5,3,1,4,15009.3427,3,1,0,3,SAFe,171.98,1129121.88
28,31,518198.29,3,1,5,1,2,18507.0818,5,1,1,2,Agile,982.37,641183.51
47,14,818422.73,4,4,1,3,2,17413.2496,3,5,1,3,Scrum,576.46,1046058.91
16,31,604234.01,4,2,2,3,2,37764.6256,6,2,1,1,Agile,457.14,706722.92
24,30,176770.16,3,3,4,2,2,7365.4233,8,5,0,2,Scrum,569.0,228601.08
66,47,77954.09,2,5,2,2,1,1181.1226,4,3,0,1,Scrum,2315.01,79315.8
57,32,23307.98,3,1,5,3,1,408.9119,15,5,1,2,V-Model,1635.42,29264.86
10,22,1323775.86,5,3,3,1,4,132377.586,3,4,0,3,Waterfall,209.44,1492998.44
53,46,479947.48,1,3,2,2,1,9055.6128,4,5,1,2,SAFe,1380.7,547373.41
38,39,1261288.74,4,1,5,3,2,33191.8089,15,4,1,1,Spiral,1367.78,1723646.01
63,45,1267965.99,3,5,5,2,1,20126.4443,10,3,0,3,SAFe,3189.97,1811589.15
74,35,955142.37,4,1,3,2,1,12907.3293,6,4,0,1,SAFe,1520.92,1266991.77
44,37,794732.49,2,1,1,2,1,18062.102,2,4,1,3,Agile,925.9,851462.25
71,30,1013302.9,3,4,4,2,3,14271.8718,8,3,0,1,SAFe,2176.22,1188230.13
37,39,779514.86,4,1,2,1,2,21067.9692,2,3,0,2,Agile,1284.92,1079122.74
64,5,801608.67,2,4,4,3,4,12525.1355,12,4,0,2,Spiral,301.77,864831.19
31,32,1057374.98,4,4,2,3,2,34108.8703,6,2,0,2,Agile,1194.05,1280889.97
57,17,651276.21,3,3,1,1,1,11425.8984,1,4,1,1,Waterfall,534.37,844547.69
54,43,956522.8,4,1,4,2,4,17713.3852,8,4,1,3,V-Model,2569.83,1269071.81
19,31,422445.22,1,2,3,3,4,22233.9589,9,3,1,1,Iterative,639.87,540621.11
38,43,1000177.61,3,3,2,2,2,26320.4634,4,4,0,3,Scrum,1213.84,1284414.94
8,34,615597.39,2,1,4,1,4,76949.6738,4,5,1,3,Iterative,244.05,827750.51
76,26,379629.15,4,4,2,3,3,4995.1204,6,4,1,3,Spiral,2532.14,496421.02
37,34,544926.31,2,2,3,2,1,14727.7381,6,4,1,2,Iterative,717.15,771572.87
42,40,1287820.02,3,1,1,1,1,30662.3814,1,5,1,3,Waterfall,1072.64,1493255.88
11,12,810095.27,4,1,2,1,2,73645.0245,2,5,0,3,Waterfall,76.17,540117.89
39,38,102133.05,3,2,2,1,1,2618.7962,2,5,0,3,Iterative,918.3,126919.3
48,21,73200.04,4,2,1,2,3,1525.0008,2,2,1,2,Agile,1220.24,92035.23
11,38,609645.22,4,5,5,2,4,55422.2927,10,4,1,3,Spiral,504.84,822533.32
29,38,606318.11,2,2,2,1,4,20907.521,2,1,1,3,Iterative,1030.09,757601.15
4,4,351249.75,1,4,3,2,2,87812.4375,6,1,1,3,Kanban,20.48,159874.92
6,1,1247099.32,1,4,2,1,1,207849.8867,2,5,0,2,Agile,3.83,29837.4
80,32,676939.96,3,5,3,2,1,8461.7495,6,5,0,3,SAFe,1705.48,816153.55
10,5,417715.76,3,4,4,3,3,41771.576,12,4,0,2,Spiral,51.17,496211.63
51,30,1333459.74,3,3,1,2,4,26146.2694,2,4,0,2,SAFe,1107.44,1845839.12
72,35,312567.35,3,4,1,1,2,4341.2132,1,2,1,1,SAFe,1683.95,387268.13
25,22,449816.69,4,1,1,1,4,17992.6676,1,2,1,2,Waterfall,458.4,481442.16
8,12,152070.84,3,2,4,2,1,19008.855,8,3,0,2,Agile,80.37,924255.0
28,2,1146877.85,2,4,1,2,1,40959.9232,2,5,1,1,RAD,23.72,146670.1
31,18,1509689.17,1,2,1,2,1,48699.6506,2,5,0,3,Scrum,316.83,1733595.63
75,32,204331.11,3,2,3,1,4,2724.4148,3,5,0,1,SAFe,1535.49,241606.87
41,11,991146.97,4,5,4,2,2,24174.3163,8,5,1,3,V-Model,374.57,1050001.18
58,14,596884.88,3,1,2,1,2,10291.1186,2,4,1,2,SAFe,657.28,663384.04
30,22,204628.97,5,1,4,2,4,6820.9657,8,5,1,3,V-Model,545.4,243006.35
3,5,751525.19,3,3,1,3,4,250508.3967,3,2,0,3,Kanban,19.49,134043.88
30,23,1468926.17,4,1,3,2,2,48964.2057,6,2,1,2,V-Model,879.99,1628894.74
74,6,711330.97,4,2,3,2,3,9612.5807,6,4,0,3,SAFe,459.34,879104.9
41,5,1413897.93,4,2,3,3,2,34485.3154,9,4,0,1,Agile,168.48,1524070.62
31,23,254384.1,5,5,3,2,3,8205.9387,6,1,1,2,V-Model,1060.11,336544.65
30,8,106151.07,1,1,2,2,2,3538.369,4,5,0,2,Iterative,140.2,130372.81
7,11,1222413.25,2,3,1,1,4,174630.4643,1,5,1,2,Agile,41.1,292751.03
65,28,1292114.2,5,2,2,3,2,19878.68,6,1,1,1,Spiral,1929.35,1484319.81
18,39,1318951.52,2,5,2,3,2,73275.0844,6,5,0,1,Scrum,394.65,1797111.12
17,3,1170396.35,3,3,3,2,1,68846.8441,6,5,1,3,RAD,33.02,297460.64
63,2,444961.27,2,5,4,3,3,7062.8773,12,1,1,2,Spiral,203.5,517403.87
52,38,516402.3,4,3,5,3,4,9930.8135,15,4,1,1,Spiral,2034.66,600374.98
35,43,513443.0,5,3,1,1,1,14669.8,1,3,0,1,Waterfall,724.14,641182.24
55,22,119300.42,2,4,5,3,1,2169.0985,15,2,1,1,Spiral,1479.99,136209.5
29,34,456532.39,2,2,3,2,1,15742.4962,6,1,1,2,Iterative,1119.9,623224.62
4,1,901872.15,5,1,3,3,3,225468.0375,9,5,0,1,Kanban,3.53,19274.98
40,29,890466.3,3,2,4,3,2,22261.6575,12,1,0,3,Spiral,2146.1,1093748.11
51,44,332381.14,5,3,4,3,1,6517.2773,12,4,1,3,V-Model,1990.13,381414.86
50,24,874109.96,3,4,5,2,1,17482.1992,10,3,0,3,SAFe,1207.5,20376562.5
39,46,372294.5,5,4,2,3,1,9546.0128,6,2,0,2,Agile,2117.29,517773.95
14,23,128385.94,5,3,3,2,4,9170.4243,6,1,1,1,V-Model,414.88,161698.9
65,12,1305771.99,3,3,3,1,4,20088.7998,3,3,0,1,Waterfall,597.13,1487837.56
56,18,477174.68,2,1,3,2,2,8520.9764,6,2,1,2,SAFe,1094.64,558607.05
77,18,887666.05,5,2,3,3,4,11528.1305,9,3,0,1,SAFe,1399.72,1170935.09
73,22,448003.89,1,2,4,3,1,6137.0396,12,2,1,2,Spiral,1520.55,642310.26
24,43,184872.74,4,1,2,2,3,7703.0308,4,2,0,3,Agile,1329.39,220494.23
29,8,1182720.79,3,4,5,1,4,40783.4755,5,3,1,2,Scrum,277.06,1428068.97
15,24,355452.96,1,2,5,3,3,23696.864,15,4,1,1,Spiral,401.54,10916868.75
68,46,1372812.43,1,4,3,2,3,20188.4181,6,4,0,3,SAFe,2943.42,1774723.02
6,42,1260135.15,3,3,4,3,2,210022.525,12,5,0,2,Spiral,230.88,1301940.53
57,10,300967.14,4,5,2,2,1,5280.1253,4,5,0,2,SAFe,378.11,394124.6
6,12,1364414.42,3,4,4,1,3,227402.4033,4,5,1,3,XP,72.26,1071381.59
61,8,1091322.37,5,1,1,1,1,17890.5307,1,2,0,3,SAFe,397.82,1119489.48
14,7,575163.24,5,5,3,3,3,41083.0886,9,1,1,2,Spiral,169.72,726744.82
56,19,1460025.33,2,2,3,2,2,26071.8809,6,2,1,1,Spiral,914.76,1817982.31
8,9,119221.61,2,3,3,2,2,14902.7012,6,4,0,2,Scrum,71.41,1071150.0
39,36,1331185.67,5,1,4,3,2,34132.9659,12,2,0,3,Spiral,2157.04,1578721.59
29,48,1231716.66,2,5,4,3,4,42472.9883,12,5,1,2,Spiral,1093.32,1347675.2
78,44,596205.27,3,3,3,3,3,7643.6573,9,5,1,1,SAFe,3398.2,747794.66
4,7,1129997.26,2,1,2,1,3,282499.315,2,5,1,3,Iterative,19.41,107764.26
30,48,885968.19,3,1,4,3,3,29532.273,12,5,1,1,Spiral,1368.9,37216968.75
8,3,77976.27,4,4,2,1,2,9747.0338,2,5,0,1,RAD,13.94,109777.5
54,8,937715.37,4,4,1,3,3,17365.0994,3,5,0,2,SAFe,326.64,1126562.93
72,6,964890.14,1,3,2,1,4,13401.2519,2,2,1,1,SAFe,356.58,1244519.91
64,5,903928.92,3,4,2,2,2,14123.8894,4,5,0,2,SAFe,275.01,1179541.84
21,22,1184632.07,2,2,3,2,3,56411.051,6,2,1,1,Iterative,533.32,1346257.77
45,11,1054488.92,3,5,3,3,3,23433.0871,9,1,1,1,Agile,606.56,1212897.69
39,18,192678.67,4,4,5,1,1,4940.4787,5,1,1,3,V-Model,850.18,253049.48
29,14,373412.78,2,5,5,1,3,12876.3028,5,5,1,3,Scrum,370.36,472065.39
29,23,327357.85,3,2,5,1,4,11288.2017,5,5,1,3,Iterative,525.69,429455.72
54,21,1024545.38,5,3,5,1,1,18973.0626,5,1,0,3,SAFe,1132.07,1174499.72
48,8,959441.06,5,4,5,1,1,19988.3554,5,4,1,1,V-Model,214.52,1259495.51
71,37,742403.11,1,5,3,3,3,10456.3818,9,1,1,3,Spiral,4800.45,758899.96
4,13,1043981.87,4,4,5,3,1,260995.4675,15,3,0,3,Spiral,60.45,1204146.86
63,20,498485.93,3,5,1,1,3,7912.4751,1,4,1,1,Scrum,865.25,634340.07
17,13,1058220.04,3,4,5,1,1,62248.2376,5,3,0,1,Waterfall,186.51,1091136.28
64,22,754090.99,3,1,4,3,3,11782.6717,12,5,0,3,Spiral,1676.73,849178.49
72,1,578884.71,1,2,3,2,1,8040.0654,6,1,0,1,SAFe,61.43,622260.84
4,43,718250.4,2,2,1,1,2,179562.6,1,3,1,3,Scrum,160.79,937651.61
22,44,786038.93,4,5,1,3,2,35729.0423,3,3,0,2,Scrum,855.42,996687.88
12,18,218597.93,3,3,4,2,4,18216.4942,8,4,0,2,Agile,233.69,3359293.75
17,44,429103.95,1,1,3,1,3,25241.4088,3,3,0,3,Iterative,726.94,482990.24
57,24,771086.98,1,4,3,3,2,13527.8418,9,3,1,1,Scrum,1220.22,848939.47
18,28,1277106.27,5,1,1,1,1,70950.3483,1,3,1,3,Waterfall,308.81,1550869.36
18,7,677338.22,2,4,1,2,1,37629.9011,2,1,1,1,Iterative,121.72,765727.15
17,26,755843.76,1,2,3,1,4,44461.3976,3,4,0,1,Iterative,330.79,805214.98
41,39,544408.61,5,3,5,2,4,13278.2588,10,2,1,3,V-Model,2179.13,704679.27
23,41,364370.76,2,3,5,3,4,15842.207,15,1,0,1,Spiral,1584.89,492536.77
19,3,488350.93,1,4,5,2,3,25702.6805,10,5,1,1,Spiral,47.6,614306.05
30,44,767041.51,4,4,2,2,2,25568.0503,4,1,1,3,Scrum,1451.24,939863.07
27,40,513505.98,2,3,4,1,3,19018.74,4,4,1,3,Scrum,1193.03,609342.2
15,31,1349950.61,3,5,5,1,2,89996.7073,5,2,0,3,V-Model,521.76,1843760.16
4,24,1099563.18,1,1,1,1,4,274890.795,1,1,0,3,Iterative,87.16,442944.35
5,46,1238492.4,3,1,3,3,2,247698.48,9,4,1,1,Spiral,176.49,1338027.84
65,24,449018.47,1,5,4,1,4,6907.9765,4,4,1,1,Scrum,1147.55,495583.6
40,37,980773.87,1,2,4,2,4,24519.3468,8,3,0,3,Iterative,382.54,5259925.0
6,40,48606.96,3,5,4,2,1,8101.16,8,5,0,2,XP,150.11,60476.72
23,45,719463.82,4,3,3,3,2,31281.0357,9,4,1,3,Spiral,874.29,909679.84
49,17,270130.52,2,2,5,3,4,5512.8678,15,1,1,1,Spiral,1128.16,342987.21
47,48,78031.64,2,3,1,2,4,1660.2477,2,1,0,1,Iterative,2196.37,91501.37
22,44,1075711.32,2,3,2,3,2,48895.9691,6,2,1,2,Spiral,1016.41,1410678.88
35,33,133894.58,1,4,2,1,1,3825.5594,2,5,1,3,Scrum,733.15,143801.37
4,23,1319368.85,2,2,2,2,1,329842.2125,4,2,0,2,Iterative,92.36,1034735.75
42,47,243713.99,3,4,4,3,3,5802.714,12,1,0,2,Spiral,2962.85,278472.58
77,31,349543.34,1,1,1,3,2,4539.5239,3,5,0,1,SAFe,1417.82,407394.87
9,34,917993.41,3,2,2,2,2,101999.2678,4,3,1,2,Iterative,279.52,1018220.93
38,33,271869.8,2,4,4,1,2,7154.4684,4,4,0,1,Scrum,841.94,330570.79
68,3,1477892.53,1,4,3,1,4,21733.7137,3,4,1,3,SAFe,162.05,1739819.4
55,30,554213.39,1,4,5,2,1,10076.6071,10,3,1,1,Spiral,1574.46,813437.26
59,16,1461430.1,2,1,3,1,2,24770.0017,3,2,1,1,Agile,746.61,1591190.4
80,33,752128.67,1,3,5,3,3,9401.6084,15,1,0,1,Spiral,3624.42,894163.76
54,42,78977.62,2,2,4,3,3,1462.5485,12,5,0,3,Spiral,2572.78,101223.44
59,4,826140.28,3,1,5,3,1,14002.3776,15,5,0,1,Spiral,164.08,1039123.73
77,26,1251209.16,3,5,1,2,2,16249.4696,2,2,1,3,SAFe,1893.51,1593089.23
42,43,66064.11,1,3,5,1,4,1572.955,5,2,0,2,Scrum,1820.51,75369.58
46,34,1247551.95,1,4,4,2,1,27120.6946,8,3,1,1,Iterative,1321.41,1534534.05
60,33,314246.12,1,4,3,3,1,5237.4353,9,3,0,3,Spiral,2272.36,406345.41
80,14,537513.39,4,2,2,3,1,6718.9174,6,5,1,1,SAFe,604.73,607667.66
50,1,809430.73,3,2,4,2,1,16188.6146,8,2,0,2,SAFe,43.42,525499.94
76,37,1328125.18,2,3,3,2,3,17475.3313,6,4,0,2,SAFe,3308.06,1398936.39
32,25,820209.98,2,1,5,1,4,25631.5619,5,5,0,1,Iterative,656.08,990695.75
29,41,242461.34,2,4,5,1,3,8360.7359,5,1,1,2,Iterative,1790.44,299932.28
60,29,102480.44,1,5,4,2,4,1708.0073,8,4,1,1,Scrum,1364.95,118217.16
51,4,475272.87,1,3,3,3,3,9319.0759,9,1,1,1,Iterative,262.45,534383.82
51,29,632763.43,4,3,3,3,2,12407.1261,9,5,0,1,Agile,1135.46,712416.41
25,4,599357.7,4,3,3,2,1,23974.308,6,5,1,1,RAD,61.31,620523.5
13,10,120382.68,5,5,3,2,3,9260.2062,6,5,0,2,Agile,124.52,154437.66
2,37,916585.48,4,4,5,1,2,458292.74,5,5,0,3,XP,55.18,1024574.13
68,31,1222581.35,5,2,5,1,4,17979.1375,5,1,0,1,Waterfall,2305.52,1506777.27
67,39,964863.28,4,2,5,2,3,14400.9445,10,2,0,3,SAFe,3322.57,1000777.19
78,44,1503872.85,4,3,3,2,2,19280.4212,6,3,1,2,Spiral,3105.54,1762767.73
10,8,869711.48,4,5,5,1,4,86971.148,5,5,1,2,V-Model,60.07,1252588.29
10,24,302853.16,4,4,2,2,1,30285.316,4,5,0,1,Agile,157.87,1815505.0
35,32,898961.04,3,5,2,2,2,25684.6011,4,4,0,3,Scrum,1190.49,1162036.55
22,21,513681.19,2,2,4,3,3,23349.145,12,5,1,3,Spiral,477.36,698736.34
59,14,1446368.13,5,1,2,2,1,24514.7141,4,4,1,1,Waterfall,459.37,1739414.76
32,45,1214066.17,1,4,3,3,2,37939.5678,9,4,1,2,Spiral,1452.99,1421148.58
60,42,40582.53,2,5,1,3,2,676.3755,3,4,0,1,Scrum,1881.04,48226.57
39,13,1031205.25,4,5,4,1,1,26441.1603,4,2,0,2,Waterfall,567.77,1190209.35
61,22,1107872.26,2,4,5,3,4,18161.8403,15,4,0,3,Spiral,1634.07,1306066.88
27,39,309760.17,2,4,4,2,3,11472.5989,8,5,0,3,Scrum,1098.49,349036.83
37,15,868225.85,2,2,4,3,3,23465.5635,12,2,1,3,Agile,722.8,888027.88
27,48,1236490.47,2,3,2,2,2,45795.9433,4,2,0,3,Scrum,1444.65,1635608.3
72,34,310927.86,5,2,4,2,1,4318.4425,8,3,0,1,SAFe,1894.08,350508.1
54,41,596834.26,4,5,2,2,2,11052.4863,4,4,0,2,SAFe,1560.02,690560.85
66,23,127905.04,1,3,2,2,1,1937.9552,4,5,1,2,SAFe,1122.87,152541.58
70,34,809781.35,4,2,4,3,2,11568.305,12,3,1,1,Spiral,2664.0,911696.92
15,10,1357445.09,3,1,2,2,2,90496.3393,4,2,0,1,Agile,113.84,584868.98
74,32,157199.23,2,3,4,1,3,2124.3139,4,1,0,3,SAFe,3070.8,154909.29
56,1,1449026.99,4,1,3,3,3,25875.482,9,3,1,2,SAFe,74.21,1303308.67
57,25,650046.5,2,5,2,3,1,11404.3246,6,3,1,3,Spiral,1266.08,722317.46
12,1,698015.47,3,3,4,2,3,58167.9558,8,1,0,1,RAD,17.8,293355.34
64,24,579030.81,5,5,2,3,4,9047.3564,6,4,0,2,SAFe,1711.38,719415.08
46,29,907498.62,1,4,5,2,1,19728.2309,10,3,1,2,Spiral,1318.24,1098029.35
39,45,1103368.49,3,5,3,2,3,28291.4997,6,1,1,2,Agile,2232.33,1219618.95
57,11,152847.42,4,5,3,3,2,2681.5337,9,5,1,3,Spiral,657.25,176625.47
10,24,318119.47,5,4,3,2,1,31811.947,6,5,0,1,Agile,157.87,1815505.0
70,29,1034398.65,2,2,4,3,1,14777.1236,12,4,1,1,Spiral,1839.1,1088601.86
71,11,883936.93,1,2,5,1,1,12449.8159,5,3,0,2,SAFe,581.52,1055680.01
19,9,716168.25,2,1,3,2,2,37693.0658,6,5,0,3,Iterative,130.57,883128.26
41,5,1456409.17,1,3,3,3,2,35522.1749,9,2,0,2,Spiral,294.7,1904408.55
39,12,1073990.93,5,1,5,1,4,27538.229,5,1,1,1,V-Model,472.36,1239715.8
23,30,1266984.54,1,2,3,2,3,55086.2843,6,3,0,1,Iterative,719.69,1551470.54
11,19,149618.81,3,5,1,1,4,13601.71,1,2,0,2,Scrum,168.64,185996.46
47,39,235327.77,1,5,1,1,1,5006.9738,1,4,1,2,Scrum,1052.58,321308.86
29,36,452290.76,4,1,4,1,3,15596.2331,4,4,0,2,Waterfall,1139.41,520994.54
21,46,436568.08,3,5,5,3,1,20788.9562,15,1,1,1,Spiral,1129.22,548823.62
45,41,1133204.9,4,5,3,1,1,25182.3311,3,1,1,3,V-Model,2069.27,1236696.26
71,15,227989.3,5,4,1,1,2,3211.1169,1,1,0,3,SAFe,1054.51,289362.64
61,29,526979.91,1,1,5,3,1,8639.0149,15,4,0,2,Spiral,1920.01,692777.69
49,15,111069.52,1,2,5,2,4,2266.7249,10,2,1,3,Spiral,1227.2,150711.18
43,37,763363.46,2,3,3,3,3,17752.6386,9,2,1,3,Spiral,2551.88,822411.99
44,28,577892.63,2,5,3,1,1,13133.9234,3,2,1,1,Scrum,983.02,766136.22
78,46,586323.03,5,4,1,1,3,7516.9619,1,1,0,2,SAFe,4050.68,673607.43
2,18,122842.89,2,1,1,2,1,61421.445,2,5,0,3,Agile,20.67,121905.07
22,8,575888.9,2,1,5,3,4,26176.7682,15,4,1,1,Spiral,214.47,704073.08
79,1,773552.7,4,5,5,1,4,9791.8063,5,2,0,3,SAFe,108.01,857875.77
6,39,754114.91,3,2,1,1,1,125685.8183,1,3,0,3,Agile,154.49,905580.68
32,42,861725.93,3,4,4,2,4,26928.9353,8,2,1,2,Spiral,1458.46,1083438.72
37,28,1054886.13,5,2,3,1,1,28510.4359,3,1,1,3,Waterfall,909.87,1281770.82
67,2,779948.81,4,5,3,2,3,11641.027,6,1,0,1,RAD,176.92,995592.89
76,30,675165.73,4,3,2,2,3,8883.7596,4,2,1,2,SAFe,2956.9,714528.78
62,9,926334.35,4,3,1,1,2,14940.8766,1,1,0,2,SAFe,537.65,1131689.77
51,28,721675.8,3,5,1,3,2,14150.5059,3,3,1,1,Agile,986.29,964860.26
63,19,96933.04,2,5,5,3,3,1538.6197,15,2,0,3,Spiral,2179.7,127520.75
28,36,345009.94,4,4,2,3,4,12321.7836,6,1,0,1,Agile,1104.08,445166.01
59,30,621053.9,5,2,1,2,1,10526.3373,2,2,1,3,SAFe,1757.82,796806.91
69,26,1522878.28,3,5,3,1,2,22070.6997,3,4,0,1,Scrum,1227.15,1844493.73
66,7,1196114.34,1,3,2,1,2,18122.9445,2,3,1,1,Iterative,336.62,1361216.89
9,28,1293011.23,4,4,1,1,2,143667.9144,1,4,0,2,Waterfall,162.07,1266721.2
26,39,696541.68,2,5,3,1,2,26790.0646,3,5,0,3,Scrum,714.47,838081.14
49,15,128474.61,5,1,3,1,1,2621.9308,3,3,1,2,V-Model,460.37,157375.17
50,42,130070.61,3,5,2,3,2,2601.4122,6,2,0,2,SAFe,2309.29,133407.65
7,41,1467022.27,5,5,1,2,1,209574.61,2,5,1,2,Agile,185.38,1411393.5
52,37,1102595.74,5,5,5,1,1,21203.7642,5,2,1,3,V-Model,2445.58,1417130.13
72,7,97363.44,1,1,5,2,1,1352.27,10,1,0,2,SAFe,647.67,102855.38
36,22,398294.39,1,2,3,1,4,11063.7331,3,1,1,1,Iterative,750.22,451690.47
30,3,296998.75,1,3,5,1,3,9899.9583,5,4,1,1,RAD,64.74,420330.65
47,44,1332344.44,2,2,2,3,4,28347.754,6,1,1,3,Agile,2508.47,1626719.1
22,45,493270.94,3,3,3,1,1,22421.4064,3,2,1,3,XP,865.13,629258.22
7,42,1202205.63,1,5,1,3,2,171743.6614,3,3,1,3,Scrum,302.89,1637434.62
29,40,625502.59,2,3,3,2,4,21569.0548,6,2,0,2,Iterative,1184.86,884223.29
38,1,278453.1,3,1,1,3,1,7327.7132,3,2,0,2,Agile,41.79,191144.43
10,40,806689.19,5,5,2,1,3,80668.919,2,5,0,2,Waterfall,286.42,963931.83
79,25,1234739.28,3,5,3,2,3,15629.6111,6,2,1,1,V-Model,2384.94,1401749.35
27,35,1270318.05,5,3,4,2,3,47048.8167,8,3,1,3,V-Model,1352.88,1401277.55
4,8,1376394.16,3,4,3,1,4,344098.54,3,3,1,1,Scrum,23.12,317455.54
7,40,1138023.41,5,3,3,1,3,162574.7729,3,5,0,2,Waterfall,217.37,1384733.92
33,17,1542803.69,4,4,2,3,1,46751.627,6,1,1,3,Agile,754.88,1962065.12
71,18,1377174.82,1,2,1,3,3,19396.8285,3,4,0,1,SAFe,965.06,1396452.25
29,7,536123.98,3,3,1,1,2,18487.0338,1,4,1,1,Waterfall,105.55,625357.64
7,31,127557.15,4,3,5,2,3,18222.45,10,5,0,1,Agile,187.18,147003.0
65,12,909431.31,1,3,3,2,1,13991.2509,6,4,1,1,Spiral,554.83,1042079.28
55,5,1372635.76,5,5,2,3,3,24957.0138,6,4,0,2,SAFe,292.6,1504020.78
79,46,241770.68,2,3,2,2,4,3060.3884,4,3,1,2,SAFe,3152.55,258126.21
6,9,770936.0,2,5,1,1,4,128489.3333,1,2,1,3,Scrum,66.0,743179.86
2,33,189200.88,3,3,3,3,3,94600.44,9,1,1,2,Agile,104.39,242760.95
21,41,438210.1,2,5,3,2,2,20867.1476,6,3,0,3,Scrum,834.12,613750.14
30,45,1158708.63,3,4,2,3,1,38623.621,6,5,0,2,Agile,936.19,1378886.26
73,30,827378.17,2,1,3,2,2,11333.9475,6,1,1,2,SAFe,2176.33,1124708.29
43,31,149402.77,5,3,2,3,3,3474.483,6,2,1,3,Scrum,2065.87,172621.48
49,12,79192.64,4,3,1,1,4,1616.1763,1,2,1,3,Scrum,467.99,90238.73
47,1,575219.52,2,3,5,2,3,12238.7132,10,2,0,3,RAD,72.02,736622.25
15,24,308806.84,5,1,2,1,1,20587.1227,2,4,0,1,Waterfall,216.0,1620000.0
30,18,361703.72,1,5,5,3,3,12056.7907,15,4,1,3,Spiral,825.06,461436.1
5,39,67563.35,1,3,4,1,4,13512.67,4,1,1,3,Iterative,284.66,86971.34
38,9,1294623.35,1,2,3,2,2,34069.0355,6,1,0,3,Iterative,433.3,1385416.49
42,5,1328745.67,4,3,1,3,1,31636.8017,3,1,0,3,Scrum,242.35,1310800.79
52,43,333455.95,5,1,2,1,4,6412.6144,2,5,0,2,SAFe,1505.36,386327.63
71,23,1466534.33,3,4,4,1,3,20655.4131,4,5,0,2,SAFe,1315.51,1921681.92
39,16,151571.3,4,4,5,3,4,3886.4436,15,5,0,3,Spiral,664.37,159395.2
33,2,315229.58,4,3,2,1,2,9552.4115,2,3,0,3,RAD,54.22,294146.49
68,9,1050109.31,5,5,2,2,1,15442.784,4,1,1,1,Agile,473.81,1219039.23
74,41,470154.24,1,2,3,2,3,6353.4357,6,1,1,2,Spiral,3614.48,586354.25
51,32,502225.46,1,1,5,1,3,9847.558,5,3,1,3,SAFe,1752.16,646202.21
35,4,873174.32,2,3,1,1,2,24947.8377,1,5,1,1,RAD,59.22,375725.2
71,23,878769.01,4,5,3,3,4,12377.0283,9,1,0,3,Spiral,2469.29,1083482.61
49,27,330464.68,3,4,2,3,2,6744.1771,6,2,1,3,Scrum,1337.06,384085.45
21,4,412700.76,4,3,1,2,3,19652.4171,2,5,0,1,Agile,56.7,534623.75
14,17,1305521.84,5,2,4,1,4,93251.56,4,5,0,2,Waterfall,173.21,1562441.44
44,3,630733.78,5,4,4,1,3,14334.8586,4,5,0,3,RAD,148.25,693072.14
21,2,1206024.03,1,4,2,1,1,57429.7157,2,5,0,3,RAD,25.97,279136.13
33,30,178202.57,4,4,2,1,2,5400.0779,2,5,1,1,V-Model,634.14,218687.25
25,6,1021934.25,4,1,1,3,4,40877.37,3,1,1,2,Agile,167.07,1302398.22
15,24,249599.86,2,1,5,2,4,16639.9907,10,3,0,3,Iterative,382.54,5259925.0
53,30,1446952.38,4,3,2,3,2,27300.9883,6,4,1,1,Agile,1342.27,1656381.94
63,4,314872.35,3,3,1,3,1,4997.9738,3,3,1,2,SAFe,165.35,391302.99
31,9,1273707.06,3,2,4,2,4,41087.3245,8,4,0,3,Scrum,336.27,1597492.39
10,1,250507.23,1,3,3,3,2,25050.723,9,3,0,1,Scrum,7.88,100906.44
34,14,652510.6,5,2,5,1,4,19191.4882,5,3,1,3,V-Model,462.77,704029.11
33,27,894050.72,3,5,4,1,1,27092.4461,4,1,1,2,Scrum,763.39,1027808.15
75,25,1293938.33,2,5,5,2,4,17252.5111,10,5,1,1,Iterative,1781.94,1798042.32
65,27,170549.27,2,1,3,1,4,2623.8349,3,1,0,2,SAFe,1644.62,203154.33
51,15,1024506.6,4,1,5,2,1,20088.3647,10,4,1,1,V-Model,657.04,1132292.64
44,18,555965.56,3,5,1,1,3,12635.5809,1,1,0,3,Waterfall,969.06,691731.95
23,34,370569.13,1,2,5,3,3,16111.7013,15,1,1,2,Spiral,1563.22,418491.29
56,27,1422226.22,4,5,2,3,1,25396.8968,6,4,0,2,Scrum,938.38,1676348.91
79,21,237138.84,3,1,3,2,1,3001.7575,6,4,0,2,SAFe,1363.26,306427.69
51,30,33667.84,1,3,3,2,1,660.1537,6,3,1,2,SAFe,1469.39,46064.71
43,14,845615.93,5,5,1,2,1,19665.4867,2,2,1,2,Agile,519.9,829723.83
70,14,1079971.49,2,1,5,3,2,15428.1641,15,3,1,1,Spiral,1112.79,1195585.96
66,33,167899.47,1,4,1,2,4,2543.9314,2,1,1,2,SAFe,2390.76,213561.98
39,32,1224079.37,4,5,4,2,1,31386.6505,8,2,1,3,V-Model,1188.19,1337448.11
54,1,1269118.45,5,5,1,3,3,23502.1935,3,5,1,3,SAFe,43.45,384290.61
41,5,247814.03,1,2,1,1,2,6044.2446,1,5,1,1,Agile,103.48,288042.38
2,33,1250162.92,1,5,2,1,4,625081.46,2,4,1,2,XP,35.72,309158.34
34,1,275633.04,2,4,3,3,1,8106.8541,9,4,0,2,Scrum,27.58,213415.09
33,8,601124.67,4,3,2,1,1,18215.8991,2,5,0,1,Waterfall,133.83,703153.02
7,24,346549.98,1,2,1,1,1,49507.14,1,3,0,1,Iterative,119.58,421311.7
68,9,1128855.42,4,4,2,3,1,16600.815,6,1,1,1,Scrum,634.7,1594577.68
54,3,264878.44,5,3,1,2,2,4905.1563,2,3,1,1,RAD,116.45,290066.08
34,48,272699.37,5,2,1,2,2,8020.5697,2,3,0,1,Waterfall,1235.24,391394.26
3,7,708820.11,4,1,1,3,3,236273.37,3,5,1,3,Agile,24.57,279186.03
12,6,1119385.5,4,3,3,1,2,93282.125,3,2,1,1,V-Model,65.25,1111666.74
25,5,1124638.34,3,4,2,3,1,44985.5336,6,5,1,3,Scrum,106.31,1219055.85
2,30,1029126.88,4,2,4,1,4,514563.44,4,2,1,3,V-Model,78.73,1332275.91
55,3,1311555.09,4,4,4,3,1,23846.4562,12,3,0,3,Spiral,227.23,1714968.82
14,29,919111.91,4,1,1,3,4,65650.8507,3,2,1,3,Agile,628.48,1059075.65
17,4,606648.27,2,4,2,2,4,35685.1924,4,4,1,2,RAD,61.92,802584.23
60,33,229843.53,3,2,4,1,4,3830.7255,4,1,1,2,V-Model,2451.62,289084.11
37,24,480913.08,5,5,5,3,2,12997.6508,15,5,0,1,Spiral,694.96,611879.83
52,4,942928.78,3,2,3,2,4,18133.2458,6,4,0,3,SAFe,187.98,1278036.51
79,47,1145221.4,5,2,5,2,4,14496.4734,10,4,0,2,SAFe,1015.02,283208.21
13,45,171891.03,4,5,2,2,4,13222.3869,4,5,0,3,Scrum,426.76,222859.74
44,38,419474.94,4,4,2,2,1,9533.5214,4,2,1,3,Scrum,2098.11,481079.25
76,36,197733.84,4,2,1,2,1,2601.7611,2,4,0,3,SAFe,1744.73,203014.81
15,14,1101013.48,2,5,2,3,4,73400.8987,6,5,1,3,Scrum,195.3,1437143.52
39,3,1146909.35,1,5,1,3,3,29407.9321,3,2,0,1,Scrum,117.83,748362.4
67,8,873237.66,4,3,4,3,3,13033.3979,12,5,0,1,Spiral,485.62,1013517.39
38,1,1486507.62,2,3,3,2,2,39118.6216,6,5,1,1,Spiral,27.05,620925.89
12,38,1419365.57,3,1,5,1,1,118280.4642,5,4,1,3,V-Model,370.93,1590614.87
32,2,1236668.06,2,2,1,3,4,38645.8769,3,3,0,2,Agile,61.04,378103.66
62,13,349627.44,5,2,4,2,2,5639.1523,8,5,1,2,V-Model,604.61,462182.62
11,4,1202987.27,4,5,3,2,2,109362.4791,6,5,1,1,V-Model,30.25,457234.91
23,25,157007.63,2,4,4,2,1,6826.4187,8,5,0,2,Scrum,445.15,163708.22
51,48,1562454.71,2,4,2,3,4,30636.3669,6,4,0,2,SAFe,1801.16,1783856.91
54,14,948605.91,5,5,5,3,3,17566.7761,15,1,0,1,Spiral,1154.13,991119.91
25,25,1037899.88,2,3,3,2,2,41515.9952,6,2,0,2,Iterative,675.68,1216282.36
4,35,1089039.8,3,3,4,1,3,272259.95,4,1,0,1,Agile,137.69,1165874.79
77,12,1145053.05,1,4,3,2,2,14870.8188,6,1,0,2,SAFe,1052.04,1394900.97
11,24,1070458.18,4,5,3,2,2,97314.38,6,4,0,3,Scrum,225.92,1420642.28
35,46,830152.65,4,1,5,3,1,23718.6471,15,5,1,2,Spiral,1229.86,977461.95
63,36,38799.69,2,2,3,2,4,615.8681,6,4,1,3,Spiral,2740.01,46728.95
20,35,223888.6,2,5,3,2,2,11194.43,6,2,1,1,Scrum,623.77,288939.26
67,30,449193.19,2,1,1,2,1,6704.376,2,5,1,3,SAFe,1237.54,491964.47
37,34,288462.47,4,5,2,3,4,7796.283,6,3,1,1,Spiral,1414.89,375038.45
78,6,764630.91,5,4,3,2,2,9802.9604,6,1,1,3,V-Model,704.26,819980.02
42,46,1471227.11,5,1,5,1,2,35029.2169,5,4,1,3,V-Model,1959.14,1646013.26
64,37,150022.39,1,4,4,2,3,2344.0998,8,5,0,3,SAFe,2169.22,179345.81
66,33,736725.62,1,2,5,3,3,11162.5094,15,3,0,2,Spiral,2623.05,742725.1
43,24,251480.91,3,5,4,3,4,5848.3933,12,5,1,1,Spiral,840.09,340811.5
54,23,930509.79,1,4,5,1,2,17231.6628,5,1,0,3,SAFe,1363.15,1052009.99
33,39,1010879.99,5,3,5,2,1,30632.727,10,1,0,1,Waterfall,1273.69,1169391.14
49,37,1368362.64,3,2,5,3,3,27925.7682,15,4,1,3,Spiral,2188.96,1441623.17
43,28,491357.73,5,1,4,2,4,11426.924,8,5,1,2,V-Model,978.61,602931.2
70,1,948316.77,4,2,1,1,3,13547.3824,1,1,0,2,SAFe,73.62,561010.2
46,4,1106485.19,5,4,4,2,3,24054.0259,8,4,1,3,V-Model,222.73,1203794.38
56,35,1094196.39,2,5,4,1,3,19539.2212,4,1,0,2,SAFe,2505.54,1443982.57
62,43,1127094.35,5,1,1,1,1,18178.9411,1,5,0,2,SAFe,1326.04,1298021.06
43,10,27957.92,5,4,5,1,4,650.1842,5,5,0,1,Waterfall,295.9,29564.52
33,22,17768.79,3,4,4,3,4,538.4482,12,2,0,2,Spiral,957.79,25037.27
69,9,797619.74,4,4,2,2,3,11559.7064,4,4,1,1,V-Model,453.65,988546.16
31,48,726028.55,2,4,3,3,4,23420.2758,9,5,0,3,Spiral,1424.71,999816.12
33,6,1045635.73,5,4,5,3,3,31685.9312,15,2,1,1,Spiral,228.6,1412300.32
16,18,1077571.1,1,3,5,3,1,67348.1938,15,3,1,2,Spiral,286.06,1191202.45
20,9,156859.78,4,1,5,3,1,7842.989,15,2,0,3,Spiral,255.99,183924.23
33,14,826627.67,5,4,2,1,2,25049.3233,2,1,0,3,Waterfall,438.46,1046428.09
41,5,1322168.37,5,4,5,2,2,32248.009,10,3,1,1,V-Model,157.32,1613059.78
31,12,26539.29,2,5,3,3,4,856.1061,9,4,1,2,Scrum,330.66,33398.23
44,39,137524.38,2,2,2,3,4,3125.5541,6,4,1,2,Iterative,1606.37,146438.7
58,9,465341.15,3,5,5,2,1,8023.1233,10,1,1,2,Spiral,573.9,513437.6
11,43,202915.44,4,2,4,3,2,18446.8582,12,3,0,1,Spiral,525.04,283246.74
36,44,1117067.36,2,1,4,2,1,31029.6489,8,3,1,1,Spiral,1165.9,1468045.1
58,4,683632.98,2,2,1,1,3,11786.7755,1,1,1,1,Agile,252.01,849006.59
39,25,1315590.97,4,3,1,2,4,33733.1018,2,3,1,2,Waterfall,700.77,1567680.77
46,25,674157.04,3,4,5,3,1,14655.5878,15,5,1,3,Spiral,964.37,775201.99
40,15,1511827.18,3,3,1,3,2,37795.6795,3,5,1,1,Agile,371.45,1691941.88
73,47,348864.33,4,4,4,2,1,4778.9634,8,3,1,2,Spiral,3014.46,436045.66
26,6,639196.77,2,3,1,1,4,24584.4912,1,4,0,2,Agile,128.85,690523.41
44,4,745090.73,3,1,3,1,4,16933.8802,3,1,0,1,Iterative,179.95,843750.17
27,20,1061085.01,2,2,4,1,1,39299.4448,4,3,0,2,Agile,390.28,1353064.44
18,18,103766.99,5,3,1,1,4,5764.8328,1,5,0,2,Waterfall,202.37,136218.43
20,5,504189.27,4,1,1,1,4,25209.4635,1,5,0,1,Waterfall,51.59,280282.22
29,14,1439913.19,2,5,3,1,4,49652.179,3,2,0,2,Scrum,477.51,1916531.16
10,23,307638.9,5,4,3,1,3,30763.89,3,1,0,2,Waterfall,253.2,387832.57
7,42,1257808.95,1,5,3,3,4,179686.9929,9,4,1,1,Scrum,214.52,1408451.08
30,3,1262464.4,3,2,2,1,1,42082.1467,2,2,0,2,Agile,62.62,493589.84
46,32,362518.11,2,2,2,3,3,7880.8285,6,2,0,3,Agile,1816.18,425401.24
13,20,486114.79,5,1,3,3,2,37393.4454,9,3,1,1,Spiral,313.56,570390.16
68,12,1089421.07,3,4,2,1,3,16020.8981,2,2,1,3,SAFe,772.36,1252601.01
15,29,774787.36,1,3,5,2,2,51652.4907,10,5,0,3,Scrum,485.52,945210.08
75,30,649453.66,4,1,2,3,1,8659.3821,6,1,1,1,SAFe,2099.76,812228.49
39,40,320733.55,2,1,4,2,1,8223.9372,8,3,1,1,Spiral,1062.32,374871.93
27,24,1371548.82,2,1,1,3,3,50798.1044,3,4,0,1,Agile,603.9,1649408.53
80,30,400636.23,4,1,5,3,2,5007.9529,15,4,1,2,Spiral,2152.37,464076.64
78,37,1368350.51,1,1,5,2,2,17542.9553,10,3,0,2,Iterative,1678.61,1071405.75
27,4,1122309.15,4,3,5,1,4,41567.0056,5,4,1,3,V-Model,98.13,1552009.12
8,9,116067.77,3,3,3,2,2,14508.4712,6,4,0,2,Scrum,71.41,1071150.0
52,24,237365.96,3,3,3,1,3,4564.73,3,1,0,3,SAFe,1765.0,254134.37
69,32,803999.34,5,5,5,1,4,11652.1643,5,5,1,3,V-Model,1943.73,997933.62
10,47,74415.23,5,1,2,3,4,7441.523,6,4,0,1,Agile,324.09,78870.26
3,38,102155.37,3,2,5,3,3,34051.79,15,2,1,1,Spiral,196.67,114014.15
57,29,171627.67,3,3,2,2,3,3011.0118,4,2,1,2,SAFe,1475.7,189465.51
18,29,709917.7,5,2,4,3,1,39439.8722,12,3,0,3,Spiral,736.29,904982.53
28,47,1446182.83,4,3,1,1,1,51649.3868,1,4,0,3,Waterfall,923.63,1926938.74
75,37,890875.7,1,4,2,3,2,11878.3427,6,1,0,2,Spiral,3181.21,1074054.62
33,21,1032420.74,1,1,2,1,3,31285.477,2,1,0,2,Iterative,745.54,1263105.3
7,4,725178.67,5,1,1,3,4,103596.9529,3,4,0,1,Agile,21.58,130733.86
19,23,727173.24,3,1,4,3,1,38272.2758,12,4,0,2,Spiral,431.86,872940.78
49,27,582100.96,1,1,5,2,2,11879.6114,10,4,1,2,Spiral,1138.78,682308.69
29,28,1366453.07,1,1,4,1,3,47119.0714,4,3,1,3,Iterative,971.66,1530737.68
79,7,956215.62,1,1,3,3,1,12103.9952,9,4,1,3,Spiral,572.22,1161441.68
33,45,780609.8,4,3,2,2,2,23654.8424,4,5,0,1,Scrum,1107.66,887054.71
7,24,424943.62,5,4,3,2,2,60706.2314,6,4,0,1,Scrum,110.47,450088.61
53,47,264347.35,5,2,4,3,4,4987.6858,12,5,0,1,Spiral,2284.31,303508.86
26,35,31128.17,3,5,4,1,2,1197.2373,4,5,0,1,Waterfall,526.69,32658.64
68,6,407153.4,1,2,5,3,1,5987.55,15,1,1,3,Spiral,692.3,522031.77
29,36,1008109.36,2,3,4,1,3,34762.3917,4,2,0,2,Agile,1271.06,1346928.55
39,25,608913.72,1,5,3,3,1,15613.1723,9,1,0,3,Spiral,1309.34,753895.37
55,42,553971.36,4,5,1,3,2,10072.2065,3,5,0,2,SAFe,1661.04,732335.8
19,26,1184375.25,1,1,4,1,1,62335.5395,4,4,1,1,Iterative,366.8,1358447.19
14,8,999762.38,1,4,5,2,4,71411.5986,10,4,1,1,Spiral,96.34,1438671.18
25,13,1324895.56,4,2,2,3,4,52995.8224,6,5,1,3,Agile,318.83,1297716.02
70,25,1410552.94,5,5,2,3,4,20150.7563,6,1,0,2,SAFe,2256.69,1510738.04
43,37,633870.95,5,4,1,3,3,14741.1849,3,5,1,1,Agile,1189.71,823430.64
18,29,340009.17,2,1,1,3,1,18889.3983,3,4,0,1,Iterative,334.05,433406.31
79,17,1328487.83,3,5,5,1,2,16816.3016,5,5,0,1,SAFe,900.21,1413811.91
56,40,608918.96,2,5,5,2,3,10873.5529,10,2,0,2,SAFe,2678.57,704277.87
75,27,41403.46,1,1,5,1,3,552.0461,5,3,0,3,SAFe,2256.49,50059.3
9,4,502885.23,4,3,2,3,1,55876.1367,6,2,0,1,Scrum,38.7,464630.04
40,34,1006270.02,5,2,1,2,3,25156.7505,2,1,1,1,Agile,1630.03,1166408.42
54,6,561579.25,5,4,3,3,4,10399.6157,9,3,1,1,Spiral,337.54,681942.37
54,43,1197153.06,3,4,4,2,2,22169.5011,8,2,0,3,SAFe,2495.72,1349906.55
74,30,707711.24,4,3,4,2,3,9563.6654,8,1,1,3,V-Model,3572.7,597266.35
53,40,1352600.47,2,5,1,1,4,25520.7636,1,2,1,3,SAFe,1824.89,1636901.9
15,10,250781.6,1,5,4,1,3,16718.7733,4,1,1,3,Scrum,199.51,272145.2
3,25,1335487.0,1,2,1,2,4,445162.3333,2,4,0,2,Iterative,57.69,318557.18
2,10,1183014.66,2,3,2,3,1,591507.33,6,3,0,3,Scrum,23.85,318851.48
41,15,1087403.03,1,5,4,2,2,26522.0251,8,2,0,2,Scrum,606.32,1258609.95
78,11,47698.19,5,4,5,1,2,611.5153,5,4,0,2,SAFe,651.34,53781.67
29,32,281639.78,5,4,4,2,4,9711.7166,8,1,1,3,V-Model,1368.52,278427.03
53,15,1328033.1,1,5,5,2,4,25057.2283,10,4,1,1,Spiral,718.03,1665552.11
77,22,501583.88,4,2,3,1,4,6514.0764,3,2,0,3,SAFe,2468.59,649245.01
43,42,1438873.71,2,3,5,1,2,33462.1793,5,3,0,3,Agile,220.36,399814.73
48,45,1459969.27,2,5,3,3,2,30416.0265,9,1,0,1,Scrum,1084.38,449855.95
67,36,76138.87,4,1,2,3,1,1136.401,6,3,1,1,Spiral,2225.28,85683.75
26,35,684728.46,3,5,1,2,2,26335.71,2,4,0,3,Scrum,614.33,857995.79
14,43,1336089.81,2,5,4,2,2,95434.9864,8,3,1,3,Scrum,559.38,1665730.78
57,48,48101.36,5,5,4,3,3,843.8835,12,5,0,2,Spiral,2769.13,44120.85
38,28,1491275.46,3,1,4,1,4,39244.0911,4,2,1,1,Agile,1096.01,1714062.22
36,15,954352.52,3,3,5,1,3,26509.7922,5,2,1,1,V-Model,643.99,1146180.81
71,44,222977.07,5,5,1,1,1,3140.5221,1,2,0,2,SAFe,2692.56,241699.4
37,47,472704.11,3,5,1,3,2,12775.7868,3,3,0,3,Scrum,1901.91,535189.1
33,34,1004339.4,5,4,2,2,2,30434.5273,4,3,0,2,Agile,990.79,1167465.23
32,32,1476537.01,1,2,3,2,4,46141.7816,6,4,0,2,Iterative,662.5,1539428.39
8,44,1261617.14,2,3,1,3,3,157702.1425,3,2,0,3,Scrum,497.75,1632836.46
41,8,434682.19,1,4,1,2,3,10602.0046,2,2,1,2,Scrum,360.93,491216.29
41,3,1253000.42,5,5,4,2,4,30560.9859,8,5,1,2,V-Model,105.27,1680606.26
18,7,838494.38,1,1,3,3,1,46583.0211,9,4,0,2,Spiral,116.14,991019.33
78,24,1278995.04,3,4,5,2,2,16397.3723,10,1,0,3,SAFe,2556.68,1712349.83
51,43,335600.93,2,5,4,3,4,6580.4104,12,3,1,3,V-Model,2674.67,426883.01
5,2,220495.72,5,3,2,3,2,44099.144,6,1,0,1,Kanban,11.4,63580.04
36,44,1154207.45,3,4,3,2,1,32061.3181,6,3,0,2,Scrum,1144.04,1204450.55
12,18,221668.57,4,3,4,2,4,18472.3808,8,2,0,2,Agile,233.69,3359293.75
52,18,1070119.63,3,3,5,2,2,20579.2237,10,1,0,2,SAFe,1060.64,1157775.68
40,31,573607.42,3,1,3,1,1,14340.1855,3,4,1,1,Agile,746.23,642431.55
34,5,172497.98,4,5,1,1,3,5073.47,1,5,1,1,RAD,99.48,220345.12
56,4,1286393.82,4,5,2,3,2,22971.3182,6,2,1,1,Agile,248.75,1576333.79
72,28,1083435.1,4,3,2,3,4,15047.7097,6,1,0,1,SAFe,1885.77,1294793.2
66,23,652861.92,3,2,1,2,2,9891.8473,2,2,0,2,SAFe,1579.34,675670.63
38,15,1114125.36,1,4,3,2,1,29319.0884,6,1,1,3,Spiral,728.63,1261994.25
46,47,652242.98,3,2,4,2,1,14179.1952,8,4,0,3,Iterative,1700.63,758168.53
7,42,1145032.41,2,1,1,3,3,163576.0586,3,5,0,1,Iterative,262.08,1494152.02
30,43,691181.18,4,2,5,1,4,23039.3727,5,5,0,1,Waterfall,797.66,885639.09
59,21,793462.58,4,1,2,2,4,13448.5183,4,4,0,2,SAFe,961.44,1046766.06
15,30,1352369.61,2,2,4,2,4,90157.974,8,3,1,3,Spiral,540.0,1700712.29
20,24,395115.86,4,2,5,2,4,19755.793,10,3,0,2,Agile,457.0,6569375.0
63,8,854484.0,2,5,1,3,1,13563.2381,3,3,0,2,SAFe,403.31,963549.54
41,19,126586.71,4,2,2,1,3,3087.4807,2,2,1,3,Waterfall,775.61,171820.3
24,30,548582.15,1,5,4,3,3,22857.5896,12,1,0,1,Spiral,1081.44,619490.54
80,32,881606.54,3,2,5,2,4,11020.0818,10,3,1,1,V-Model,2216.93,1217906.71
43,47,1446875.69,3,5,4,2,1,33648.2719,8,5,0,2,Scrum,1289.63,1658304.76
35,5,442484.86,2,2,1,1,3,12642.4246,1,2,0,2,Iterative,170.91,548472.18
51,5,1385451.11,5,1,1,1,2,27165.708,1,1,1,3,SAFe,284.71,1564996.14
6,37,604374.16,5,5,4,3,4,100729.0267,12,1,1,2,Spiral,290.01,691546.23
12,3,1042476.28,3,4,2,2,4,86873.0233,4,1,1,1,V-Model,35.42,567396.51
22,31,1459722.5,4,2,2,2,1,66351.0227,4,2,0,2,Waterfall,474.6,2090019.13
61,11,991579.49,1,4,5,1,3,16255.4015,5,3,1,1,Iterative,701.44,1203668.42
30,24,1038173.68,3,1,5,3,1,34605.7893,15,4,1,1,Spiral,560.27,1191232.92
26,19,677687.75,4,1,5,1,1,26064.9135,5,3,1,1,V-Model,380.53,807619.45
30,24,36993.25,2,5,2,3,1,1233.1083,6,2,1,2,Scrum,646.17,41690.7
31,14,1311742.14,2,4,4,3,1,42314.2626,12,4,1,3,Spiral,361.55,1482501.94
56,37,1178536.19,3,3,5,3,2,21045.2891,15,5,1,1,Spiral,1557.1,1492959.6
34,2,1125664.94,5,4,4,1,3,33107.7924,4,5,1,3,V-Model,56.6,833964.48
60,29,345245.79,4,2,1,3,4,5754.0965,3,3,0,1,Agile,1775.31,404654.34
10,30,184566.39,2,2,4,3,4,18456.639,12,2,0,2,Iterative,340.7,3747700.0
70,9,457725.25,4,5,3,1,1,6538.9321,3,3,0,1,SAFe,526.45,554662.29
16,20,177505.78,1,1,4,1,2,11094.1112,4,4,1,1,Iterative,164.1,237636.87
61,29,1104219.43,4,3,2,2,2,18101.9579,4,3,0,1,Scrum,1305.17,1168662.4
65,28,1172819.21,5,3,3,1,4,18043.3725,3,5,0,2,SAFe,1276.28,1463482.36
69,27,1370529.69,1,3,2,3,2,19862.7491,6,4,0,2,SAFe,1603.19,1632589.1
17,28,529554.74,4,4,5,3,2,31150.2788,15,1,1,2,Spiral,616.68,642376.73
74,16,254319.25,1,5,5,3,1,3436.7466,15,1,0,1,Spiral,1220.66,318937.23
41,27,1276712.26,3,1,3,3,2,31139.3234,9,3,0,1,Agile,1064.45,1579735.26
56,44,591905.56,4,3,4,2,1,10569.7421,8,5,1,3,V-Model,1858.78,843690.34
79,5,1223471.09,4,5,3,2,4,15486.9758,6,3,0,2,SAFe,381.98,1639661.45
4,40,1321729.95,1,5,1,2,4,330432.4875,2,3,1,2,Scrum,150.83,1550397.37
64,11,1178137.54,3,3,2,1,2,18408.3991,2,4,1,2,SAFe,378.47,1483960.65
58,3,1279754.07,2,4,4,2,2,22064.7253,8,5,0,2,SAFe,142.26,1598417.65
19,43,420001.48,2,1,1,3,4,22105.3411,3,1,0,1,Agile,931.78,521889.45
16,45,702741.55,2,3,2,1,4,43921.3469,2,2,0,1,Agile,582.81,932919.05
11,17,830639.12,3,4,1,1,3,75512.6473,1,4,0,1,Scrum,126.91,1014147.7
35,11,149030.09,3,2,4,2,2,4258.0026,8,4,1,3,Spiral,368.9,177424.63
74,45,691768.04,1,1,4,2,1,9348.2168,8,3,1,1,SAFe,2100.88,842613.1
31,29,658796.75,3,3,4,2,4,21251.5081,8,2,0,3,Agile,1363.97,621724.11
53,17,475968.7,3,3,3,1,4,8980.5415,3,5,0,2,SAFe,691.44,539175.28
28,19,1493484.81,1,3,4,2,3,53338.7432,8,3,0,3,Scrum,665.63,1991639.05
65,15,80652.83,5,2,2,1,3,1240.8128,2,3,1,2,SAFe,843.88,102115.66
44,32,720866.48,2,3,5,1,3,16383.3291,5,3,0,1,Scrum,1240.43,867088.08
18,30,1025141.38,4,5,5,2,2,56952.2989,10,2,0,2,Scrum,539.4,1169696.55
61,15,62203.69,5,3,1,2,1,1019.7326,2,4,0,2,SAFe,711.37,68366.78
56,16,43834.43,4,1,2,2,1,782.7577,4,5,1,2,SAFe,571.7,56512.02
44,4,183034.4,4,1,4,2,2,4159.8727,8,1,0,2,Agile,251.62,257184.71
21,30,319866.94,1,5,2,2,1,15231.759,4,1,0,3,Scrum,661.72,366109.5
32,16,1114205.62,4,4,5,1,2,34818.9256,5,2,0,3,Scrum,528.36,1470721.89
60,23,1065851.36,5,4,2,3,4,17764.1893,6,3,0,3,SAFe,1641.0,1281283.58
53,46,501566.85,1,1,4,1,1,9463.5255,4,1,1,2,SAFe,2661.81,596895.86
30,13,913770.69,4,5,5,1,3,30459.023,5,3,1,2,Scrum,529.7,1059008.55
65,48,1421933.59,5,4,2,3,3,21875.9014,6,4,0,3,SAFe,3234.39,1696633.68
18,18,301112.37,5,4,1,2,1,16728.465,2,4,1,3,Scrum,237.39,374207.73
34,25,718101.82,4,4,1,2,3,21120.6418,2,2,1,3,Scrum,877.2,894148.25
64,6,835650.59,2,4,3,3,2,13057.0405,9,3,1,2,SAFe,385.87,1095563.66
72,10,45908.27,1,2,4,1,3,637.6149,4,5,0,2,SAFe,490.65,53680.08
52,26,793672.07,1,1,2,1,2,15262.9244,2,2,1,3,SAFe,1071.05,1085622.16
68,40,345055.71,1,4,1,2,1,5074.3487,2,3,0,2,SAFe,2232.87,382039.36
70,39,415867.89,1,3,3,1,1,5940.9699,3,2,0,1,SAFe,2208.98,497342.32
75,23,1468533.9,2,4,2,2,2,19580.452,4,3,1,3,SAFe,1782.03,1991691.22
8,40,55096.71,1,3,4,3,2,6887.0888,12,3,0,1,Spiral,358.3,66211.02
41,45,349520.29,1,2,4,1,4,8524.8851,4,1,0,3,Scrum,2183.19,399856.49
40,8,103917.93,2,2,2,1,1,2597.9482,2,2,1,2,Iterative,279.84,128623.12
11,24,509392.33,2,4,3,2,1,46308.3936,6,1,0,3,Scrum,262.93,594513.16
70,40,917048.97,5,3,4,3,4,13100.6996,12,4,0,3,Spiral,2671.19,1092725.31
60,29,1280037.16,1,4,4,1,2,21333.9527,4,1,0,1,Scrum,1609.28,1546602.41
25,21,41303.95,3,1,2,2,3,1652.158,4,1,1,1,Iterative,683.13,47606.46
10,45,223479.17,3,1,1,2,2,22347.917,2,1,1,3,Agile,469.74,280367.31
37,6,983213.41,2,5,2,1,2,26573.3354,2,5,0,2,Scrum,123.7,1103449.45
21,33,933615.29,3,1,2,1,1,44457.871,2,3,0,3,Agile,537.15,1115151.21
66,5,400996.7,1,1,1,2,4,6075.7076,2,3,1,1,Iterative,330.21,515402.33
26,6,278142.7,4,3,2,1,1,10697.7962,2,2,1,2,Waterfall,107.78,358374.99
19,10,193497.32,1,1,1,2,3,10184.0695,2,2,0,1,Iterative,149.39,215253.33
79,8,225202.84,2,5,1,1,3,2850.6689,1,1,0,3,SAFe,730.28,278982.7
12,17,768079.61,2,1,4,3,1,64006.6342,12,1,0,1,Iterative,215.72,983563.31
33,15,1041591.57,1,5,5,2,2,31563.3809,10,3,1,1,Spiral,471.07,1258721.99
47,44,821289.55,3,1,1,3,3,17474.2457,3,4,0,1,Iterative,1621.34,1023199.23
17,28,1478541.46,3,2,2,2,2,86973.0271,4,1,0,2,Agile,523.65,1813527.46
10,40,793842.8,2,4,2,1,1,79384.28,2,2,0,1,Scrum,252.5,995237.51
21,44,1458561.12,2,3,2,1,4,69455.2914,2,3,0,2,Iterative,863.69,1923982.54
58,19,451225.99,4,5,1,1,1,7779.7584,1,5,0,2,SAFe,552.87,557651.44
39,15,725755.76,3,5,4,1,1,18609.1221,4,4,0,1,Scrum,391.04,820311.21
4,13,1332020.91,5,3,5,2,2,333005.2275,10,2,1,3,V-Model,63.56,1321048.99
16,45,56919.05,2,2,1,3,2,3557.4406,3,5,0,2,Iterative,540.29,71597.01
23,47,780895.99,4,2,3,1,4,33951.9996,3,2,1,2,V-Model,930.22,982671.69
49,20,1198351.88,3,1,2,1,3,24456.1608,2,2,1,2,Iterative,1178.15,1437223.24
8,40,519033.92,2,3,5,3,1,64879.24,15,5,0,3,Spiral,308.68,557067.01
33,36,953276.92,2,3,2,3,3,28887.1794,6,2,1,1,Spiral,1625.72,1276286.1
71,18,887260.17,4,3,4,2,3,12496.6221,8,2,1,2,Spiral,1713.74,1156386.59
72,46,1080660.59,1,4,3,3,4,15009.1749,9,2,0,1,Spiral,4760.43,1308896.33
76,30,1053069.72,4,5,5,3,4,13856.1805,15,4,1,3,Spiral,2419.42,1245042.43
49,27,725971.29,3,1,2,2,2,14815.7406,4,4,0,1,Agile,923.38,952357.02
30,20,1010688.74,1,1,2,2,4,33689.6247,4,5,0,3,Iterative,512.62,1286609.09
37,45,1158485.73,3,1,1,3,1,31310.4251,3,3,1,3,Agile,1300.74,1415947.61
40,16,1084722.9,2,5,1,3,4,27118.0725,3,3,1,2,Scrum,685.42,1235709.38
9,21,1001033.24,3,4,4,1,1,111225.9156,4,2,1,2,V-Model,189.83,1370584.93
10,36,651332.48,3,1,2,2,1,65133.248,4,4,0,1,Iterative,165.99,694884.88
10,40,528525.85,3,4,4,3,2,52852.585,12,5,1,1,Spiral,299.44,545605.51
11,48,879343.11,5,5,5,1,2,79940.2827,5,2,1,2,V-Model,489.71,1120895.15
4,25,347839.84,5,5,4,3,1,86959.96,12,2,0,2,Spiral,90.52,364312.48
76,33,51842.59,4,2,1,1,3,682.1393,1,1,1,1,SAFe,2292.62,61730.54
41,35,283467.32,1,3,4,2,1,6913.8371,8,4,1,1,Iterative,1089.8,332630.37
75,2,873930.1,3,3,3,3,2,11652.4013,9,1,0,2,SAFe,203.28,1043207.55
69,36,1277580.76,1,2,3,3,4,18515.6632,9,2,0,3,SAFe,3335.86,1489236.55
25,40,415392.66,5,5,2,2,3,16615.7064,4,1,1,3,V-Model,1559.61,492339.06
15,19,375477.04,4,1,2,3,1,25031.8027,6,1,1,2,Spiral,341.19,477560.21
18,7,1042247.83,2,2,2,1,2,57902.6572,2,5,1,2,Agile,81.39,985761.64
11,42,147669.69,5,3,1,2,1,13424.5173,2,3,1,2,Waterfall,353.72,168778.03
38,45,1047876.26,2,5,4,3,1,27575.6911,12,2,0,3,Spiral,2279.98,1299988.2
39,36,747953.23,1,3,5,2,3,19178.2879,10,3,0,1,Scrum,1306.49,923308.7
70,15,124417.71,3,2,2,3,3,1777.3959,6,2,0,2,Agile,1417.98,147090.91
29,41,15793.32,3,1,2,3,1,544.5972,6,2,0,1,Agile,840.63,21475.51
28,8,1378480.06,2,2,5,2,3,49231.4307,10,1,0,3,Iterative,412.12,1835009.35
31,27,32389.41,3,5,3,2,1,1044.8197,6,5,1,2,V-Model,574.22,38473.91
79,45,1300235.45,4,4,4,3,3,16458.6766,12,4,0,1,Iterative,3063.56,1584716.13
50,42,1369578.54,4,5,2,1,1,27391.5708,2,1,0,2,SAFe,1660.11,1600417.43
42,18,1169820.41,4,4,4,3,4,27852.8669,12,4,1,1,Spiral,712.2,1463367.68
12,7,1331313.73,5,1,3,2,1,110942.8108,6,2,1,2,Waterfall,67.28,658588.54
44,13,1473940.63,2,5,5,2,1,33498.6507,10,3,1,1,Iterative,445.7,1803555.27
8,19,153650.96,4,5,4,1,1,19206.37,4,2,1,3,V-Model,126.15,187689.44
19,32,1187133.62,2,4,5,1,4,62480.7168,5,5,0,3,Scrum,592.79,1327534.16
67,16,1309137.55,5,5,2,3,4,19539.3664,6,2,1,2,SAFe,1092.68,1545782.03
57,47,112642.49,5,2,3,2,4,1976.184,6,1,1,3,V-Model,3406.3,131000.48
15,16,542761.98,5,5,4,3,4,36184.132,12,3,0,2,Spiral,252.87,568028.72
69,17,1083854.91,3,2,1,1,1,15708.0422,1,4,0,2,SAFe,657.97,1125536.44
21,40,135036.31,3,1,2,3,1,6430.3005,6,5,0,2,Spiral,645.0,160145.91
17,24,1543593.6,4,1,3,3,3,90799.6235,9,2,0,3,Spiral,748.18,1705316.13
29,12,123829.29,1,2,4,2,4,4269.9755,8,3,0,2,Iterative,476.39,151110.34
22,42,539970.15,2,3,5,1,4,24544.0977,5,3,1,3,Scrum,1138.23,633174.32
49,24,244566.57,2,2,1,3,3,4991.1545,3,1,0,1,Agile,1393.23,237755.3
3,25,242025.85,2,1,4,2,4,80675.2833,8,5,1,2,Spiral,79.67,264174.28
24,12,216751.49,1,4,4,1,4,9031.3121,4,5,1,2,Scrum,227.63,238578.58
21,7,412018.12,5,5,3,1,1,19619.9105,3,4,1,3,Waterfall,73.6,477999.27
3,6,1509222.28,4,4,1,2,2,503074.0933,2,3,1,2,Kanban,13.17,72768.34
16,10,513133.8,3,5,3,3,3,32070.8625,9,5,0,3,Scrum,168.28,562113.06
70,23,901027.12,1,2,4,2,2,12871.816,8,3,1,2,Spiral,1593.48,1154154.03
37,5,167865.85,2,3,2,1,3,4536.9149,2,1,1,3,RAD,221.42,211371.61
69,45,1111689.44,2,5,4,2,2,16111.4412,8,1,1,3,Spiral,4850.58,1245973.1
40,48,938521.55,5,2,3,1,3,23463.0388,3,4,1,1,Waterfall,1537.54,24024062.5
68,25,1272681.07,4,3,1,1,4,18715.8981,1,3,0,2,SAFe,1395.18,1521757.85
24,1,788965.66,2,2,4,1,3,32873.5692,4,5,0,1,Iterative,18.53,256828.71
79,36,144318.3,2,4,5,2,1,1826.8139,10,2,1,3,Spiral,3460.67,174064.71
77,16,807081.88,5,3,5,2,2,10481.5829,10,4,0,2,SAFe,1157.55,877476.52
31,38,23163.18,4,5,3,1,4,747.1994,3,2,1,3,V-Model,1118.37,28145.1
14,15,636043.56,5,1,3,1,3,45431.6829,3,1,0,2,Waterfall,288.44,690544.71
62,34,1327463.23,3,2,3,1,2,21410.6973,3,3,0,1,Agile,1761.51,1430888.98
53,40,1442607.61,1,1,1,3,4,27219.0115,3,5,1,1,Iterative,1384.76,1590074.68
46,47,1010315.69,3,5,4,1,3,21963.3846,4,4,1,1,V-Model,1969.42,1200611.44
62,23,608595.34,4,5,4,2,2,9816.0539,8,4,1,1,V-Model,1190.54,683215.11
60,43,647391.67,5,1,3,2,1,10789.8612,6,4,0,3,SAFe,1656.57,938562.82
47,39,874336.18,2,2,5,1,4,18602.8974,5,4,1,1,Agile,1482.29,904828.83
25,9,287513.28,1,3,4,3,1,11500.5312,12,5,0,3,Scrum,199.12,373735.23
35,32,383463.26,4,5,5,1,2,10956.0931,5,3,1,3,Scrum,1382.77,536731.27
26,36,1024034.39,5,3,4,1,4,39385.9381,4,2,0,3,Waterfall,1284.43,1206150.04
56,23,63989.21,5,3,2,1,1,1142.6645,2,3,0,1,Waterfall,885.24,70415.8
53,25,935797.76,1,5,5,2,3,17656.5615,10,3,0,1,Scrum,1322.39,1011456.38
60,43,477147.79,5,4,2,3,3,7952.4632,6,1,0,2,SAFe,3519.72,654770.03
4,3,604064.6,1,2,5,3,3,151016.15,15,4,0,3,Spiral,15.24,320647.94
41,12,1222496.33,4,4,2,3,2,29816.9837,6,2,0,3,Scrum,610.89,1432062.23
75,7,878209.61,1,4,1,3,3,11709.4615,3,4,1,2,SAFe,473.89,1012002.59
69,43,579612.11,5,1,2,2,2,8400.1755,4,1,0,2,SAFe,2912.05,629468.77
3,10,1107641.53,2,1,1,2,1,369213.8433,2,5,0,3,Agile,20.14,152335.53
28,12,118406.22,3,1,3,2,1,4228.7936,6,2,1,3,Agile,382.78,146495.11
61,31,160158.62,3,3,1,3,3,2625.5511,3,2,0,1,Scrum,2144.92,195850.06
45,45,132922.75,5,2,5,2,2,2953.8389,10,5,0,3,Waterfall,1718.07,161614.24
50,3,1483711.63,5,5,5,3,1,29674.2326,15,2,0,1,Spiral,141.17,1470303.67
20,4,127165.27,1,3,5,3,3,6358.2635,15,2,0,2,Spiral,131.08,183455.98
37,2,447133.8,3,5,4,3,1,12084.6973,12,5,1,2,Iterative,66.46,510782.17
44,11,538487.97,3,2,1,3,4,12238.363,3,4,0,3,Scrum,415.63,665511.71
5,9,491551.44,1,4,1,1,3,98310.288,1,2,1,2,Scrum,45.61,533542.45
62,43,484137.74,5,4,4,3,2,7808.6732,12,2,0,1,Spiral,2714.8,553178.6
43,30,1502445.96,1,1,2,3,3,34940.6037,6,3,1,2,Iterative,1302.47,1715087.34
67,4,671861.99,3,1,5,3,1,10027.7909,15,3,1,2,Spiral,278.21,831897.18
69,33,664620.26,5,1,5,2,2,9632.1777,10,5,0,1,Waterfall,1891.75,773926.3
53,31,1041930.97,3,5,4,1,1,19659.0749,4,5,1,1,Scrum,746.85,1071958.13
47,13,62158.38,2,2,1,1,2,1322.5187,1,4,1,2,Iterative,481.46,75520.06
12,17,196533.87,2,4,2,2,2,16377.8225,4,5,1,1,Scrum,137.05,227053.35
51,40,122759.54,5,2,4,3,3,2407.0498,12,5,0,3,Spiral,2323.42,142478.87
48,6,442821.13,5,3,5,1,3,9225.4402,5,4,1,1,V-Model,262.38,562647.96
16,18,770146.35,2,4,5,1,2,48134.1469,5,2,0,2,Iterative,235.57,951165.61
50,45,793964.54,4,5,5,3,1,15879.2908,15,4,1,2,Spiral,1933.49,1017411.66
27,1,170517.01,3,5,5,1,4,6315.4448,5,5,0,1,RAD,21.87,195180.01
66,5,1240242.71,3,1,2,2,3,18791.5562,4,5,1,1,Agile,218.94,1412473.76
54,10,104010.17,2,4,1,3,1,1926.1143,3,1,0,3,SAFe,603.63,125789.48
57,31,913251.35,5,4,2,1,4,16021.9535,2,3,0,1,Waterfall,1489.43,1065044.32
10,32,874938.92,2,5,1,2,3,87493.892,2,2,1,2,Scrum,345.59,1055780.64
24,11,521793.49,5,4,1,2,3,21741.3954,2,4,1,3,Scrum,298.82,541897.9
5,9,92450.81,2,4,3,2,4,18490.162,6,5,0,1,XP,32.6,509375.0
39,19,205855.58,4,4,3,3,2,5278.3482,9,4,1,3,Scrum,805.76,209981.41
4,17,159271.2,5,5,3,1,3,39817.8,3,3,0,3,Waterfall,61.37,203208.48
5,46,1295360.47,5,4,4,3,4,259072.094,12,3,1,1,Spiral,325.62,1543888.29
37,31,1091524.4,3,5,1,2,2,29500.6595,2,3,0,3,Scrum,977.3,1398214.97
52,20,706888.96,2,3,2,3,3,13594.0185,6,4,1,3,SAFe,1199.48,884392.31
64,40,896059.15,5,5,4,1,2,14000.9242,4,5,0,1,Waterfall,1464.78,1125677.48
28,26,616926.88,2,1,1,1,3,22033.1029,1,1,1,1,Iterative,638.57,606101.49
7,46,403261.08,3,2,1,1,2,57608.7257,1,2,0,2,Waterfall,246.68,507977.23
68,9,1445505.84,3,4,5,2,4,21257.4388,10,5,0,1,Scrum,451.31,1827833.84
2,18,487992.91,1,4,3,3,4,243996.455,9,4,1,3,Scrum,36.09,445436.5
22,44,632596.03,4,5,4,3,3,28754.365,12,4,1,3,Spiral,1248.59,753237.41
44,47,847664.14,1,5,5,2,2,19265.0941,10,2,1,2,Spiral,2133.75,1347490.18
39,32,713592.36,2,5,1,1,2,18297.24,1,5,0,2,Scrum,789.95,1078440.04
37,17,582366.29,4,3,5,2,1,15739.6295,10,2,0,3,Scrum,903.84,780881.78
15,23,1205168.33,1,5,5,2,4,80344.5553,10,3,0,2,Scrum,412.6,1355757.0
58,14,713824.83,3,1,4,1,3,12307.3247,4,2,0,1,Waterfall,997.81,939513.75
18,25,420858.58,2,3,2,2,2,23381.0322,4,3,0,2,Agile,337.02,548695.58
4,25,930519.95,2,5,1,1,3,232629.9875,1,2,0,2,Scrum,102.07,926850.73
76,43,895798.26,3,3,3,2,4,11786.8192,6,3,0,1,SAFe,3406.11,963246.58
30,46,591134.29,5,4,1,2,2,19704.4763,2,3,0,3,Scrum,1214.85,720486.32
65,43,262863.03,2,1,4,2,4,4044.0466,8,5,1,1,Spiral,2225.93,293666.0
17,39,1001055.32,2,4,1,1,3,58885.6071,1,4,1,1,Scrum,495.58,1062862.77
69,14,472092.94,2,5,1,1,4,6841.9267,1,3,0,3,SAFe,1008.53,544758.39
57,1,453796.22,2,3,1,3,3,7961.3372,3,1,0,1,Agile,72.54,580806.78
3,1,1118296.61,1,2,1,3,4,372765.5367,3,5,1,2,Kanban,2.5,11151.41
3,27,270532.38,5,3,1,3,2,90177.46,3,4,0,2,Agile,57.23,338460.47
77,16,815759.97,1,5,2,2,1,10594.2853,4,5,0,2,SAFe,631.66,889163.02
53,13,955820.35,2,3,5,2,4,18034.3462,10,1,1,3,Spiral,1161.59,1160939.77
11,11,1183992.98,5,5,4,3,3,107635.7255,12,3,1,2,Agile,135.09,1506896.88
40,16,1196372.33,3,4,2,2,3,29909.3082,4,2,0,3,Scrum,690.23,1457267.81
75,46,812155.01,1,4,1,2,3,10828.7335,2,2,1,1,RAD,111.9,704306.44
17,48,344212.65,4,5,3,1,3,20247.8029,3,1,0,1,Scrum,911.65,430737.18
62,1,567315.44,3,2,3,3,3,9150.249,9,1,0,2,SAFe,102.23,646909.8
29,25,532665.44,3,4,5,2,1,18367.7738,10,4,1,2,Spiral,514.75,589878.98
8,43,837005.55,5,2,3,3,3,104625.6938,9,4,1,3,Spiral,388.74,996892.15
8,25,677254.36,4,5,3,3,1,84656.795,9,5,0,2,Spiral,171.3,847821.76
3,38,1185572.99,1,1,5,1,3,395190.9967,5,4,1,2,Iterative,110.56,1650020.84
45,45,1339845.7,5,5,2,2,3,29774.3489,4,5,0,3,Scrum,1542.44,1793545.58
33,46,432287.29,4,5,3,3,4,13099.6148,9,1,1,1,Agile,1515.26,416595.59
62,25,644420.65,3,3,2,1,2,10393.8815,2,3,1,3,V-Model,1399.01,856863.78
32,22,71721.51,1,2,3,1,4,2241.2972,3,1,0,3,Iterative,818.78,92985.11
11,30,1421710.39,2,1,3,2,3,129246.3991,6,1,0,1,Iterative,406.62,1750875.11
50,12,1186782.68,2,5,3,3,1,23735.6536,9,4,0,2,SAFe,456.18,1240525.92
48,46,1423729.39,3,1,5,2,1,29661.029,10,3,0,2,Iterative,94.09,1260805.72
64,11,822974.13,5,2,1,2,3,12858.9708,2,5,1,3,SAFe,657.68,981004.79
48,42,996700.87,2,5,5,1,1,20764.6015,5,1,1,2,Scrum,1979.19,1130834.53
7,1,1165575.58,5,5,2,3,3,166510.7971,6,2,0,2,Agile,8.89,52341.47
41,35,42662.59,2,4,3,3,3,1040.551,9,4,0,2,Spiral,1967.56,56753.72
12,24,196169.33,1,1,4,2,4,16347.4442,8,4,0,3,Iterative,347.76,4781700.0
25,9,961758.92,5,2,2,3,3,38470.3568,6,5,0,2,Agile,216.05,1136860.28
80,8,921061.33,1,5,4,3,2,11513.2666,12,4,0,2,SAFe,513.04,1153860.39
32,8,485598.48,1,2,5,3,3,15174.9525,15,2,1,2,Spiral,498.26,629470.41
10,24,876976.0,3,5,1,1,4,87697.6,1,3,1,2,Scrum,175.5,1135692.07
73,32,1311206.68,4,1,4,1,3,17961.7353,4,3,1,1,V-Model,1777.4,1556524.6
8,26,357191.64,2,2,1,2,2,44648.955,2,5,1,3,Scrum,130.36,396764.0
60,34,338369.27,2,2,1,3,3,5639.4878,3,2,0,1,Agile,2023.64,455313.59
28,27,935552.82,1,3,3,2,4,33412.6007,6,4,0,3,Scrum,777.31,956550.64
46,48,501799.6,3,2,1,3,2,10908.687,3,2,1,2,Agile,2535.54,605472.84
69,4,172629.45,5,2,4,3,2,2501.8761,12,2,0,2,Spiral,373.19,184443.13
6,39,449724.91,1,2,5,1,1,74954.1517,5,5,1,1,Agile,150.05,574738.27
2,14,919013.42,1,3,4,3,4,459506.71,12,3,0,3,Iterative,32.98,386891.32
42,18,878907.3,3,4,1,3,4,20926.3643,3,2,1,3,Scrum,806.68,1057866.23
22,35,83606.62,2,4,5,1,1,3800.3009,5,3,0,1,Agile,458.61,87889.87
7,47,264522.58,5,3,2,2,4,37788.94,4,1,1,1,Waterfall,299.1,317771.83
23,6,1142322.3,4,1,1,3,1,49666.187,3,3,0,2,Agile,111.25,706330.72
33,27,328758.17,2,4,2,3,3,9962.3688,6,1,1,2,Spiral,1451.44,406328.3
47,44,1213140.51,2,2,1,3,4,25811.5002,3,2,1,2,Iterative,913.67,1056610.7
35,41,477283.38,2,4,3,3,3,13636.668,9,5,1,2,Spiral,1404.72,564525.9
74,47,957987.6,1,2,1,1,2,12945.7784,1,5,0,3,SAFe,1907.89,1094391.93
50,45,448266.59,3,4,3,2,4,8965.3318,6,5,1,2,SAFe,1357.88,553030.76
78,44,1185731.05,2,4,5,2,2,15201.6801,10,4,1,3,Spiral,3522.7,1502523.93
14,43,1440721.07,1,5,3,2,4,102908.6479,6,4,1,2,Scrum,555.18,1548636.09
80,21,593691.15,4,4,1,3,4,7421.1394,3,3,1,1,SAFe,1815.38,696066.54
5,14,14183.94,2,1,5,3,1,2836.788,15,2,1,1,Spiral,83.74,16241.77
8,22,77187.53,4,2,3,1,3,9648.4412,3,5,0,3,Waterfall,135.56,97482.63
20,1,1018384.06,5,3,1,1,2,50919.203,1,5,0,1,RAD,10.78,80297.26
31,28,1150819.43,5,5,5,2,4,37123.2074,10,4,1,1,V-Model,798.73,1380758.15
40,31,981671.05,3,3,3,2,4,24541.7763,6,2,1,3,Iterative,1240.88,1222521.58
47,3,797989.43,5,1,2,1,2,16978.4985,2,4,1,2,Waterfall,94.67,806296.6
40,46,492622.79,1,2,2,3,2,12315.5697,6,1,0,3,Scrum,2331.95,682217.4
30,22,832124.57,2,5,2,1,2,27737.4857,2,4,0,3,Scrum,489.74,1070905.39
43,7,520554.25,4,3,3,3,3,12105.9128,9,1,1,2,Agile,471.09,649275.05
62,7,250026.49,3,5,1,2,1,4032.6853,2,5,1,1,Scrum,191.03,301797.36
10,18,272850.18,3,2,5,3,4,27285.018,15,5,1,2,Spiral,207.57,5643309.38
64,21,695949.31,1,2,3,3,4,10874.208,9,1,1,3,Spiral,2070.78,903653.79
10,43,1450752.96,4,3,4,2,3,145075.296,8,4,1,1,V-Model,408.0,1936460.74
46,8,397779.67,4,3,3,3,3,8647.3841,9,5,0,3,Spiral,409.32,436239.5
48,3,1350476.5,4,5,3,1,4,28134.9271,3,2,0,2,RAD,112.18,889311.5
79,35,93146.89,4,2,5,3,3,1179.0746,15,4,0,1,Spiral,2578.59,123218.27
42,19,1466648.42,3,5,2,2,2,34920.2005,4,2,1,1,Scrum,759.6,1627016.83
37,19,358279.44,4,4,5,3,3,9683.2281,15,1,1,3,Spiral,1310.32,455224.63
67,41,878538.16,4,2,3,2,2,13112.5099,6,1,0,2,SAFe,3113.62,946357.46
80,11,1391146.97,4,3,2,1,2,17389.3371,2,2,1,1,SAFe,663.04,1743572.25
50,7,1288655.18,1,3,5,3,1,25773.1036,15,3,0,2,Spiral,411.09,1782455.39
45,3,632094.38,3,5,3,2,4,14046.5418,6,2,1,2,RAD,122.66,698312.16
53,9,1220019.14,5,4,1,3,1,23019.2291,3,1,0,1,Agile,497.17,1441536.77
10,7,869612.27,4,1,4,2,1,86961.227,8,2,0,3,Waterfall,79.25,825386.51
11,25,909817.08,3,3,2,2,2,82710.6436,4,1,1,3,Agile,291.06,1041792.36
76,37,1390596.19,5,1,1,3,4,18297.3183,3,4,0,3,SAFe,2073.11,1705516.51
33,6,848004.72,3,5,4,1,4,25697.1127,4,1,0,2,Scrum,239.97,978991.65
45,28,811007.98,4,5,5,3,4,18022.3996,15,5,1,1,Spiral,1316.13,920589.51
11,41,693339.06,1,2,4,2,2,63030.8236,8,1,0,2,Iterative,629.8,697503.67
48,6,1423796.52,4,5,4,3,3,29662.4275,12,1,0,1,Spiral,385.51,1819444.87
75,48,1485689.82,4,4,5,3,4,19809.1976,15,2,0,2,Spiral,4090.56,1864113.01
4,26,204522.93,5,3,2,1,4,51130.7325,2,2,1,2,Waterfall,76.26,236296.36
36,19,445551.81,4,3,3,2,1,12376.4392,6,2,0,2,Scrum,713.98,553020.78
11,6,1339300.85,3,3,4,1,2,121754.6227,4,5,1,1,Spiral,38.66,817373.81
16,37,212480.0,5,5,3,2,2,13280.0,6,1,0,1,Scrum,615.27,225618.04
3,21,1007045.65,4,5,5,2,4,335681.8833,10,2,1,1,V-Model,63.58,1061727.02
28,45,152674.41,1,3,1,1,3,5452.6575,1,4,0,2,Agile,792.91,184595.59
27,6,1373058.56,4,2,4,2,1,50854.0207,8,4,1,1,Spiral,141.14,1779760.83
45,26,441466.32,3,1,3,2,3,9810.3627,6,3,1,3,V-Model,1154.5,452059.24
73,34,306935.76,5,3,3,3,2,4204.5995,9,3,1,3,Spiral,3254.74,389135.45
17,36,1098095.02,3,2,5,2,4,64593.8247,10,4,0,1,Iterative,501.45,1354741.89
69,10,1414421.51,5,2,2,2,3,20498.8625,4,4,1,3,SAFe,614.55,1711086.67
12,30,539742.22,3,5,1,2,3,44978.5183,2,5,1,2,Scrum,236.71,602926.22
24,8,997342.83,2,4,3,2,4,41555.9512,6,1,1,3,Scrum,244.54,1286746.82
38,33,783443.61,1,1,3,1,1,20616.9371,3,1,1,2,Iterative,1232.88,962553.12
50,46,266180.6,4,1,2,1,1,5323.612,2,2,0,2,SAFe,2065.65,383054.88
46,38,920346.21,1,2,5,3,2,20007.5263,15,2,1,3,Spiral,2404.25,1167895.89
21,39,1148216.87,1,4,3,3,2,54676.9938,9,5,1,1,Scrum,550.25,1391036.3
36,7,76093.05,2,4,5,1,2,2113.6958,5,5,1,3,Scrum,178.03,76439.95
28,11,1122135.57,4,5,5,1,2,40076.2704,5,5,1,3,V-Model,262.03,1414044.42
33,22,515681.66,5,2,3,2,4,15626.717,6,1,0,1,Agile,908.05,639112.11
61,3,600395.27,1,3,2,3,4,9842.5454,6,1,1,3,SAFe,277.28,619689.24
6,41,1075165.99,3,1,5,1,1,179194.3317,5,4,1,1,V-Model,126.62,1243988.07
63,7,1090408.96,5,5,4,3,2,17308.0787,12,4,0,1,Spiral,460.71,1350937.7
3,7,561326.16,4,2,2,1,1,187108.72,2,5,1,1,V-Model,9.91,164869.69
61,8,556716.37,5,1,3,3,1,9126.4979,9,1,1,1,Spiral,578.56,689147.39
4,27,326127.22,5,5,2,2,1,81531.805,4,3,0,3,Scrum,94.2,412662.73
68,12,1050741.29,2,4,5,3,4,15452.0778,15,5,1,2,Spiral,757.24,1183470.36
5,35,124377.92,3,4,4,1,3,24875.584,4,4,0,1,Scrum,130.02,149291.47
69,7,1252862.82,3,4,3,3,2,18157.4322,9,5,1,1,Spiral,361.48,1559283.32
39,21,326902.36,1,1,4,3,4,8382.1118,12,2,0,3,Spiral,1107.47,422070.46
22,21,358543.19,2,3,3,1,1,16297.4177,3,3,0,1,Agile,346.15,434812.42
55,11,730872.03,4,2,4,1,2,13288.5824,4,5,1,3,SAFe,415.55,883332.09
12,13,585084.28,4,3,3,2,1,48757.0233,6,1,0,2,Agile,155.11,699156.53
77,30,940177.06,2,4,2,2,4,12210.0917,4,1,0,3,SAFe,3040.72,1299559.8
3,32,1050640.8,1,1,2,1,3,350213.6,2,3,1,1,Iterative,65.06,676058.81
50,43,1385142.31,1,3,2,3,3,27702.8462,6,4,1,2,Spiral,2774.76,1387876.25
18,12,861817.93,1,1,5,3,4,47878.7739,15,2,0,1,Spiral,327.05,1010163.93
11,30,924037.55,1,5,4,1,2,84003.4136,4,1,1,3,Scrum,365.96,1169377.72
34,14,980821.08,5,5,4,3,3,28847.6788,12,3,1,3,Agile,646.39,1110585.9
53,1,42469.65,2,5,1,1,2,801.3142,1,1,1,1,RAD,38.37,65520.51
47,18,966008.51,5,1,2,2,4,20553.3726,4,1,1,3,Waterfall,981.86,1228949.31
17,32,457869.0,2,4,3,1,1,26933.4706,3,3,0,1,Agile,323.41,591765.81
58,36,865581.46,3,3,1,3,3,14923.8183,3,5,1,2,SAFe,2031.06,1004334.91
76,34,666651.79,4,3,3,1,2,8771.7341,3,2,0,1,SAFe,2372.52,852177.69
25,36,822440.42,5,2,2,1,3,32897.6168,2,4,1,1,Waterfall,760.5,9506250.0
31,45,115266.35,5,5,2,3,3,3718.2694,6,1,0,3,Spiral,2137.07,131545.84
73,3,418161.61,4,5,5,1,3,5728.2412,5,2,0,2,SAFe,278.74,523698.32
52,34,356654.1,2,2,3,2,3,6858.7327,6,2,1,2,SAFe,2205.66,475101.79
14,28,796972.57,3,2,5,3,4,56926.6121,15,3,1,3,Spiral,578.88,1118706.39
59,10,1254004.34,1,2,3,3,2,21254.3108,9,3,1,3,SAFe,724.73,1424699.5
75,27,118264.76,1,2,1,2,4,1576.8635,2,1,1,1,SAFe,2006.25,131401.64
35,33,986230.94,3,2,5,1,1,28178.0269,5,5,1,2,Iterative,890.21,1252149.8
4,27,97552.83,5,5,3,3,4,24388.2075,9,1,1,3,Spiral,167.82,133923.62
26,9,781100.71,1,3,4,2,4,30042.335,8,5,1,1,Scrum,159.77,856249.04
62,35,699920.54,5,4,4,2,1,11289.041,8,2,1,3,V-Model,2658.37,874799.24
40,18,680551.84,2,4,4,2,2,17013.796,8,3,0,3,SAFe,796.95,13448531.25
42,19,380715.19,5,1,2,1,4,9064.6474,2,1,1,2,Waterfall,805.37,419881.24
67,36,1440449.76,2,4,2,1,2,21499.2501,2,2,0,2,Agile,435.08,1646594.79
48,46,655940.09,1,5,1,3,4,13665.4185,3,5,0,1,Scrum,1412.8,804861.5
26,4,681219.93,1,3,5,1,2,26200.7665,5,3,1,3,Iterative,96.37,867472.38
56,27,265432.74,3,4,2,2,4,4739.8704,4,4,1,3,SAFe,1185.94,303354.88
73,43,41619.39,2,4,5,2,2,570.1286,10,5,0,3,Scrum,2773.92,55307.71
80,37,785470.28,5,2,3,1,4,9818.3785,3,4,0,1,SAFe,2090.81,966748.99
69,45,1404309.98,1,3,3,3,2,20352.3186,9,5,1,1,Iterative,1917.03,1535539.46
7,42,550242.11,3,5,3,1,4,78606.0157,3,5,1,1,Waterfall,162.94,618891.34
60,28,1151793.83,1,3,4,3,2,19196.5638,12,4,0,2,Spiral,1428.11,1338946.85
5,15,814040.56,2,3,1,1,2,162808.112,1,4,1,3,Scrum,48.79,358975.53
51,1,1060230.86,2,5,2,2,3,20788.8404,4,5,0,1,RAD,39.66,304344.41
79,37,577828.49,2,4,5,3,3,7314.2847,15,5,0,2,Spiral,3182.27,639794.11
46,7,1445488.02,1,2,2,1,1,31423.6526,2,2,1,2,Iterative,302.76,1713385.25
4,38,199636.18,4,2,2,2,3,49909.045,4,1,0,2,Waterfall,171.83,245538.93
50,27,426564.84,4,4,2,3,3,8531.2968,6,5,0,1,Spiral,1117.36,505562.22
74,43,1051370.04,1,2,5,3,3,14207.7032,15,4,0,1,Spiral,92.97,244532.42
79,25,1271725.89,1,3,5,3,3,16097.7961,15,1,0,1,Spiral,2997.29,1515747.64
46,44,163794.39,4,3,2,3,4,3560.7476,6,3,0,3,Spiral,2552.29,188441.89
4,4,30661.83,5,3,1,1,1,7665.4575,1,4,0,1,Kanban,7.74,32895.0
80,43,1283389.96,5,1,3,1,3,16042.3745,3,5,1,2,V-Model,2540.58,1539129.53
34,39,1190064.94,5,1,3,2,4,35001.91,6,3,0,1,Agile,1536.74,1239794.89
34,8,1135527.31,5,1,1,3,1,33397.8621,3,4,0,3,Agile,239.16,1509293.74
61,17,470639.94,5,3,5,1,2,7715.4089,5,2,1,1,V-Model,1162.77,557569.41
25,13,626152.5,4,1,5,3,4,25046.1,15,4,1,1,Spiral,275.07,856102.28
76,40,650921.75,3,3,1,1,1,8564.7599,1,5,1,3,SAFe,1861.96,755051.7
61,43,1191979.59,4,2,1,1,4,19540.649,1,2,0,1,Waterfall,1967.68,1485056.82
37,42,1001752.56,4,4,5,1,1,27074.3935,5,5,0,3,Waterfall,1077.37,1075824.34
44,22,1042619.22,5,3,1,2,1,23695.8914,2,5,1,1,Agile,476.7,1198068.18
67,5,1063432.07,2,1,4,3,1,15872.1204,12,4,1,3,Spiral,363.81,1147788.57
18,48,952227.07,2,3,5,2,3,52901.5039,10,1,0,1,Agile,1055.0,1023567.42
9,12,235159.87,2,1,2,1,2,26128.8744,2,5,0,3,Agile,74.87,304889.59
20,27,1267112.42,1,2,4,2,3,63355.621,8,2,0,2,Iterative,835.98,1565057.62
16,27,1152834.9,5,5,2,1,4,72052.1812,2,4,0,3,Waterfall,358.07,1263870.57
68,29,1279727.43,2,5,3,3,2,18819.521,9,4,0,2,Spiral,1981.41,1511487.85
67,7,199693.45,3,5,1,2,4,2980.4993,2,3,0,2,SAFe,470.83,258229.99
64,26,350418.23,2,2,3,3,2,5475.2848,9,3,0,3,Spiral,1926.42,508368.55
78,43,866429.79,3,4,3,2,3,11108.0742,6,5,1,3,Spiral,3370.86,1108934.12
74,9,1416909.07,5,2,1,3,2,19147.4199,3,3,1,1,SAFe,639.44,1887848.46
40,29,1250447.15,4,4,1,2,2,31261.1788,2,2,0,2,Agile,862.1,1310816.92
39,27,1233617.03,4,1,2,1,2,31631.2059,2,1,0,2,Waterfall,905.32,1416152.27
62,43,1453416.9,2,3,5,2,2,23442.2081,10,5,0,1,Scrum,1846.04,1865931.17
3,6,135871.09,5,4,3,1,1,45290.3633,3,3,1,3,Kanban,15.06,121358.59
19,27,633738.72,3,3,2,3,1,33354.6695,6,4,0,2,Agile,342.04,708185.07
20,19,398792.57,5,4,5,2,1,19939.6285,10,4,0,3,Scrum,304.1,435938.59
40,48,908217.87,5,3,5,1,3,22705.4468,5,3,1,1,Waterfall,1537.54,24024062.5
80,46,454515.47,1,1,1,2,2,5681.4434,2,3,1,3,SAFe,3621.32,472826.69
37,7,1398162.68,1,3,2,2,4,37788.1805,4,5,0,1,Iterative,164.78,1651036.46
17,6,23559.4,1,4,2,2,2,1385.8471,4,1,0,2,Scrum,82.54,30383.7
22,44,1353594.47,5,2,3,2,3,61527.0214,6,5,1,1,V-Model,904.45,1839532.5
47,17,224005.9,4,3,4,2,4,4766.083,8,2,0,1,Agile,924.23,265252.34
31,47,102948.24,2,5,2,1,1,3320.911,2,1,1,1,Scrum,919.21,109828.48
46,2,1399135.12,1,5,5,1,3,30415.9809,5,4,1,3,RAD,114.78,1941117.15
68,46,320767.17,1,2,5,1,2,4717.1643,5,5,0,2,Agile,2144.83,313487.42
68,2,409683.22,5,2,4,3,1,6024.7532,12,3,0,1,Spiral,119.52,476943.1
56,6,1536740.66,1,4,1,3,1,27441.7975,3,3,1,3,SAFe,309.11,1683037.71
32,6,649480.84,4,1,3,3,3,20296.2762,9,2,1,3,Agile,303.73,869860.54
8,8,20175.24,3,2,5,2,2,2521.905,10,2,1,3,V-Model,77.75,24690.77
8,4,919827.6,1,2,1,1,1,114978.45,1,5,0,1,RAD,13.58,70645.53
61,47,188957.74,2,5,4,1,3,3097.6679,4,5,0,1,Scrum,1780.76,225982.86
64,23,1161820.55,3,1,1,3,4,18153.4461,3,1,1,1,Agile,1720.07,1528727.69
47,8,1407247.59,5,1,1,2,4,29941.4381,2,2,0,1,Waterfall,451.79,1556135.86
15,16,630688.0,4,3,2,3,3,42045.8667,6,2,1,3,Agile,325.85,810111.37
9,29,188495.42,1,2,2,3,4,20943.9356,6,3,0,1,Iterative,230.42,215768.3
61,45,760442.63,1,4,5,1,4,12466.2726,5,3,1,1,Scrum,2946.12,860331.01
39,39,1158369.32,2,5,3,3,1,29701.7774,9,2,1,1,Spiral,1563.36,1534385.58
46,8,530626.76,1,1,5,3,1,11535.3643,15,1,1,1,Spiral,476.59,676006.88
31,22,1113501.3,4,1,5,2,3,35919.3968,10,5,0,3,Waterfall,913.36,1321897.01
12,44,1075256.8,1,2,4,2,2,89604.7333,8,1,1,1,Iterative,576.75,1240822.23
29,26,1192199.09,2,5,1,1,4,41110.3134,1,2,1,1,Scrum,618.81,1168230.13
7,21,869726.02,4,2,1,1,4,124246.5743,1,5,1,1,Waterfall,80.39,817947.27
50,11,579922.54,1,4,4,2,4,11598.4508,8,5,0,1,Agile,442.35,684077.29
40,31,1382291.96,4,1,3,3,2,34557.299,9,5,0,1,Agile,968.31,1640060.41
16,19,845199.31,3,2,4,3,1,52824.9569,12,4,0,1,Spiral,211.25,921503.47
14,29,154116.45,3,2,1,2,3,11008.3179,2,2,0,1,Agile,359.88,188770.03
20,26,287491.38,3,5,1,3,4,14374.569,3,5,1,2,Scrum,461.27,331174.96
28,46,229793.44,5,1,3,2,2,8206.9086,6,3,1,2,Waterfall,1196.93,279052.53
2,27,1352223.92,1,5,3,1,3,676111.96,3,4,0,3,XP,39.9,438941.0
65,12,698605.51,1,4,2,2,3,10747.7771,4,4,0,2,SAFe,679.66,831586.8
23,29,299022.83,4,2,5,2,4,13000.9926,10,3,0,3,Agile,801.5,352394.02
2,40,60987.83,1,4,5,2,3,30493.915,10,2,1,1,Spiral,91.77,66417.88
32,9,581630.37,3,3,1,3,4,18175.9491,3,1,1,3,Scrum,410.61,689894.91
57,30,936449.66,5,3,5,3,3,16428.9414,15,5,1,2,Spiral,1631.74,1084246.83
47,20,1091904.24,1,5,1,3,3,23232.0051,3,3,1,1,Scrum,787.23,1500735.39
13,13,23045.72,4,4,4,3,3,1772.7477,12,4,0,2,Spiral,188.48,27920.32
34,34,976466.04,3,4,5,1,3,28719.5894,5,2,0,1,Iterative,1269.44,1140264.72
59,30,755860.86,2,4,5,3,4,12811.201,15,5,0,1,Spiral,1612.3,937466.61
43,31,306480.11,3,5,5,1,4,7127.4444,5,2,1,3,V-Model,1746.79,381209.96
35,19,272547.66,1,4,3,2,2,7787.076,6,2,1,3,Scrum,860.65,308873.7
19,5,1184732.83,4,5,4,1,2,62354.3595,4,5,1,2,Scrum,62.4,1220319.5
63,21,478541.65,5,2,2,1,4,7595.8992,2,4,1,3,SAFe,1142.03,536842.89
29,47,1046748.16,4,5,4,3,4,36094.7641,12,1,0,3,Spiral,2472.88,1040942.92
55,10,541897.9,4,1,3,2,4,9852.6891,6,1,1,3,V-Model,800.09,760530.84
59,15,399005.95,1,4,1,1,3,6762.8127,1,1,0,3,SAFe,1005.39,436288.78
73,16,15876.84,4,2,5,1,4,217.491,5,1,0,1,SAFe,1485.85,17492.49
54,14,1383038.26,2,4,2,3,3,25611.8196,6,2,1,1,Scrum,1015.37,1558744.16
32,41,950738.67,1,1,4,1,2,29710.5834,4,3,0,3,Iterative,1196.13,993577.99
13,22,635297.55,3,4,2,2,2,48869.0423,4,5,1,2,Agile,190.39,815486.29
24,3,285495.31,1,4,1,3,2,11895.6379,3,2,0,1,Scrum,66.59,357801.89
56,9,814832.74,1,3,5,2,4,14550.5846,10,4,1,2,Spiral,569.87,976244.98
50,60,1259443.74,5,2,4,1,3,25188.8748,4,5,1,1,Waterfall,2047.5,31992187.5
75,8,1476942.75,3,3,2,1,3,19692.57,2,5,0,3,SAFe,567.83,1809869.57
61,48,1440792.54,3,3,4,3,4,23619.5498,12,4,0,3,Spiral,3907.39,1951935.69
73,3,220455.68,3,3,4,2,2,3019.9408,8,1,1,2,V-Model,284.14,231700.85
30,24,1192070.82,1,5,5,3,4,39735.694,15,1,1,3,Spiral,1114.3,1491824.66
77,16,175745.03,4,5,5,1,1,2282.403,5,5,0,1,SAFe,738.67,211934.33
12,23,1081990.5,5,5,3,2,3,90165.875,6,3,1,1,V-Model,319.76,1294431.23
30,7,979575.98,3,5,3,1,1,32652.5327,3,2,0,3,Waterfall,172.27,1187230.36
14,47,863084.37,2,5,5,3,4,61648.8836,15,4,1,3,Spiral,727.84,1013613.67
19,34,411270.85,3,2,5,2,4,21645.8342,10,2,0,2,Agile,864.5,486326.57
12,15,786287.65,5,3,1,1,1,65523.9708,1,4,0,2,Waterfall,111.57,496916.26
12,40,267275.65,4,1,5,2,1,22272.9708,10,1,1,3,V-Model,587.13,313488.92
42,48,1066591.63,2,2,3,2,4,25395.0388,6,1,1,1,Iterative,2126.86,1361611.72
46,7,319630.81,4,5,2,3,3,6948.4959,6,4,1,3,Scrum,314.69,393098.35
32,20,1238306.13,5,1,1,2,4,38697.0666,2,4,1,2,Agile,374.26,1339335.99
72,3,719986.36,3,1,2,1,2,9999.8106,2,3,1,3,SAFe,189.55,794794.94
46,36,110998.01,2,5,2,2,3,2413.0002,4,4,0,1,Scrum,1141.29,122323.58
8,30,66811.74,3,1,3,3,2,8351.4675,9,4,0,1,V-Model,185.9,75959.29
43,39,1244859.9,5,4,2,3,4,28950.2302,6,3,0,3,Scrum,2292.44,1450586.54
57,45,1097229.38,3,3,4,1,4,19249.6382,4,4,1,2,SAFe,2299.87,1353098.18
11,14,524710.7,1,2,1,2,3,47700.9727,2,1,1,2,Iterative,172.67,600353.96
33,24,775250.11,1,1,1,2,3,23492.4276,2,5,0,3,Iterative,611.95,921873.95
8,20,1181654.22,5,4,5,2,4,147706.7775,10,2,1,1,V-Model,192.23,1204923.39
49,48,522372.46,2,1,4,2,3,10660.6624,8,2,0,3,Iterative,3378.03,694390.75
8,41,129021.59,5,2,1,2,2,16127.6988,2,5,1,1,Waterfall,171.07,175783.74
38,47,408343.58,4,5,5,3,1,10745.8837,15,5,0,3,Spiral,1984.32,437993.42
34,34,141543.34,2,5,1,1,1,4163.0394,1,4,0,2,Scrum,599.73,167489.48
29,28,257932.92,5,5,5,1,2,8894.2386,5,2,0,2,Waterfall,797.21,284519.15
47,16,27623.84,4,2,1,3,3,587.7413,3,2,0,1,Agile,770.77,33624.28
6,12,1392527.0,5,5,5,2,1,232087.8333,10,4,1,2,V-Model,48.44,1026259.97
71,47,1223869.16,2,4,2,1,2,17237.5938,2,5,1,2,SAFe,1691.08,1201831.83
25,28,257499.66,2,1,4,1,2,10299.9864,4,1,0,2,Agile,670.61,339365.2
49,20,319379.9,2,3,5,1,4,6517.9571,5,2,1,2,Iterative,1235.54,367437.03
41,17,477751.46,5,3,2,2,2,11652.4746,4,3,1,1,V-Model,562.7,525514.55
60,12,62530.84,5,1,2,2,2,1042.1807,4,1,1,1,Waterfall,610.33,72577.41
13,47,878205.59,4,2,2,3,1,67554.2762,6,2,0,2,Spiral,769.35,964860.6
61,33,1024172.04,1,3,3,1,3,16789.7056,3,3,1,2,SAFe,2152.01,1239532.36
29,25,1435958.91,5,3,5,2,3,49515.8245,10,4,1,1,V-Model,532.58,1774103.69
34,38,17637.47,2,3,3,1,1,518.7491,3,5,0,2,Agile,596.42,22008.06
14,45,619293.77,4,2,2,1,4,44235.2693,2,2,1,1,Agile,483.91,665053.64
29,34,513102.51,5,4,3,2,4,17693.19,6,3,1,1,V-Model,776.31,660911.82
76,24,38913.89,2,5,4,1,4,512.0249,4,5,1,2,SAFe,1328.69,50044.48
50,33,391588.07,4,2,3,3,4,7831.7614,9,2,1,2,SAFe,2229.81,453915.58
34,20,325390.33,1,5,2,3,4,9570.3038,6,1,0,2,Spiral,1041.61,419459.02
62,2,19597.84,3,2,5,1,3,316.0942,5,2,0,1,RAD,158.05,25037.67
21,34,722811.65,1,5,2,3,4,34419.6024,6,5,1,2,Scrum,509.39,887543.64
17,12,770852.08,5,4,1,3,4,45344.24,3,1,0,2,Agile,232.93,919555.12
56,33,478885.89,5,2,2,3,4,8551.5338,6,3,0,3,SAFe,2031.69,617133.95
26,14,521514.06,3,4,2,3,3,20058.2331,6,1,1,2,Scrum,530.8,700207.52
12,28,384562.47,4,4,1,1,3,32046.8725,1,5,1,3,Waterfall,228.31,496181.4
38,11,100084.61,5,1,2,2,3,2633.8055,4,4,1,1,Agile,375.94,118400.82
80,37,1493539.52,4,5,3,1,3,18669.244,3,3,0,3,SAFe,3066.56,1688065.79
11,9,973410.55,1,2,4,3,2,88491.8682,12,2,0,3,Spiral,114.91,1076535.92
75,43,370967.76,5,2,4,1,2,4946.2368,4,2,0,2,SAFe,2318.68,452644.54
13,8,181190.6,3,4,1,1,3,13937.7385,1,2,1,2,Scrum,105.9,213100.06
78,26,1263493.7,1,1,2,3,1,16198.6372,6,2,1,2,Spiral,2464.39,1637140.32
76,22,1321599.06,5,5,1,3,2,17389.4613,3,5,1,1,SAFe,992.19,1761125.21
66,33,435377.65,5,4,1,3,2,6596.6311,3,1,0,2,SAFe,2370.52,401917.0
52,35,1260036.34,3,3,1,3,4,24231.4681,3,4,0,2,SAFe,1750.31,1383993.36
47,14,293651.36,5,5,3,1,1,6247.9013,3,1,0,3,Waterfall,579.39,343822.44
16,16,904132.62,5,4,1,3,4,56508.2888,3,5,1,3,Scrum,204.57,1357922.75
71,48,301357.06,4,5,4,3,4,4244.4656,12,4,0,2,Spiral,2926.53,357633.53
49,44,644623.01,4,1,3,3,2,13155.5716,9,4,0,2,Agile,1687.37,845802.94
10,12,155008.02,3,5,4,2,1,15500.802,8,5,0,1,Scrum,78.94,947280.0
2,14,1186115.71,5,3,4,2,3,593057.855,8,2,1,2,V-Model,32.02,568216.72
3,17,142257.07,4,5,2,1,4,47419.0233,2,1,0,3,Waterfall,62.93,153720.56
73,36,907809.19,1,1,4,3,1,12435.7423,12,2,0,3,Spiral,3108.63,981812.12
5,37,587252.57,3,3,3,1,2,117450.514,3,4,1,3,Scrum,141.95,631235.53
78,48,1447241.89,4,3,3,1,1,18554.3832,3,2,1,3,V-Model,4348.59,1895887.34
8,38,112934.11,4,5,3,1,1,14116.7638,3,5,1,2,Scrum,149.36,148282.51
36,37,221818.01,3,5,1,2,3,6161.6114,2,1,0,2,Scrum,1596.15,285700.48
24,31,375950.22,2,5,3,1,4,15664.5925,3,1,1,1,Scrum,655.23,425904.97
71,8,1472368.45,4,5,4,1,1,20737.5838,4,5,0,1,SAFe,293.44,1724334.01
22,36,1183934.99,2,2,2,2,3,53815.2268,4,5,1,1,Iterative,472.4,1493291.1
16,13,562841.9,3,5,2,1,4,35177.6188,2,2,0,2,Scrum,195.47,601299.33
60,44,691349.59,1,1,1,1,2,11522.4932,1,1,1,1,Iterative,1840.24,850871.77
19,48,1107725.66,4,4,4,1,2,58301.3505,4,1,0,1,Scrum,864.25,1053969.72
4,3,425818.42,3,1,3,2,1,106454.605,6,4,0,3,Kanban,9.56,56097.09
66,25,1445556.51,3,5,5,1,3,21902.3714,5,4,0,1,Scrum,1497.57,1494135.58
16,3,199784.09,3,4,2,1,1,12486.5056,2,3,0,3,RAD,43.64,262121.72
32,36,477083.49,3,3,5,2,3,14908.8591,10,2,1,1,Spiral,1316.23,600415.65
67,8,837540.43,1,4,4,3,1,12500.6034,12,2,1,1,Scrum,535.46,1156822.69
21,22,1245417.5,1,3,4,2,2,59305.5952,8,3,1,1,Spiral,339.47,1468855.45
67,3,955598.65,4,3,5,2,4,14262.6664,10,3,1,2,Spiral,267.95,1007259.52
43,14,1357708.89,2,1,4,2,1,31574.6253,8,5,1,1,Agile,397.79,1695967.66
10,35,854035.94,3,1,3,1,4,85403.594,3,3,0,2,Agile,280.67,924927.19
16,31,665628.32,3,3,3,1,4,41601.77,3,5,1,3,Iterative,371.62,861731.22
77,47,444527.52,1,5,5,2,4,5773.0847,10,4,1,2,Spiral,3753.29,421225.41
36,29,511640.28,2,2,5,3,3,14212.23,15,3,1,1,Spiral,1043.12,608454.64
76,38,1206907.48,5,3,4,1,2,15880.3616,4,4,1,3,V-Model,2459.49,1452532.35
3,45,627898.15,1,5,3,1,2,209299.3833,3,2,0,1,Scrum,104.13,800576.43
79,7,767820.09,3,4,2,2,1,9719.2416,4,2,1,2,SAFe,411.4,1062972.83
9,14,1151020.6,4,3,3,3,4,127891.1778,9,3,1,3,Scrum,145.85,1352208.8
38,18,1049287.15,5,5,5,3,3,27612.8197,15,1,1,2,Spiral,1209.23,1132175.75
43,42,1543997.27,1,4,5,2,2,35906.9133,10,2,0,1,Scrum,2286.86,1820806.87
53,28,684548.62,4,1,5,1,4,12916.0117,5,3,0,1,Agile,1530.7,669330.69
21,38,26380.8,3,3,2,2,4,1256.2286,4,4,1,1,Agile,588.79,32999.97
62,34,1141696.07,3,4,5,1,3,18414.4527,5,3,1,1,Agile,1736.9,1259686.72
53,1,758364.86,1,2,5,3,3,14308.7709,15,3,1,2,Spiral,72.59,850381.86
55,5,668292.21,1,5,3,1,4,12150.7675,3,4,0,2,SAFe,240.35,935202.73
7,12,203483.17,5,5,4,2,4,29069.0243,8,4,1,3,V-Model,105.9,196244.03
61,28,1055858.94,4,1,2,3,2,17309.163,6,2,0,1,Spiral,2168.69,1297164.34
53,30,826417.36,2,3,4,1,4,15592.7804,4,5,0,3,SAFe,1325.5,945979.5
31,36,1291822.07,2,2,2,3,2,41671.6797,6,1,0,3,Iterative,1319.96,1824232.12
53,44,447826.28,5,2,3,1,2,8449.5525,3,4,0,2,SAFe,1919.26,495009.06
58,38,343283.9,2,5,4,3,1,5918.6879,12,3,1,2,Spiral,1822.17,514321.61
33,45,1413901.03,3,1,1,2,1,42845.4858,2,2,0,2,Scrum,1396.07,1615731.14
55,17,227556.94,3,2,1,2,1,4137.3989,2,1,0,2,SAFe,850.77,241291.33
59,42,83687.86,2,2,2,2,2,1418.4383,4,5,0,2,SAFe,1463.71,97533.17
56,19,142245.3,4,3,4,3,4,2540.0946,12,3,1,3,Spiral,1320.07,185158.65
42,31,179097.44,5,5,3,1,1,4264.2248,3,4,0,2,Waterfall,1046.77,211812.02
34,25,647273.78,4,5,3,2,1,19037.4641,6,3,1,2,Scrum,775.69,798666.67
44,5,491829.13,3,4,5,2,4,11177.9348,10,2,1,1,Spiral,266.82,568422.03
57,1,976569.15,5,2,4,3,1,17132.7921,12,5,1,2,Spiral,46.83,1244404.47
52,23,614372.81,5,3,4,1,3,11814.8617,4,1,1,1,V-Model,1384.77,685627.67
50,7,1367203.34,4,1,5,1,3,27344.0668,5,5,1,3,V-Model,323.04,1649709.28
6,25,146251.77,5,1,4,1,2,24375.295,4,2,1,2,V-Model,169.79,191243.39
7,9,1241609.33,5,4,4,3,4,177372.7614,12,1,1,3,Spiral,120.21,1479096.06
52,2,263731.54,3,4,3,2,2,5071.7604,6,4,0,2,SAFe,86.63,319216.51
78,27,1356563.63,2,4,2,1,4,17391.8414,2,2,0,3,SAFe,2356.16,1678814.39
40,48,994132.97,5,1,5,1,3,24853.3242,5,3,1,1,Waterfall,1537.54,24024062.5
8,44,933416.51,3,2,3,2,3,116677.0638,6,3,0,3,Scrum,364.08,1090492.13
78,23,802882.45,2,4,5,1,3,10293.3647,5,1,1,2,SAFe,2139.88,954503.41
75,15,18422.8,1,5,5,2,4,245.6373,10,3,1,1,Spiral,1062.23,21726.74
16,40,113896.85,4,3,2,1,1,7118.5531,2,5,0,1,Agile,319.75,135120.68
80,42,989661.94,3,4,1,2,2,12370.7742,2,1,0,2,SAFe,3228.02,1357779.77
69,9,500000.98,5,5,4,2,2,7246.391,8,1,1,3,V-Model,697.76,564072.82
77,29,191831.57,2,5,4,1,4,2491.3191,4,3,0,2,SAFe,2010.34,236593.26
34,38,27471.33,2,3,4,1,2,807.9803,4,4,1,1,Agile,889.38,29614.29
68,10,719904.55,5,2,4,2,1,10586.8316,8,4,1,3,V-Model,627.84,827772.16
69,24,139785.19,5,2,5,1,2,2025.8723,5,4,0,1,Waterfall,1035.33,184897.17
58,21,1224142.98,2,5,5,1,4,21105.9134,5,2,1,3,SAFe,1660.84,1674824.69
33,25,1143117.94,2,3,4,3,2,34639.9376,12,4,1,2,Spiral,877.89,1578309.85
74,19,26865.94,1,5,5,3,1,363.0532,15,5,0,1,Spiral,1027.8,32530.99
54,28,950169.94,1,2,4,3,4,17595.7396,12,1,0,2,Spiral,2270.13,1108959.03
70,40,330884.59,3,5,4,1,3,4726.9227,4,2,1,1,SAFe,3259.89,404908.88
32,31,1034272.61,1,3,2,1,1,32321.0191,2,1,0,2,Iterative,671.23,1103355.94
13,45,1447415.72,2,3,5,1,2,111339.6708,5,2,1,1,Scrum,510.78,1669908.94
10,8,561603.96,2,3,3,2,1,56160.396,6,5,0,2,Iterative,51.53,543834.42
21,37,623068.99,1,3,4,2,4,29669.9519,8,5,0,2,Iterative,690.0,724887.41
74,38,1529589.78,2,2,5,2,4,20670.1322,10,2,0,2,SAFe,3241.62,1725682.55
41,34,1119081.96,3,4,4,3,1,27294.682,12,2,1,2,Spiral,1681.82,1266316.34
52,30,127767.82,4,2,4,1,1,2457.0735,4,5,1,2,V-Model,948.77,133023.9
50,6,1136946.77,3,4,4,1,3,22738.9354,4,3,1,3,SAFe,390.88,1388496.89
76,31,317412.44,4,4,3,2,1,4176.4795,6,5,0,3,SAFe,1792.85,383803.71
67,18,1175708.19,2,3,2,3,2,17547.8834,6,1,1,2,Spiral,1752.03,1373798.39
12,12,1257195.86,4,2,5,1,2,104766.3217,5,2,0,2,Agile,153.13,1456446.39
59,36,1483414.57,1,3,5,1,3,25142.6198,5,4,0,2,SAFe,1692.83,1755280.77
59,7,55358.95,5,4,1,1,3,938.2873,1,1,0,1,Waterfall,414.16,70408.87
27,24,399711.93,1,3,5,3,2,14804.1456,15,3,0,2,Spiral,898.97,447603.97
75,33,141747.57,5,2,1,1,1,1889.9676,1,1,0,3,SAFe,2215.35,180306.78
71,12,1066265.37,1,1,4,1,2,15017.8221,4,4,0,2,SAFe,697.8,1126905.17
64,45,364350.66,1,5,4,3,1,5692.9791,12,5,1,1,Spiral,2086.69,434571.46
36,8,72954.22,3,1,3,3,1,2026.5061,9,2,1,1,Spiral,263.08,100153.95
12,19,728793.33,5,5,4,3,2,60732.7775,12,1,1,2,V-Model,298.48,851002.41
2,2,1121809.79,4,5,1,3,2,560904.895,3,5,0,2,Kanban,2.55,10272.9
10,4,88392.27,4,4,4,1,2,8839.227,4,4,0,2,RAD,28.19,295995.0
68,22,415592.25,1,2,3,1,2,6111.6507,3,1,0,1,Iterative,1512.21,498594.15
66,5,1258092.98,3,1,1,2,3,19062.0148,2,2,0,1,Agile,423.89,1621830.64
40,13,814257.96,2,4,1,1,4,20356.449,1,3,1,3,Scrum,444.15,1027311.18
25,11,978926.82,5,3,2,3,4,39157.0728,6,5,1,3,Scrum,282.85,1078345.6
78,47,1069490.97,1,3,3,2,1,13711.4227,6,1,0,2,SAFe,3216.21,1308900.63
79,46,109461.01,4,5,3,2,1,1385.5824,6,3,0,2,SAFe,3943.39,133284.69
76,28,839952.44,1,1,5,3,3,11052.0058,15,3,1,2,Spiral,3247.55,992755.27
34,9,696783.15,1,4,2,3,4,20493.6221,6,4,1,1,Agile,221.95,926868.82
64,2,1395145.51,1,4,3,1,2,21799.1486,3,3,0,1,RAD,90.55,944140.64
80,26,1252082.62,1,4,3,1,1,15651.0328,3,3,0,2,SAFe,1774.49,1419385.67
79,42,934181.43,1,4,2,2,2,11825.0814,4,1,1,1,SAFe,3618.71,1235678.69
24,8,1223832.65,1,4,1,2,3,50993.0271,2,4,0,1,Iterative,163.01,833145.45
25,41,822212.46,1,4,3,1,2,32888.4984,3,1,1,2,Iterative,993.66,1073639.41
28,14,1049616.05,1,1,3,2,4,37486.2875,6,5,0,2,Iterative,285.17,1379301.52
57,40,1474000.5,5,3,3,2,2,25859.6579,6,4,1,3,V-Model,938.21,411195.34
36,5,520035.06,3,3,5,3,2,14445.4183,15,4,0,3,Spiral,179.1,658873.22
7,10,58100.55,1,3,4,1,4,8300.0786,4,2,1,3,Scrum,82.27,78076.51
51,4,1347712.64,2,4,1,3,4,26425.738,3,1,1,1,Scrum,200.85,1406462.47
76,2,620666.01,1,2,5,2,1,8166.658,10,4,1,3,Spiral,155.67,694590.45
40,4,29822.15,4,1,4,3,1,745.5538,12,1,0,3,Spiral,208.34,36812.57
78,24,319832.0,5,4,2,1,3,4100.4103,2,3,1,2,SAFe,1497.43,442698.73
3,4,163021.24,4,4,5,1,4,54340.4133,5,2,1,3,V-Model,14.04,188916.06
76,1,796415.85,5,2,3,3,1,10479.1559,9,2,1,2,Spiral,94.74,952408.63
68,3,390607.78,2,1,1,1,3,5744.2321,1,2,1,1,Iterative,164.7,463412.39
3,48,179026.41,2,2,2,1,4,59675.47,2,4,0,1,Iterative,82.34,209195.33
62,31,801460.48,4,2,1,2,3,12926.7819,2,1,1,3,SAFe,2266.03,1091927.12
52,11,154332.83,4,5,4,1,1,2967.939,4,5,1,2,V-Model,347.07,180925.66
19,39,854145.64,5,2,5,2,1,44955.0337,10,4,0,3,Agile,800.54,994749.29
60,37,1106651.57,2,2,1,2,2,18444.1928,2,3,0,1,Agile,1394.79,1359639.17
3,25,703708.98,4,4,2,2,1,234569.66,4,4,0,3,Agile,43.67,310206.87
32,16,39496.4,4,4,3,2,4,1234.2625,6,3,0,2,Scrum,483.2,54282.28
47,47,950410.75,5,3,4,1,4,20221.5053,4,4,1,2,V-Model,1786.26,1272437.96
48,10,1094969.96,1,4,2,1,1,22811.8742,2,5,0,1,Agile,242.22,1323181.5
40,2,531454.61,3,1,1,1,3,13286.3652,1,3,0,2,Waterfall,56.5,288009.59
53,36,956351.55,3,3,3,2,1,18044.3689,6,4,0,2,SAFe,1460.49,1145280.08
66,30,424742.34,1,4,4,1,1,6435.49,4,2,0,3,SAFe,1703.69,547408.86
29,1,956141.46,5,2,1,3,1,32970.3952,3,1,0,3,Agile,33.68,187279.45
58,34,167699.23,3,2,5,2,3,2891.366,10,3,1,2,Spiral,2435.03,206020.29
56,35,803705.09,1,4,5,1,1,14351.8766,5,5,1,2,SAFe,1305.34,1009410.56
25,14,1105612.25,2,1,4,3,1,44224.49,12,1,1,1,Iterative,397.59,1293557.77
51,1,1296006.71,5,1,4,2,1,25411.8963,8,3,0,2,SAFe,44.96,1008725.4
36,32,631501.11,1,1,4,2,2,17541.6975,8,3,0,2,Iterative,1239.57,778219.97
7,3,67656.04,2,5,3,1,1,9665.1486,3,3,0,1,RAD,11.09,87333.75
12,38,446767.05,3,3,5,3,4,37230.5875,15,1,1,2,Spiral,766.95,545657.57
17,44,1462031.6,1,4,3,1,1,86001.8588,3,5,0,2,Agile,372.8,1661499.72
80,9,51172.92,4,4,3,2,2,639.6615,6,3,0,1,SAFe,573.61,58227.11
41,3,466180.69,4,5,2,2,4,11370.2607,4,1,0,2,RAD,147.97,579791.79
33,4,270031.18,4,4,5,2,4,8182.763,10,3,1,1,V-Model,121.74,292792.02
42,19,1464972.78,1,1,5,1,2,34880.3043,5,5,0,1,Iterative,475.74,1624466.14
45,46,939936.84,1,4,1,2,3,20887.4853,2,5,1,3,Scrum,1637.73,865791.58
76,39,1359324.88,1,4,2,2,4,17885.8537,4,3,1,3,SAFe,2789.58,1573469.86
19,20,350464.71,4,5,2,3,2,18445.5111,6,3,1,2,Spiral,378.91,407268.43
51,14,373226.74,5,1,5,2,1,7318.1714,10,4,1,3,V-Model,795.06,336103.72
51,4,87157.8,1,5,1,3,3,1708.9765,3,1,0,3,SAFe,319.64,100324.52
22,4,42469.45,3,2,2,2,1,1930.4295,4,2,1,1,Iterative,60.1,53825.07
61,23,1564111.73,2,5,2,2,3,25641.1759,4,5,0,2,SAFe,1266.37,1874927.69
16,39,26282.65,4,3,5,1,1,1642.6656,5,2,0,1,Agile,546.06,31488.25
70,5,391402.27,4,1,4,2,4,5591.461,8,1,0,3,SAFe,576.56,474843.46
6,6,1134283.28,3,3,5,3,4,189047.2133,15,5,1,1,Spiral,37.09,956443.77
2,24,308040.37,1,3,4,1,2,154020.185,4,3,1,2,Iterative,37.26,377858.73
63,31,740306.16,3,2,4,1,2,11750.8914,4,1,1,1,V-Model,1957.06,828749.84
32,38,1319572.8,1,3,5,3,4,41236.65,15,1,0,2,Spiral,1938.97,1681989.02
52,31,1016476.33,5,2,2,2,3,19547.6217,4,1,1,2,SAFe,2261.27,1173855.69
32,27,1132889.7,2,5,1,1,2,35402.8031,1,5,0,3,Scrum,540.18,1344441.38
7,5,208621.85,4,3,5,3,1,29803.1214,15,4,0,1,Spiral,32.43,252623.61
13,9,1199014.35,5,4,2,3,2,92231.8731,6,2,0,3,Scrum,184.26,1348811.76
17,16,934451.07,5,4,5,3,4,54967.71,15,1,0,1,Spiral,434.23,1166390.84
60,48,781517.64,2,4,4,2,2,13025.294,8,4,0,1,Scrum,2447.02,986662.32
4,14,553616.92,3,3,5,3,1,138404.23,15,3,1,3,Spiral,71.06,709559.1
55,39,394882.11,4,3,3,2,3,7179.6747,6,3,1,3,SAFe,2501.07,510349.52
44,32,686950.5,2,2,2,3,2,15612.5114,6,2,1,2,Iterative,1824.05,802659.55
57,20,1408897.68,2,4,3,3,2,24717.5032,9,5,0,1,Spiral,839.27,1814079.99
41,32,171603.98,1,4,4,1,4,4185.4629,4,3,1,3,Scrum,1595.08,220018.74
17,8,345024.02,3,1,1,2,4,20295.5306,2,4,0,1,Agile,112.28,473438.12
17,32,1308069.82,2,1,4,1,2,76945.2835,4,5,0,2,Agile,359.98,1461855.85
52,25,824391.24,1,1,2,1,1,15853.6777,2,3,0,3,SAFe,767.96,1039450.59
5,41,877590.57,1,3,2,3,1,175518.114,6,5,0,1,Iterative,123.02,986099.45
25,20,263059.16,5,3,5,3,4,10522.3664,15,5,0,2,Spiral,469.71,316422.99
26,7,951397.04,3,3,5,2,2,36592.1938,10,5,0,1,Scrum,138.09,1014619.48
78,19,1438524.21,4,1,5,2,2,18442.6181,10,2,0,2,SAFe,1644.21,1705536.44
23,1,390450.56,4,3,2,1,4,16976.1113,2,2,0,2,RAD,18.1,146265.25
53,4,145087.15,2,1,4,3,4,2737.4934,12,3,1,1,Spiral,208.81,187044.06
31,36,420592.71,3,3,5,3,1,13567.5068,15,2,0,3,Spiral,1797.53,494506.75
27,30,263616.43,5,3,2,3,3,9763.5715,6,5,1,1,Agile,636.03,343960.88
50,15,1226439.8,3,4,1,3,4,24528.796,3,4,1,3,SAFe,601.15,1589994.01
62,36,1178248.32,5,1,4,2,4,19004.0052,8,1,0,3,SAFe,2660.22,709519.98
38,36,884599.91,4,1,4,2,1,23278.945,8,5,0,1,Agile,990.31,976530.49
7,12,97471.04,3,5,4,2,1,13924.4343,8,4,0,3,Scrum,78.49,941880.0
43,14,1047753.54,5,4,2,1,3,24366.3614,2,1,0,1,Waterfall,531.13,1022026.61
51,18,900050.25,2,3,5,3,2,17648.0441,15,3,1,1,Spiral,818.43,1244370.83
48,34,463731.83,2,2,5,2,2,9661.0798,10,4,1,3,Spiral,1543.8,655110.26
79,46,1292927.07,5,1,5,3,2,16366.1654,15,3,0,3,Spiral,4270.06,1669405.85
63,23,1052789.1,1,3,3,3,1,16710.9381,9,1,0,3,Spiral,2030.82,1215047.14
58,34,778791.31,1,3,3,2,4,13427.4364,6,2,1,1,Iterative,2202.5,955392.58
61,24,245887.28,4,1,3,1,4,4030.939,3,2,1,1,V-Model,1351.25,333784.55
18,24,1475383.26,4,4,4,1,2,81965.7367,4,1,0,2,Scrum,557.92,1780507.93
25,35,32897.7,1,1,3,3,2,1315.908,9,1,1,2,Spiral,1024.71,33900.25
23,42,950343.79,3,2,4,2,3,41319.2952,8,3,1,3,V-Model,1185.33,1199883.02
35,6,879646.24,4,2,5,1,2,25132.7497,5,5,0,3,Scrum,171.48,1138952.98
28,18,96190.66,3,2,4,2,4,3435.3807,8,4,0,2,Agile,424.08,106136.6
30,23,741199.96,5,4,3,1,4,24706.6653,3,2,0,3,Waterfall,744.96,972413.25
47,27,752609.02,2,3,2,1,3,16012.9579,2,2,0,1,Agile,1049.84,936662.22
68,7,31850.42,1,3,3,1,3,468.3885,3,2,0,3,SAFe,561.58,43818.25
28,16,757973.51,3,2,3,3,1,27070.4825,9,5,1,1,Iterative,239.06,895748.11
3,4,21106.05,2,2,2,1,1,7035.35,2,4,0,1,Kanban,6.6,28050.0
51,23,1300608.35,3,1,5,3,4,25502.1245,15,5,0,3,Spiral,1330.16,1738861.02
73,31,218634.97,5,5,2,3,2,2994.9996,6,4,0,1,SAFe,1461.89,252628.76
10,29,318942.23,4,4,1,2,4,31894.223,2,2,1,2,Scrum,235.83,377104.47
37,46,1257296.72,3,2,1,2,4,33980.9924,2,5,0,1,Agile,990.67,1608657.3
4,4,36742.62,3,4,3,3,2,9185.655,9,5,1,2,Spiral,15.77,40006.88
61,2,412698.34,1,4,5,3,3,6765.5466,15,2,1,2,Spiral,191.07,506121.86
56,28,835068.1,4,1,2,3,2,14911.9304,6,1,1,2,Spiral,1823.27,983263.43
37,31,392746.24,5,1,5,3,2,10614.7632,15,1,0,1,Spiral,1639.01,468570.31
74,39,810490.68,3,5,4,1,3,10952.5768,4,1,0,3,RAD,326.22,289019.47
60,41,943680.82,2,2,4,1,3,15728.0137,4,2,1,2,SAFe,1426.53,530022.75
30,8,543360.61,1,3,4,2,2,18112.0203,8,1,0,1,Iterative,241.94,584152.55
63,29,876015.16,2,1,2,2,4,13905.0025,4,3,1,2,SAFe,1944.8,1022596.4
25,48,513202.4,5,5,1,1,1,20528.096,1,4,1,2,Waterfall,783.05,494945.82
49,45,1330260.46,2,4,5,2,2,27148.1727,10,5,1,3,Spiral,1826.31,1745972.14
20,33,646864.18,3,2,1,1,1,32343.209,1,4,1,2,Agile,342.9,797937.6
7,46,810188.07,3,2,3,3,3,115741.1529,9,5,0,2,Agile,274.19,922459.67
67,5,1013282.35,5,4,5,2,2,15123.6172,10,5,1,3,V-Model,274.14,1251138.37
29,10,638432.75,4,2,1,3,1,22014.9224,3,3,1,1,Agile,220.79,798489.76
32,39,1465062.19,2,4,5,2,1,45783.1934,10,1,1,1,Spiral,1415.21,1587170.22
5,5,911230.96,5,5,5,1,3,182246.192,5,3,1,1,V-Model,25.53,463604.26
14,36,1365441.99,5,2,5,2,3,97531.5707,10,2,1,1,V-Model,636.65,1680457.72
53,3,385280.01,1,5,4,3,3,7269.4342,12,5,1,2,SAFe,142.76,461274.74
40,17,164028.1,4,5,1,2,1,4100.7025,2,5,0,3,Scrum,412.67,194838.37
11,35,1044911.48,3,2,2,3,3,94991.9527,6,1,1,1,Agile,510.42,1251269.84
36,10,1384313.17,4,1,2,3,3,38453.1436,6,4,1,1,Agile,275.8,1611152.99
75,32,1325240.02,1,1,1,1,1,17669.8669,1,4,0,1,Agile,1402.93,1503635.02
47,22,1147008.52,3,4,2,1,2,24404.4366,2,1,1,2,V-Model,978.71,1519536.43
65,43,163965.73,4,2,1,2,3,2522.5497,2,3,0,2,SAFe,3337.54,194257.83
14,28,1076657.71,1,2,1,3,1,76904.1221,3,2,0,1,Iterative,328.25,1214076.66
71,48,1484308.74,5,4,2,2,1,20905.7569,4,3,1,3,SAFe,2807.86,1975310.69
47,29,1231467.42,5,4,2,2,1,26201.4345,4,2,0,1,Agile,1244.48,1603930.7
80,24,687156.61,2,2,5,1,3,8589.4576,5,1,1,2,SAFe,2699.91,833483.85
12,20,155839.26,5,4,5,3,2,12986.605,15,4,0,2,Spiral,211.35,184385.91
25,22,1364567.03,2,1,1,3,2,54582.6812,3,1,0,3,Agile,661.94,1721353.22
44,41,407877.17,3,5,5,2,4,9269.9357,10,2,1,2,Spiral,2503.06,488092.31
47,45,638170.56,5,1,2,1,4,13578.097,2,5,1,3,Waterfall,1226.07,759057.0
34,16,405340.14,2,2,5,2,4,11921.7688,10,5,1,2,Spiral,425.16,533792.51
23,1,887944.82,1,3,4,2,3,38606.2965,8,2,1,3,Spiral,42.61,1022049.9
40,4,1470905.6,2,5,2,1,4,36772.64,2,1,1,3,RAD,177.61,1667107.89
68,36,565118.81,4,4,4,2,4,8310.5707,8,4,1,2,V-Model,2121.84,630304.41
44,33,989370.98,5,4,5,1,1,22485.7041,5,1,1,2,V-Model,1569.7,1148066.43
67,46,848914.31,3,4,3,1,4,12670.3628,3,2,0,2,SAFe,3132.92,914970.46
38,48,472816.0,3,1,1,3,4,12442.5263,3,3,0,2,Iterative,1788.94,608736.17
9,21,809231.34,3,5,2,3,4,89914.5933,6,1,0,3,V-Model,279.73,843584.37
69,2,852844.35,2,2,2,2,1,12360.063,4,3,1,3,SAFe,131.09,1094158.98
43,6,602094.45,1,2,2,1,4,14002.1965,2,1,0,1,Iterative,276.1,696000.23
10,4,15849.94,4,2,4,2,2,1584.994,8,4,0,1,Agile,30.17,16982.99
60,36,1093505.6,5,5,3,1,2,18225.0933,3,1,0,2,SAFe,2413.97,1316101.85
51,30,721981.95,1,5,1,1,4,14156.5088,1,3,1,3,SAFe,1246.58,995544.54
61,5,439529.15,4,4,2,1,1,7205.3959,2,2,1,1,Agile,254.61,538839.12
28,4,1420022.71,4,2,5,1,1,50715.0968,5,3,0,1,Agile,73.44,1232823.8
38,48,983019.14,5,1,4,2,1,25868.9247,8,2,0,1,Waterfall,1383.06,1050950.14
30,19,1416806.62,4,5,2,3,2,47226.8873,6,3,1,3,Scrum,691.92,1814569.99
53,45,366626.1,4,5,4,2,1,6917.4736,8,4,1,2,V-Model,2125.92,410770.76
26,38,415288.58,1,2,1,1,2,15972.6377,1,5,1,3,Scrum,622.3,498625.05
10,14,978461.17,2,5,1,2,4,97846.117,2,1,1,2,Scrum,163.11,1110082.81
28,22,403595.64,2,3,3,1,2,14414.13,3,2,0,2,Iterative,451.69,425236.96
65,34,693479.97,3,1,4,3,1,10668.9226,12,2,1,1,Spiral,2188.03,841525.71
65,10,645143.42,2,2,4,3,2,9925.2834,12,2,0,3,SAFe,1072.48,793941.68
22,5,181928.52,3,4,1,3,1,8269.4782,3,4,0,1,Scrum,83.43,245863.87
69,30,1391063.26,4,1,5,2,3,20160.3371,10,5,0,3,Scrum,2105.4,1572134.42
80,22,737814.48,3,2,5,2,4,9222.681,10,4,1,1,V-Model,1160.22,958215.87
74,19,280204.19,2,3,5,1,1,3786.5431,5,1,0,3,SAFe,1612.85,318021.68
10,34,333977.58,1,2,1,3,1,33397.758,3,1,1,2,Iterative,334.57,384587.06
28,9,875772.46,4,2,3,1,4,31277.5879,3,2,0,2,Agile,231.14,1202799.79
13,21,518785.2,5,5,4,2,4,39906.5538,8,1,1,2,V-Model,354.02,682920.25
74,36,1526592.6,4,3,1,3,4,20629.6297,3,5,0,3,SAFe,2258.13,1710640.35
6,17,683656.18,5,4,4,1,1,113942.6967,4,5,1,2,V-Model,57.74,771666.49
60,5,927493.7,1,1,4,1,2,15458.2283,4,2,1,2,SAFe,340.11,984366.07
17,28,421223.51,1,1,3,3,2,24777.8535,9,4,1,3,Iterative,427.81,498056.52
76,29,111528.89,2,5,5,1,3,1467.4854,5,1,1,1,SAFe,2353.18,151647.65
2,7,1093370.1,2,5,1,2,1,546685.05,2,3,0,1,Scrum,8.47,49640.17
29,43,315276.59,2,4,5,1,1,10871.6066,5,5,0,2,Agile,738.2,409549.34
34,44,1228458.3,2,4,2,2,1,36131.1265,4,5,0,2,Agile,991.98,1340469.35
26,24,1313650.38,1,2,4,3,1,50525.0146,12,4,0,3,Spiral,529.05,1122322.09
47,40,993680.18,1,4,4,3,2,21142.1315,12,4,0,3,Spiral,1913.23,1200377.11
52,14,970977.63,2,1,4,3,2,18672.6467,12,4,0,2,Spiral,716.35,1107155.76
12,27,449510.44,4,4,1,1,2,37459.2033,1,3,1,2,Waterfall,256.6,596408.7
48,32,74845.29,1,1,4,2,1,1559.2769,8,4,1,3,Iterative,1059.18,86744.82
50,41,1352822.34,4,1,1,1,4,27056.4468,1,5,0,3,SAFe,1372.59,1518182.67
47,4,208891.45,4,2,5,2,3,4444.4989,10,2,1,1,V-Model,272.84,270739.79
62,13,822814.67,5,2,2,3,4,13271.2044,6,1,1,2,SAFe,971.25,904070.23
60,5,1185605.62,5,2,5,2,3,19760.0937,10,2,0,3,SAFe,543.87,1323524.24
72,40,820676.58,5,1,4,3,1,11398.2858,12,2,1,3,Spiral,3626.84,971973.14
67,11,92876.67,1,4,5,1,1,1386.219,5,2,1,2,SAFe,580.61,103592.37
15,24,293377.02,5,1,1,1,1,19558.468,1,4,0,1,Waterfall,216.0,1620000.0
22,11,1152238.74,1,3,5,3,2,52374.4882,15,1,0,2,Spiral,360.12,1513423.43
24,12,263012.75,2,2,1,3,2,10958.8646,3,4,1,2,Agile,238.22,312436.83
53,8,1072376.4,4,3,2,3,4,20233.517,6,2,1,2,SAFe,456.45,1193208.41
50,22,147070.69,4,2,5,1,4,2941.4138,5,4,0,1,Waterfall,646.56,157248.1
3,8,203707.75,5,4,2,1,1,67902.5833,2,4,0,3,Waterfall,15.0,100832.44
8,23,186978.45,2,5,2,1,2,23372.3062,2,1,0,1,Scrum,165.79,240066.0
69,33,1347962.29,2,2,3,3,1,19535.6854,9,4,0,2,SAFe,1472.24,1647838.14
73,41,375377.95,2,5,5,3,2,5142.1637,15,5,1,3,Spiral,2871.22,453144.6
19,33,1430217.0,1,2,3,1,3,75274.5789,3,1,1,2,Iterative,783.69,1674514.21
51,44,938289.04,3,5,5,3,4,18397.8243,15,5,1,3,Spiral,2350.41,1231367.15
35,20,309274.88,5,3,4,2,2,8836.4251,8,3,0,3,Scrum,786.62,350144.0
68,32,489647.47,4,5,2,3,3,7200.6981,6,4,0,3,SAFe,2351.6,597893.77
35,23,1267959.35,5,3,5,3,1,36227.41,15,3,0,2,Spiral,1088.44,1623920.65
17,43,356970.99,1,5,1,1,2,20998.2935,1,1,0,2,Scrum,662.55,386090.21
70,13,1189943.48,1,1,1,1,3,16999.1926,1,4,1,1,SAFe,699.59,1362629.37
53,14,738358.49,3,1,3,3,4,13931.2923,9,5,0,1,Agile,615.13,921734.42
79,24,1135648.72,2,4,5,3,2,14375.3003,15,1,0,1,Spiral,2338.65,1398205.21
6,8,380441.59,2,1,5,2,2,63406.9317,10,4,1,3,Spiral,48.31,475876.84
53,13,382330.2,2,3,1,2,3,7213.7774,2,4,0,2,SAFe,580.45,442377.78
59,45,921561.16,2,1,1,3,2,15619.6807,3,3,1,1,Iterative,1782.15,1235895.37
79,46,102900.71,4,1,1,1,4,1302.5406,1,1,1,2,SAFe,4102.78,150260.13
16,10,411309.74,2,3,3,2,1,25706.8588,6,1,1,2,Scrum,140.94,483759.41
32,40,1065243.12,2,2,1,1,2,33288.8475,1,1,0,1,Iterative,988.32,1527597.82
43,32,678507.23,5,2,1,2,1,15779.2379,2,2,1,3,Scrum,1288.52,722963.64
45,7,191237.62,5,1,5,3,1,4249.7249,15,1,1,2,Spiral,439.64,209998.52
21,32,1413143.95,3,5,2,1,3,67292.569,2,3,0,3,Scrum,623.58,1714876.53
69,5,1136328.37,3,2,1,1,1,16468.5271,1,3,0,3,SAFe,275.07,1345504.35
68,22,222069.35,3,4,3,1,2,3265.7257,3,1,1,2,SAFe,1650.52,236771.91
18,31,115185.75,1,3,3,1,2,6399.2083,3,1,0,3,Iterative,573.21,140924.08
19,33,152905.49,4,4,1,3,2,8047.6574,3,4,1,2,Scrum,453.69,195820.51
9,26,408021.88,1,5,5,2,1,45335.7644,10,4,1,2,Spiral,174.03,482040.83
3,46,1139112.28,5,2,1,1,2,379704.0933,1,3,0,1,Waterfall,94.39,368905.41
46,2,127814.91,1,4,3,2,4,2778.585,6,4,1,1,RAD,58.26,149326.96
2,40,616743.85,2,3,2,1,3,308371.925,2,1,0,1,Iterative,70.16,601248.26
16,15,488328.07,2,1,2,1,1,30520.5044,2,2,0,3,Iterative,180.64,569338.81
14,3,234835.71,2,4,2,1,2,16773.9793,2,2,0,2,RAD,33.79,173887.5
71,14,1246958.84,5,5,2,2,4,17562.8006,4,1,1,1,V-Model,1050.05,1510503.54
69,22,203309.79,2,4,3,3,2,2946.5187,9,2,1,2,Spiral,2159.02,226560.3
7,29,1411518.8,2,1,2,2,4,201645.5429,4,2,1,2,Agile,310.01,1650902.52
4,4,30079.44,3,2,2,1,1,7519.86,2,5,0,1,Kanban,7.74,32895.0
65,13,1452190.98,3,2,4,1,2,22341.3997,4,3,1,1,V-Model,723.12,1930330.2
2,30,277053.72,3,4,1,1,1,138526.86,1,4,0,3,Scrum,41.67,239230.96
9,8,680372.97,3,5,4,3,1,75596.9967,12,4,1,1,Spiral,49.48,786287.64
54,22,680215.82,1,5,2,3,2,12596.5893,6,2,0,1,Spiral,1270.66,795429.36
59,29,339381.87,4,5,4,1,3,5752.2351,4,4,0,2,SAFe,1287.84,399692.86
29,32,463385.39,1,3,1,3,1,15978.8066,3,3,0,1,Iterative,641.31,581818.21
14,19,604633.89,1,2,2,1,2,43188.135,2,1,1,1,Iterative,221.54,751292.56
18,20,56212.88,1,5,3,1,1,3122.9378,3,1,0,3,Scrum,325.51,77179.4
20,18,1070496.82,5,1,5,2,1,53524.841,10,4,1,1,V-Model,236.4,1318104.26
12,41,1455540.82,4,4,5,2,2,121295.0683,10,2,0,2,Scrum,525.12,1547535.73
69,24,400228.95,5,2,3,2,1,5800.4196,6,4,0,1,Agile,1006.03,476419.7
9,2,224361.36,3,5,3,1,3,24929.04,3,1,0,1,RAD,19.4,202017.38
79,43,420470.6,1,4,2,2,4,5322.4127,4,4,1,3,SAFe,2978.51,534094.48
40,30,594488.15,2,2,4,2,2,14862.2038,8,3,0,3,Iterative,1248.75,736464.12
10,4,911827.86,3,5,5,2,3,91182.786,10,1,0,2,RAD,62.14,964896.18
27,39,1270096.37,1,3,3,3,1,47040.6063,9,1,0,3,Spiral,1263.89,1400561.44
44,23,1213693.38,4,3,5,1,2,27583.9405,5,5,0,2,Waterfall,679.54,1467437.53
13,18,356542.07,1,5,5,2,2,27426.3131,10,1,1,3,Spiral,329.75,379212.55
74,33,1287850.22,1,2,1,3,1,17403.3814,3,1,0,1,SAFe,2458.73,1581603.74
19,35,1278226.08,2,3,1,2,1,67275.0568,2,2,1,3,Iterative,589.07,1495783.51
50,8,1462243.6,4,3,1,2,4,29244.872,2,5,1,2,SAFe,236.55,1636166.48
24,38,360889.56,4,5,2,2,4,15037.065,4,3,0,3,Scrum,926.53,434948.09
22,20,1125824.88,2,5,2,1,2,51173.8582,2,5,1,3,Scrum,307.92,1280656.67
15,48,879794.74,2,4,4,2,2,58652.9827,8,3,0,3,Scrum,800.42,1009407.35
29,12,972238.74,4,1,5,1,1,33525.4738,5,3,0,1,Waterfall,278.62,1359463.3
53,24,1319705.95,3,5,3,2,2,24900.1123,6,5,1,2,V-Model,917.5,1659120.42
12,39,611149.1,2,2,2,1,3,50929.0917,2,5,0,2,Agile,316.05,719469.45
50,48,68644.51,2,3,5,2,2,1372.8902,10,3,1,3,Spiral,3213.38,70122.84
43,22,1198058.71,4,2,3,3,1,27861.8305,9,3,1,2,Spiral,1029.7,1528494.92
73,36,486324.34,3,2,1,2,2,6661.9773,2,3,1,2,SAFe,1987.91,600335.81
14,21,929867.37,5,1,3,2,3,66419.0979,6,2,0,2,Waterfall,438.83,976088.11
39,40,806788.47,1,3,1,3,4,20686.8838,3,4,1,1,Scrum,1124.88,969947.93
15,27,1232001.86,3,4,3,1,1,82133.4573,3,4,0,1,Scrum,233.52,1487630.25
10,8,120609.0,2,2,2,1,1,12060.9,2,3,1,2,Iterative,61.02,155861.36
12,31,1394707.95,4,3,4,2,4,116225.6625,8,5,1,3,Scrum,313.24,1795895.01
3,37,80525.45,2,3,4,1,3,26841.8167,4,2,1,3,Iterative,122.53,88342.94
62,7,613243.07,3,2,4,1,1,9891.0173,4,4,1,2,SAFe,303.78,685463.98
65,45,61897.36,4,5,2,1,3,952.2671,2,2,1,1,Waterfall,2569.74,76987.91
79,8,863675.18,3,1,1,2,2,10932.5972,2,1,1,1,SAFe,534.19,1078278.23
70,6,812890.19,4,4,3,3,4,11612.717,9,3,1,3,SAFe,449.43,1045163.77
10,18,464695.52,3,1,1,3,1,46469.552,3,1,1,2,Iterative,173.42,584428.45
47,22,1397532.52,3,3,3,3,2,29734.7345,9,3,1,1,Spiral,967.07,1603186.81
61,40,1011591.47,1,2,3,3,1,16583.4667,9,4,1,3,Spiral,1996.56,1031420.72
59,19,806087.78,1,4,2,3,3,13662.5047,6,3,0,1,Scrum,939.32,885330.69
62,10,514661.86,4,2,4,1,2,8300.9977,4,3,0,2,SAFe,443.77,625477.62
44,24,852120.92,4,2,3,3,3,19366.3845,9,4,0,1,Spiral,802.08,1080570.9
21,3,1330750.59,2,2,2,2,2,63369.0757,4,1,1,3,RAD,70.19,684072.59
13,29,976820.62,5,2,4,2,4,75140.0477,8,1,0,2,Agile,552.39,1207440.94
27,8,826769.97,3,1,4,1,1,30621.11,4,2,0,2,Iterative,202.01,952265.39
20,23,998692.1,3,2,4,3,3,49934.605,12,2,1,1,Spiral,470.61,1221986.59
27,33,914929.73,5,3,2,1,4,33886.2863,2,1,1,1,Waterfall,719.28,1027286.38
60,2,1184703.11,3,3,3,2,3,19745.0518,6,4,0,3,SAFe,144.8,1199900.89
78,34,956383.18,5,2,5,1,4,12261.3228,5,5,0,3,SAFe,2257.01,1125273.62
59,2,1345788.76,1,1,5,1,3,22809.979,5,4,1,3,SAFe,148.0,1522926.4
70,40,1064373.24,4,3,4,1,3,15205.332,4,5,1,2,V-Model,2374.16,1268186.98
30,36,584010.89,5,1,2,1,2,19467.0297,2,5,1,1,Waterfall,679.54,8494250.0
16,21,988807.48,4,1,5,3,2,61800.4675,15,1,0,1,Spiral,443.99,1210064.26
41,36,45649.07,3,2,2,2,2,1113.392,4,2,1,1,Agile,1055.25,65919.77
80,34,433640.04,4,1,4,2,2,5420.5005,8,4,0,1,SAFe,2008.37,450668.49
64,4,917439.87,3,1,4,3,1,14334.998,12,5,0,3,Spiral,242.29,1213484.27
2,43,750288.92,5,4,3,1,3,375144.46,3,5,1,2,XP,54.95,744210.19
34,18,448941.95,5,2,5,3,4,13204.175,15,4,1,1,Spiral,625.27,539208.05
56,9,119090.9,1,4,2,3,1,2126.6232,6,1,1,2,SAFe,630.79,144761.33
75,9,447198.56,1,4,1,2,2,5962.6475,2,5,0,3,SAFe,416.13,493950.75
39,2,850312.79,3,1,3,2,4,21802.8921,6,3,1,1,Agile,54.96,633472.15
80,31,717852.19,2,3,3,1,3,8973.1524,3,2,1,2,SAFe,2824.08,731052.18
63,12,776464.6,4,1,5,3,4,12324.8349,15,3,0,1,Spiral,925.57,873832.37
25,41,67889.73,5,1,3,3,3,2715.5892,9,3,0,1,Spiral,1293.25,83813.09
20,36,286454.74,2,5,1,1,4,14322.737,1,5,1,1,Scrum,332.77,390286.32
50,24,848730.91,4,4,4,2,1,16974.6182,8,3,0,3,SAFe,1207.5,20376562.5
28,26,1085029.36,4,5,2,2,3,38751.0486,4,5,0,3,Scrum,622.51,1217141.15
17,42,254987.83,1,2,2,1,4,14999.2841,2,2,0,2,Iterative,595.96,279398.24
38,44,528747.61,4,2,2,1,1,13914.4108,2,5,1,3,Waterfall,1037.72,600559.53
35,14,491232.06,5,1,2,2,4,14035.2017,4,3,1,3,V-Model,495.78,529604.64
44,35,651571.23,3,5,5,2,1,14808.437,10,2,1,2,Spiral,1505.46,820674.01
14,35,1122753.79,1,2,2,1,3,80196.6993,2,4,1,3,Iterative,444.89,1383224.4
70,42,419237.07,5,2,3,2,1,5989.101,6,1,0,1,SAFe,2489.44,605966.73
9,48,778084.93,1,4,5,1,2,86453.8811,5,1,1,3,Scrum,611.12,1080896.24
9,13,330013.09,2,1,4,3,4,36668.1211,12,5,1,3,Spiral,126.61,379145.67
49,32,693578.38,4,4,1,1,4,14154.6608,1,3,1,1,Scrum,893.69,850716.53
47,45,630445.05,4,1,4,3,1,13413.7245,12,4,0,2,Spiral,1738.75,754959.12
15,15,303036.91,2,3,1,3,1,20202.4607,3,5,1,1,Agile,136.6,385679.9
72,21,599051.84,1,3,2,2,2,8320.1644,4,4,0,2,SAFe,1075.96,781564.78
23,28,1035171.02,2,2,5,3,4,45007.4357,15,4,0,1,Spiral,634.8,1204453.03
47,10,659475.82,5,3,5,3,2,14031.4004,15,5,1,3,Spiral,459.38,890496.18
11,7,347431.82,3,5,5,1,2,31584.7109,5,2,0,1,Scrum,74.47,392580.74
50,41,1042142.6,5,1,3,1,3,20842.852,3,5,0,1,Waterfall,511.67,1195584.72
5,5,1103667.67,4,2,1,2,3,220733.534,2,5,1,3,Kanban,20.61,181611.6
60,1,674123.72,2,1,5,1,4,11235.3953,5,1,1,3,SAFe,76.4,922684.15
13,43,886868.56,1,5,4,1,2,68220.6585,4,2,0,3,Scrum,580.84,1165192.14
24,26,822488.6,5,3,1,3,4,34270.3583,3,1,0,2,Agile,736.4,960332.2
46,25,520304.95,5,3,3,2,1,11310.9772,6,3,1,1,V-Model,843.83,641334.39
36,16,32680.56,5,2,4,1,2,907.7933,4,4,0,1,Waterfall,471.63,32793.82
59,29,1284067.05,1,4,4,2,3,21763.8483,8,5,0,3,SAFe,1486.5,1423648.61
39,23,811249.79,5,4,5,3,3,20801.2767,15,3,0,2,Spiral,1235.75,991207.42
3,10,394089.67,4,2,1,1,1,131363.2233,1,1,1,2,Waterfall,22.6,139517.74
62,44,639638.36,1,2,1,2,1,10316.7477,2,4,1,1,Iterative,1524.0,653485.83
73,47,1465355.06,3,2,2,1,4,20073.357,2,2,0,2,SAFe,3189.04,1808321.86
41,38,515188.58,4,5,2,3,2,12565.5751,6,1,0,1,Spiral,1833.15,625679.27
56,35,1083976.86,5,2,4,1,4,19356.7296,4,3,1,2,V-Model,1716.99,1541806.34
39,42,514706.01,4,5,2,1,4,13197.59,2,1,0,2,Waterfall,1634.03,589621.06
24,31,788500.09,3,3,5,3,1,32854.1704,15,1,1,1,Spiral,880.46,923501.57
56,5,1380653.79,5,3,2,1,2,24654.532,2,1,0,3,SAFe,233.7,1401596.32
17,44,108586.36,4,5,1,2,4,6387.4329,2,5,1,3,Scrum,608.93,121746.45
75,36,898130.66,3,3,4,3,3,11975.0755,12,4,0,2,Spiral,2838.63,978608.09
26,34,1174315.31,5,1,4,1,2,45165.9735,4,2,0,3,Waterfall,1073.66,1479235.31
57,36,1176731.08,2,4,1,2,3,20644.4049,2,1,1,1,Scrum,2235.29,1516875.28
75,22,1114159.46,3,3,4,1,2,14855.4595,4,2,1,3,SAFe,2026.85,1447716.54
63,1,171533.99,2,3,3,1,2,2722.7617,3,2,1,3,SAFe,71.42,227767.65
20,34,1437809.39,3,5,1,3,4,71890.4695,3,4,0,3,Scrum,723.36,1593197.27
28,38,1324949.84,4,4,5,1,2,47319.6371,5,3,1,3,Scrum,1391.79,1791886.27
55,17,584937.67,2,4,2,3,2,10635.2304,6,5,0,1,Scrum,566.28,709541.22
2,17,1510210.15,5,5,5,3,3,755105.075,15,5,1,1,Spiral,31.06,830247.57
45,28,1028994.94,2,2,1,3,4,22866.5542,3,4,1,2,Iterative,902.34,1201375.95
71,36,955610.23,2,3,1,1,2,13459.299,1,2,1,1,SAFe,1681.91,1206479.16
53,13,96921.11,1,2,4,3,2,1828.7002,12,2,1,2,Spiral,760.2,115885.65
56,17,1450080.29,4,1,5,1,4,25894.2909,5,2,1,3,V-Model,999.83,1743804.23
62,5,1466131.31,3,1,4,3,3,23647.2792,12,1,1,3,Spiral,657.47,1829282.68
23,21,909437.27,4,4,1,2,3,39540.7509,2,4,1,3,Scrum,528.09,1068389.88
18,29,1176510.35,1,4,1,3,1,65361.6861,3,1,0,3,Scrum,591.2,1260560.38
12,8,1367907.66,5,5,1,2,2,113992.305,2,3,1,3,Scrum,77.48,780973.54
23,39,1407420.2,1,2,2,3,2,61192.1826,6,3,1,2,Spiral,872.5,1613834.39
43,36,1392236.01,3,2,2,3,3,32377.5816,6,4,0,2,Agile,1313.52,1525019.03
4,41,1234714.52,1,4,2,3,4,308678.63,6,4,0,2,Spiral,133.06,1283507.21
68,31,1293151.76,3,1,5,3,3,19016.9376,15,5,0,3,Spiral,2490.23,1383946.43
54,43,267265.2,1,3,2,3,4,4949.3556,6,1,1,2,SAFe,3186.41,325502.21
79,34,590495.77,3,2,1,2,2,7474.63,2,3,1,1,SAFe,2387.36,670535.77
31,11,1193726.02,5,3,1,3,4,38507.291,3,1,0,3,Scrum,475.43,1534745.93
21,42,806391.34,1,3,3,2,3,38399.5876,6,5,1,2,Iterative,840.52,993843.74
56,42,1407625.01,2,5,1,3,4,25136.1609,3,3,1,1,Scrum,2428.29,1705337.67
6,28,307884.76,4,1,1,2,1,51314.1267,2,4,0,3,Waterfall,133.64,355751.83
36,40,1408304.75,1,1,1,3,3,39119.5764,3,5,1,2,Iterative,1323.65,1784618.01
39,34,1469936.98,3,5,3,2,2,37690.6918,6,2,1,3,Scrum,1508.22,1838621.09
17,6,1369972.77,1,2,1,1,1,80586.6335,1,3,0,3,Iterative,76.19,602612.63
55,14,1445176.96,1,5,2,3,1,26275.9447,6,5,1,1,Scrum,451.55,1623580.54
52,30,748564.04,2,4,5,3,4,14395.4623,15,3,0,3,Spiral,2125.25,915584.65
40,8,1440464.46,3,1,2,1,4,36011.6115,2,1,0,2,Agile,333.45,1598305.77
9,42,979881.2,1,3,3,3,3,108875.6889,9,3,1,2,Scrum,403.78,1257046.23
43,11,170855.77,5,2,2,2,3,3973.39,4,1,0,2,Waterfall,531.53,197229.6
43,18,1141628.11,1,4,5,2,2,26549.4909,10,4,0,1,Agile,570.57,1200063.88
7,1,1120126.91,1,3,5,1,4,160018.13,5,5,1,3,Iterative,6.3,131421.08
6,26,916001.3,2,1,1,3,3,152666.8833,3,5,1,2,Iterative,129.86,934391.76
25,35,482662.63,5,2,4,2,4,19306.5052,8,5,0,3,Scrum,892.77,622110.37
7,6,1106767.23,5,4,4,2,4,158109.6043,8,5,0,3,Scrum,41.9,641021.54
11,3,118838.22,1,3,5,2,1,10803.4745,10,2,0,2,RAD,34.08,124893.98
15,32,1265440.74,3,5,4,2,2,84362.716,8,2,1,2,Spiral,658.09,1468493.9
8,39,684875.74,4,4,2,1,2,85609.4675,2,2,1,3,Scrum,288.6,717184.82
63,31,1279515.67,3,5,3,3,1,20309.7725,9,2,1,3,SAFe,2343.63,1630202.18
54,18,94531.38,4,3,3,3,1,1750.5811,9,5,1,1,Spiral,696.83,104619.72
36,7,590470.1,4,5,4,3,2,16401.9472,12,3,0,2,Spiral,280.07,640036.39
43,5,1477230.85,5,2,1,1,4,34354.2058,1,3,1,3,Waterfall,156.05,900149.66
31,23,1396733.36,1,2,5,2,3,45055.9148,10,1,1,3,Spiral,1263.15,1838720.69
74,36,130104.67,2,2,2,3,1,1758.1712,6,2,0,1,Spiral,2200.18,155082.23
44,31,921253.67,3,4,4,3,1,20937.5834,12,5,0,1,Spiral,974.55,1003043.88
5,46,253985.99,1,3,2,2,1,50797.198,4,4,0,3,Scrum,186.82,300289.17
31,8,1411349.37,3,3,1,3,3,45527.399,3,4,1,3,Scrum,320.04,1671130.35
80,3,404265.32,4,1,2,2,4,5053.3165,4,1,0,2,SAFe,321.34,489057.98
6,47,841955.73,5,4,4,3,3,140325.955,12,2,0,1,Spiral,461.51,1007185.43
57,38,1181481.19,3,5,5,2,3,20727.7402,10,4,1,1,Spiral,116.37,1653667.77
9,31,1280576.97,1,1,1,3,2,142286.33,3,2,1,1,Iterative,246.99,1566228.59
75,13,581303.67,4,5,3,1,4,7750.7156,3,1,1,2,V-Model,1218.02,712396.34
68,45,931549.13,5,1,4,3,2,13699.2519,12,5,1,2,Spiral,2823.83,1057687.42
39,18,534475.84,2,2,2,1,2,13704.5087,2,4,0,3,Agile,397.64,588336.39
17,12,734402.97,1,5,3,1,3,43200.1747,3,5,0,2,Scrum,132.04,991815.92
22,42,733005.03,3,2,3,2,2,33318.4105,6,2,1,2,Iterative,970.69,901337.51
59,16,958607.48,5,5,5,1,4,16247.5844,5,3,1,1,V-Model,969.56,1121284.24
3,37,1363997.17,4,2,2,1,4,454665.7233,2,1,1,2,V-Model,135.52,1712666.61
50,9,817480.03,5,5,3,3,4,16349.6006,9,2,0,1,Agile,495.01,1087147.78
68,25,1440729.36,4,1,3,1,3,21187.1965,3,2,1,1,Waterfall,1367.58,1561602.85
36,29,825020.68,4,2,1,3,2,22917.2411,3,4,0,1,Agile,610.31,935710.36
40,44,840706.99,1,3,2,2,1,21017.6747,4,4,0,2,Iterative,1330.16,1020062.74
11,29,1518226.82,1,4,4,2,1,138020.62,8,5,0,3,Scrum,251.48,1849145.86
13,6,71136.76,2,4,4,2,4,5472.0585,8,1,0,3,Scrum,120.9,86644.0
10,30,193497.71,3,1,4,3,4,19349.771,12,4,0,2,Iterative,340.7,3747700.0
55,21,596467.1,3,2,2,3,3,10844.8564,6,1,1,3,SAFe,1730.48,755830.34
23,23,960780.25,2,3,4,3,2,41773.0543,12,3,0,2,Spiral,571.37,1209743.96
19,13,1303690.73,5,1,1,1,3,68615.3016,1,1,1,2,Waterfall,255.33,1589889.44
41,17,140278.54,1,1,2,1,4,3421.4278,2,2,1,1,Iterative,605.79,170383.5
43,10,1044890.66,5,3,5,1,3,24299.7828,5,3,1,2,V-Model,513.36,1159944.24
73,2,240005.59,4,2,5,2,2,3287.7478,10,1,0,2,SAFe,203.19,286837.45
49,5,1260662.37,3,3,1,1,4,25727.8035,1,5,0,2,Agile,136.49,707834.23
58,16,361446.14,4,1,3,3,2,6231.83,9,2,0,1,Agile,1096.2,547888.79
64,13,860305.04,4,1,4,1,3,13442.2662,4,1,1,3,SAFe,1066.05,1091368.63
25,36,554666.72,4,1,4,2,3,22186.6688,8,4,1,1,V-Model,706.39,14348546.88
17,45,641044.18,5,4,2,1,1,37708.4812,2,3,0,1,Waterfall,500.73,698946.14
24,14,99064.24,3,3,3,1,2,4127.6767,3,1,1,2,Iterative,380.9,129036.75
78,8,687837.74,3,1,3,3,3,8818.4326,9,3,0,3,SAFe,857.89,874269.06
73,6,1089968.95,3,5,4,2,4,14931.0815,8,5,0,3,SAFe,453.99,1368586.11
54,44,481077.69,3,1,2,3,3,8908.8461,6,3,0,1,Agile,2633.81,542688.82
29,29,940029.52,5,5,4,2,2,32414.811,8,1,0,1,Scrum,940.41,1074274.24
56,34,818575.1,3,4,1,3,3,14617.4125,3,2,0,1,Agile,2014.56,1102898.46
66,12,1299099.15,1,1,3,3,1,19683.3205,9,2,0,3,SAFe,770.88,1488450.84
58,25,822962.52,4,3,1,3,2,14189.009,3,2,0,2,SAFe,1648.5,1011592.68
46,33,143819.77,2,5,1,3,4,3126.5167,3,2,0,3,Scrum,2337.54,200288.15
77,35,1245654.79,2,3,3,1,3,16177.3349,3,4,1,3,SAFe,2843.01,1437537.27
46,14,179508.16,3,5,3,1,3,3902.3513,3,1,1,1,Waterfall,582.12,209231.08
53,31,1146040.35,1,2,5,1,1,21623.4028,5,4,1,2,SAFe,1257.18,1262485.36
11,46,818253.72,3,3,4,2,4,74386.7018,8,5,1,2,Spiral,481.58,1080340.19
38,13,372663.49,3,5,4,1,1,9806.9339,4,2,0,1,Scrum,475.96,486935.18
52,26,334931.28,5,4,3,2,2,6440.9862,6,2,1,3,SAFe,1576.03,331544.07
76,32,1309286.72,2,2,4,3,4,17227.4568,12,3,1,2,Spiral,3152.59,1651011.47
34,40,534556.81,1,2,2,1,3,15722.2591,2,2,0,3,Iterative,1810.68,621158.91
58,35,1548227.67,5,4,1,3,4,26693.5805,3,2,0,1,Agile,2196.88,1530337.62
23,19,525282.79,3,3,3,2,1,22838.3822,6,4,0,3,Agile,422.21,649207.5
66,14,1285931.29,1,4,4,1,3,19483.8074,4,4,1,1,Agile,733.53,1891069.04
44,46,414246.72,4,1,2,1,3,9414.6982,2,4,0,1,Agile,1333.92,476405.13
63,9,1102105.81,1,2,2,2,3,17493.743,4,4,1,2,SAFe,495.25,1336267.11
22,42,1342801.18,4,2,4,3,4,61036.4173,12,1,1,3,Spiral,1553.79,2003076.71
33,1,781293.65,4,1,4,3,1,23675.5652,12,1,0,1,Spiral,38.89,811738.31
51,46,298550.54,1,4,1,1,4,5853.9322,1,1,0,2,SAFe,2574.97,347631.7
53,34,25863.53,2,3,1,2,4,487.9911,2,4,0,3,SAFe,1341.61,29823.89
75,48,1174678.09,4,1,3,2,2,15662.3745,6,4,1,3,V-Model,3399.26,1273054.33
29,11,1538014.83,5,3,2,1,2,53034.9941,2,3,0,3,Waterfall,275.81,1765912.07
25,33,351649.34,1,4,3,3,1,14065.9736,9,2,1,3,Spiral,926.28,462304.23
45,13,68957.16,2,4,2,3,3,1532.3813,6,2,1,2,Scrum,773.09,100143.96
33,15,61521.37,4,5,4,1,1,1864.2839,4,4,0,2,Waterfall,342.4,83498.59
57,3,652954.59,2,1,1,3,2,11455.3437,3,1,0,3,Agile,231.66,800354.04
18,29,839652.76,4,4,5,3,2,46647.3756,15,4,0,3,V-Model,643.27,980395.05
60,44,1429592.82,5,2,3,1,1,23826.547,3,1,1,1,V-Model,2278.71,1651826.77
13,19,925048.71,1,1,1,3,3,71157.5931,3,3,1,3,Iterative,317.15,1102656.09
37,32,1076850.58,3,5,3,2,3,29104.0697,6,4,1,1,Scrum,1094.44,1300288.11
6,43,1355593.71,3,2,4,1,3,225932.285,4,5,0,1,Agile,167.12,1659209.51
45,45,478172.32,1,5,2,3,1,10626.0516,6,5,0,3,Scrum,1678.23,548123.53
52,44,1557924.09,5,1,2,2,1,29960.0787,4,1,1,2,SAFe,2389.34,1878259.54
64,46,1381040.04,2,4,3,2,3,21578.7506,6,5,0,3,SAFe,2844.22,1819690.97
62,10,610318.84,2,5,2,3,3,9843.8523,6,5,1,2,SAFe,536.47,654988.47
59,45,11012.8,2,3,2,3,4,186.6576,6,5,0,1,Scrum,2148.02,13221.88
69,45,253492.08,3,2,2,1,2,3673.7983,2,1,0,1,Iterative,2950.09,308162.81
64,30,54700.83,4,3,3,3,4,854.7005,9,3,0,2,Spiral,2214.71,76194.93
13,24,576299.57,5,2,5,3,1,44330.7362,15,4,0,1,Spiral,283.06,669070.37
11,9,289581.97,1,1,3,2,1,26325.6336,6,1,1,1,Iterative,83.22,320349.54
60,13,860512.19,2,1,2,3,3,14341.8698,6,4,1,3,SAFe,901.16,949482.07
41,26,403475.63,3,2,2,3,3,9840.869,6,1,0,1,Agile,1295.4,455614.34
44,38,943924.17,2,3,4,3,1,21452.822,12,3,0,3,Spiral,1937.22,933767.79
69,21,825606.78,2,5,1,2,4,11965.3157,2,2,1,3,SAFe,1380.43,856871.44
17,41,353533.21,1,3,5,1,4,20796.0712,5,5,0,3,Iterative,663.66,460218.61
21,36,1311329.44,5,2,4,1,1,62444.259,4,4,0,2,Waterfall,541.89,1790893.83
27,10,465585.6,5,4,1,1,4,17243.9111,1,5,0,2,Waterfall,164.52,584806.3
52,22,1323751.42,1,4,4,3,4,25456.7581,12,4,0,3,Spiral,1845.41,1530971.53
24,33,372978.1,4,2,1,3,1,15540.7542,3,1,0,1,Agile,601.96,442020.13
12,47,321793.1,1,3,1,2,4,26816.0917,2,4,1,2,Iterative,415.6,408829.72
43,11,267107.4,4,5,2,2,2,6211.8,4,4,1,2,Scrum,377.29,328536.72
60,36,526888.33,2,1,4,3,1,8781.4722,12,3,1,3,Spiral,2284.12,675559.31
73,24,206287.63,1,1,1,3,4,2825.8579,3,3,0,2,SAFe,1654.55,255293.06
31,8,200570.23,4,3,5,1,2,6470.0074,5,4,0,2,Agile,176.32,224362.35
41,38,1087510.66,1,2,2,2,4,26524.6502,4,1,1,3,Iterative,1985.78,1198753.86
32,5,1449210.37,3,3,3,3,1,45287.8241,9,5,0,1,Agile,117.92,1390213.85
47,7,1195927.06,4,4,3,3,2,25445.2566,9,5,0,3,Scrum,262.07,1520220.97
21,11,231025.33,4,5,1,3,2,11001.2062,3,4,1,2,Agile,234.52,257792.0
17,34,793568.74,3,4,3,3,4,46680.5141,9,1,0,1,Spiral,756.7,972821.57
53,44,1250546.59,4,4,2,2,4,23595.2187,4,5,0,1,Agile,1510.12,1327071.77
4,26,1146022.88,1,2,3,1,4,286505.72,3,2,0,1,Iterative,92.46,1086595.43
16,48,1237255.76,5,4,1,1,1,77328.485,1,5,1,3,Waterfall,481.95,1398479.25
79,12,55650.14,3,5,2,2,2,704.4322,4,4,1,2,SAFe,550.19,61550.18
63,10,746630.25,3,5,5,2,3,11851.2738,10,5,1,1,Spiral,513.98,1065099.24
26,23,482344.2,4,4,4,1,3,18551.7,4,4,1,3,Scrum,452.36,624109.04
3,4,22225.45,3,4,2,1,1,7408.4833,2,4,0,1,Kanban,6.6,28050.0
69,35,307187.36,5,1,2,2,4,4451.9907,4,1,0,1,Waterfall,2717.04,379484.91
6,26,964369.86,2,1,2,2,3,160728.31,4,1,1,3,Iterative,261.63,1115602.93
72,12,387084.11,5,4,5,3,1,5376.1682,15,3,0,3,Spiral,965.32,484226.15
50,46,501754.56,2,4,4,3,1,10035.0912,12,1,0,1,Spiral,2615.01,605811.65
67,2,877558.29,2,2,4,1,3,13097.8849,4,3,1,1,RAD,141.65,925803.43
21,46,1077358.3,4,5,3,2,2,51302.7762,6,2,0,3,Scrum,1116.03,1380133.54
49,16,498879.51,4,2,3,2,3,10181.2145,6,4,1,1,Agile,556.5,626880.72
63,15,476788.04,4,4,5,2,2,7568.0641,10,5,0,1,Scrum,753.82,675190.25
74,38,67261.53,4,5,3,1,3,908.9396,3,4,1,2,SAFe,2500.12,83236.73
74,7,874824.38,1,5,5,2,2,11821.9511,10,4,0,3,SAFe,415.01,1121048.86
7,6,691048.13,2,2,3,1,2,98721.1614,3,3,0,3,Iterative,44.51,626062.24
46,4,268166.85,1,3,1,3,2,5829.7141,3,3,0,2,Agile,154.97,355460.82
39,28,332096.67,5,2,5,1,1,8515.2992,5,2,1,2,V-Model,919.73,378535.34
64,9,1084573.36,3,3,5,3,2,16946.4588,15,5,0,2,Spiral,556.55,1319780.17
38,44,1058891.74,5,5,1,3,1,27865.5721,3,3,1,3,Scrum,1460.09,1416887.75
49,41,1180879.76,4,1,2,1,3,24099.5869,2,1,1,1,Agile,2256.55,1358349.2
10,17,1282351.77,5,5,4,1,1,128235.177,4,4,0,3,Waterfall,130.68,1320586.54
34,39,1422209.96,1,5,4,3,2,41829.7047,12,5,0,2,Spiral,1189.11,1480455.66
17,16,495048.32,5,2,5,3,1,29120.4894,15,3,0,2,Spiral,323.01,619969.63
11,16,1435239.28,1,3,3,3,4,130476.2982,9,1,1,2,Iterative,246.11,1734539.67
19,11,26452.64,4,1,1,2,4,1392.2442,2,2,0,1,Agile,166.96,32735.68
25,34,100188.81,3,2,2,3,4,4007.5524,6,1,1,2,Iterative,1093.76,123087.6
41,7,1219647.36,4,4,3,2,4,29747.4966,6,3,0,2,Scrum,277.48,1621107.84
40,6,1450732.32,4,2,3,1,3,36268.308,3,3,0,1,Waterfall,203.1,1469875.0
42,26,705629.9,1,4,5,2,3,16800.7119,10,3,1,2,Spiral,1654.88,811878.32
37,13,977974.98,3,4,2,2,2,26431.7562,4,4,1,2,Agile,305.88,1227821.56
20,45,735290.96,2,4,1,1,3,36764.548,1,1,0,1,Scrum,808.54,849096.22
50,12,633983.77,1,1,1,1,4,12679.6754,1,1,1,2,Agile,512.88,773414.28
25,9,350204.2,3,4,1,1,3,14008.168,1,5,0,3,Waterfall,153.74,437763.7
75,8,818870.01,4,4,5,1,2,10918.2668,5,3,0,1,SAFe,451.36,926558.52
56,30,130860.36,5,2,3,1,3,2336.7921,3,5,1,3,V-Model,1390.45,169252.1
16,27,990158.15,5,3,2,1,2,61884.8844,2,3,0,1,Waterfall,245.55,1096414.71
19,25,129188.09,5,4,4,3,4,6799.3732,12,1,1,2,Spiral,777.4,155756.83
38,8,662036.08,4,2,1,2,1,17422.0021,2,2,1,3,Waterfall,268.96,771449.94
37,32,1137443.08,5,3,5,3,3,30741.7049,15,3,0,3,Spiral,1938.74,1274099.67
69,6,774865.97,3,1,1,1,4,11229.9416,1,4,0,3,SAFe,273.1,1022862.21
46,37,194577.94,1,4,2,1,1,4229.9552,2,2,0,1,Scrum,1103.82,216676.44
24,28,1192584.34,2,3,2,1,1,49691.0142,2,1,1,2,Agile,577.78,1402185.91
64,6,1275918.49,5,4,4,3,1,19936.2264,12,1,0,2,Spiral,463.26,1585411.31
38,35,606911.43,5,2,5,3,1,15971.3534,15,4,1,3,Spiral,1252.7,772751.07
70,30,1189551.58,4,2,5,2,4,16993.594,10,4,1,3,SAFe,2390.85,60518390.62
27,48,1034363.91,5,1,3,1,3,38309.7744,3,5,0,3,Waterfall,972.53,1183951.42
22,6,114153.11,4,2,1,1,1,5188.7777,1,1,1,2,Agile,121.74,140714.98
18,40,694992.45,1,2,1,2,3,38610.6917,2,3,1,1,Iterative,531.43,946194.9
68,27,518126.15,1,1,2,3,3,7619.5022,6,3,0,3,SAFe,2184.68,669437.43
56,38,864271.15,2,2,5,3,4,15433.4134,15,1,1,3,Spiral,2291.81,1275054.86
32,4,1377201.86,3,1,5,1,1,43037.5581,5,1,0,2,Agile,137.42,1749992.02
11,1,152312.45,2,5,5,1,2,13846.5864,5,2,1,3,RAD,13.39,207822.1
56,41,460752.59,3,5,2,3,2,8227.7248,6,5,1,3,SAFe,2053.31,530534.38
19,31,38125.83,1,3,1,2,2,2006.6226,2,3,1,3,Scrum,509.56,42365.44
53,9,407778.17,4,4,2,1,3,7693.9277,2,2,0,1,Scrum,442.41,520164.97
80,13,549081.24,5,1,2,2,4,6863.5155,4,1,0,2,SAFe,1271.3,716865.79
10,45,280113.4,3,1,4,3,4,28011.34,12,1,0,2,Spiral,633.08,339332.12
63,40,958450.46,2,4,2,3,3,15213.4994,6,1,0,3,Spiral,4643.68,988251.92
43,42,160201.78,4,2,5,2,4,3725.6228,10,2,1,2,V-Model,2748.59,194337.09
52,44,101095.36,1,3,5,1,2,1944.1415,5,3,1,1,Scrum,2176.31,109933.73
40,13,231253.72,3,4,2,1,4,5781.343,2,3,1,2,Agile,492.32,318225.49
18,47,196327.77,5,5,1,3,1,10907.0983,3,4,1,1,Agile,646.11,243026.94
56,8,49351.95,1,3,3,1,3,881.2848,3,5,0,1,Agile,277.16,52727.37
46,14,223411.34,4,3,4,2,1,4856.7683,8,3,1,3,V-Model,694.09,272583.86
36,31,65028.55,5,3,5,2,4,1806.3486,10,3,1,1,V-Model,1076.36,81520.9
71,14,115473.3,3,2,2,2,1,1626.3845,4,5,0,1,SAFe,474.31,148178.15
71,31,430624.72,4,2,4,1,2,6065.1369,4,1,1,3,V-Model,2465.75,572007.6
19,2,663384.67,2,5,2,3,4,34914.9826,6,1,1,1,Scrum,46.96,477608.48
52,26,157288.99,3,1,4,1,4,3024.7883,4,4,0,3,SAFe,1325.41,172348.98
70,28,565906.59,1,4,4,3,3,8084.3799,12,3,1,3,Spiral,3658.26,629334.14
58,46,634119.36,4,2,5,2,1,10933.0924,10,2,1,1,Spiral,2469.15,835626.79
5,29,299365.42,1,4,4,3,3,59873.084,12,2,0,1,Spiral,226.32,347104.55
73,24,479248.1,2,4,1,3,3,6565.0425,3,3,1,2,SAFe,1852.3,621464.55
24,21,855353.91,4,3,3,2,3,35639.7463,6,5,1,1,Agile,344.05,1005135.04
10,4,476547.88,3,1,3,1,2,47654.788,3,3,0,2,Iterative,30.95,243661.44
56,47,771373.79,2,4,4,3,2,13774.532,12,5,1,3,Spiral,2439.95,810163.44
17,7,757172.39,1,3,3,2,1,44539.5524,6,1,0,1,Iterative,115.18,1034048.35
30,20,199120.7,2,5,3,2,4,6637.3567,6,3,1,1,Spiral,621.24,227351.73
72,9,1349875.06,5,4,1,1,1,18748.2647,1,4,0,1,SAFe,340.1,1825778.2
38,47,1434947.84,3,1,1,2,4,37761.7853,2,4,0,2,Agile,1216.08,1387611.81
40,10,829699.63,2,2,4,1,1,20742.4908,4,1,0,3,Scrum,464.06,933044.34
62,45,1068176.65,4,5,1,2,3,17228.6556,2,4,1,2,SAFe,2027.53,1127257.08
17,32,159860.09,1,3,4,3,1,9403.5347,12,4,1,3,V-Model,587.92,160083.25
8,7,413955.49,1,4,4,1,2,51744.4362,4,3,1,1,Scrum,54.71,524245.41
64,34,146639.12,4,1,3,2,4,2291.2362,6,5,0,1,Agile,1538.35,157992.49
50,28,1300455.13,5,4,4,1,4,26009.1026,4,4,1,1,Spiral,1106.03,1461531.93
13,3,447431.25,2,3,3,2,4,34417.7885,6,2,1,1,Iterative,41.22,373412.21
32,6,480815.6,1,2,1,2,4,15025.4875,2,5,1,1,Iterative,114.82,583889.19
12,21,408454.0,3,2,2,2,1,34037.8333,4,2,1,1,Iterative,209.6,404705.96
37,48,1177296.63,4,5,5,1,4,31818.8278,5,1,0,2,Waterfall,2226.8,1331197.24
29,36,207909.67,1,2,2,2,4,7169.299,4,4,1,3,Scrum,760.1,224566.74
21,11,313127.73,2,2,4,1,3,14910.8443,4,5,1,1,Agile,187.52,395501.3
71,24,1124341.68,4,3,3,1,2,15835.7983,3,1,1,2,SAFe,1623.86,1294200.96
16,11,1442076.3,5,4,3,1,3,90129.7688,3,2,0,3,Waterfall,165.9,1294325.31
56,32,1237568.99,5,2,1,1,1,22099.4462,1,5,0,2,SAFe,861.13,1506495.1
35,44,1420835.5,5,5,3,1,4,40595.3,3,4,1,1,Waterfall,1025.0,1555942.04
43,44,778633.25,5,1,4,2,2,18107.75,8,2,0,3,Waterfall,2459.97,843890.2
7,23,745069.95,4,2,4,3,1,106438.5643,12,4,0,3,Spiral,183.61,806445.95
22,28,20251.96,3,3,1,3,2,920.5436,3,4,0,2,Agile,487.42,29958.06
53,44,764061.26,4,2,4,3,1,14416.2502,12,4,0,3,Spiral,2543.27,949915.54
31,11,1465197.64,4,4,1,3,1,47264.44,3,5,1,3,Scrum,272.96,1698595.29
49,41,916356.86,3,3,5,2,4,18701.1604,10,5,0,3,SAFe,2486.64,35769.76
14,36,993083.05,4,3,1,1,2,70934.5036,1,1,1,3,Waterfall,473.43,1105774.27
42,36,538430.55,5,2,4,3,3,12819.775,12,4,1,1,Spiral,1225.53,615597.43
11,4,1152152.96,2,3,2,3,4,104741.1782,6,2,1,3,Scrum,59.32,655070.27
4,39,1191855.0,2,1,2,2,2,297963.75,4,3,1,1,Agile,112.95,828940.0
15,19,284386.81,2,4,3,1,3,18959.1207,3,3,0,1,Scrum,259.17,349204.19
20,37,630360.02,3,4,2,3,2,31518.001,6,1,0,1,Agile,878.66,725702.95
4,24,688142.94,4,1,3,1,4,172035.735,3,4,1,1,Agile,85.79,819296.21
50,1,343601.19,1,1,3,3,2,6872.0238,9,1,1,1,Spiral,68.42,409600.55
60,3,318423.97,2,3,1,3,2,5307.0662,3,3,1,1,Scrum,120.88,362534.74
71,18,215239.19,4,2,5,1,3,3031.5379,5,3,0,1,SAFe,1293.22,268864.56
67,12,48588.31,2,4,3,1,1,725.1987,3,1,0,2,SAFe,741.47,61376.55
4,2,804134.35,4,2,5,2,1,201033.5875,10,4,0,3,Agile,6.03,77530.88
24,35,1067449.3,2,2,4,2,1,44477.0542,8,3,0,3,Iterative,791.9,1388702.04
54,25,1352298.5,4,2,1,1,2,25042.5648,1,2,1,3,SAFe,936.92,1693262.58
50,5,1052654.87,2,5,2,1,4,21053.0974,2,4,1,2,SAFe,207.61,1218514.7
78,45,1304630.11,3,4,5,2,3,16726.0271,10,2,1,3,V-Model,6393.9,1544094.82
31,47,142653.17,4,4,5,3,2,4601.7152,15,3,1,2,Spiral,1567.71,173961.52
27,23,747042.88,3,5,3,3,3,27668.2548,9,2,0,3,Scrum,1032.2,796097.59
44,25,1404158.61,1,3,4,2,2,31912.6957,8,1,1,2,Iterative,1301.39,1673363.41
68,4,1475781.17,2,1,1,2,2,21702.6643,2,3,0,3,SAFe,288.95,1828426.35
55,20,361451.77,1,5,3,1,4,6571.8504,3,1,1,1,Scrum,936.11,453009.13
38,14,1397859.89,3,2,4,3,1,36785.7866,12,3,0,2,Agile,564.04,1819592.37
66,35,1371624.56,1,3,1,2,3,20782.1903,2,2,0,3,SAFe,3045.12,1949234.05
76,28,1060214.72,4,1,4,3,1,13950.1937,12,1,0,2,Spiral,2574.99,1394213.07
71,7,340485.19,5,4,3,3,1,4795.5661,9,1,1,1,SAFe,485.61,339748.02
46,35,723182.73,1,1,3,2,4,15721.3637,6,5,0,2,Iterative,1248.96,919871.58
67,25,1439797.69,3,3,2,1,2,21489.5178,2,1,1,2,SAFe,1455.85,1732789.95
63,20,862587.14,2,4,1,1,3,13691.8594,1,5,1,2,SAFe,846.31,1108337.34
25,29,259306.77,3,5,4,2,4,10372.2708,8,1,1,3,Spiral,1340.78,318176.11
70,29,1244463.23,2,3,3,2,2,17778.0461,6,5,1,3,SAFe,1631.64,1779816.05
55,22,653898.44,1,5,4,2,4,11889.0625,8,5,0,2,Agile,1026.65,808812.41
27,33,262530.93,3,3,1,1,3,9723.3678,1,2,0,2,Scrum,935.63,288110.89
34,44,1143305.8,1,3,3,3,2,33626.6412,9,5,1,3,Spiral,1428.79,1322196.54
43,12,1266480.48,4,3,3,3,4,29453.0344,9,1,0,1,Agile,669.17,1604379.05
80,37,48941.68,1,3,2,1,2,611.771,2,3,0,2,SAFe,2322.68,56448.4
58,17,707511.29,1,5,2,1,4,12198.4705,2,5,0,3,SAFe,750.48,851998.64
47,4,669292.44,3,2,3,1,1,14240.2647,3,2,1,1,RAD,170.59,895059.18
9,1,689191.32,2,5,4,3,1,76576.8133,12,4,0,2,Scrum,7.16,93696.82
60,24,1152765.51,3,2,2,2,1,19212.7585,4,4,0,3,SAFe,1184.04,15984540.0
63,38,634392.41,3,5,3,3,2,10069.7208,9,3,0,1,Spiral,2372.56,839291.85
22,47,507692.58,5,2,1,1,3,23076.9355,1,3,1,3,Waterfall,802.08,564890.0
18,45,495863.37,4,3,4,2,3,27547.965,8,4,0,3,Agile,927.6,588879.58
62,43,1441689.55,3,2,3,3,2,23253.0573,9,4,1,1,SAFe,1954.04,259740.44
32,48,1488910.49,5,1,2,2,3,46528.4528,4,4,0,1,Waterfall,1361.39,1628406.68
7,47,1361490.65,2,3,5,2,2,194498.6643,10,2,0,2,Iterative,357.59,1656689.37
26,21,996099.13,4,2,5,3,4,38311.505,15,2,0,3,Spiral,759.5,1278648.85
58,24,49957.84,2,4,2,3,4,861.3421,6,5,0,3,Spiral,1302.29,58291.52
20,10,982036.08,2,2,2,2,3,49101.804,4,5,1,3,Scrum,201.11,1223127.24
77,29,267028.18,5,3,1,3,1,3467.8984,3,3,1,1,SAFe,1295.27,277563.47
23,34,218504.9,3,4,2,2,4,9500.213,4,3,1,1,Agile,741.6,268994.92
9,42,241810.53,1,4,4,1,2,26867.8367,4,4,0,1,Agile,195.63,235383.28
2,27,1345825.34,5,4,3,2,4,672912.67,6,5,0,1,XP,36.03,426684.32
75,30,1304435.61,2,2,4,2,2,17392.4748,8,3,0,2,SAFe,1751.3,1845814.38
12,18,223380.17,3,3,3,2,4,18615.0142,6,4,0,2,Agile,233.69,3359293.75
48,35,608379.27,4,3,1,3,4,12674.5681,3,4,1,3,Scrum,1573.3,861918.62
70,1,1182922.14,1,5,5,2,4,16898.8877,10,5,0,1,SAFe,53.76,849107.15
6,11,488015.6,5,2,5,3,1,81335.9333,15,4,0,1,Spiral,49.59,746351.96
65,11,669072.65,3,2,5,1,3,10293.4254,5,5,1,1,Agile,471.68,781714.42
45,5,202464.05,5,4,2,2,4,4499.2011,4,3,1,3,V-Model,287.33,273704.72
40,33,1409045.47,3,1,4,3,4,35226.1368,12,4,1,2,Spiral,1244.09,1541683.57
58,7,1085937.03,5,2,4,1,2,18723.0522,4,5,0,1,Waterfall,244.3,1490371.37
30,28,1113525.12,1,2,1,1,3,37117.504,1,4,0,1,Iterative,563.9,1368882.54
16,38,966534.74,4,5,5,2,1,60408.4212,10,3,0,2,Scrum,606.2,1244633.55
49,45,1261153.83,1,3,2,1,4,25737.8333,2,5,1,2,Iterative,1547.79,1397002.76
39,46,904315.44,4,5,1,3,3,23187.5754,3,4,1,2,Agile,1457.2,1214079.52
4,34,9754.72,2,2,1,3,2,2438.68,3,4,0,3,Iterative,103.91,13344.29
59,44,604549.75,1,3,2,2,3,10246.6059,4,4,0,2,SAFe,2825.81,782441.48
11,23,972636.99,2,5,3,1,1,88421.5445,3,1,0,2,Scrum,225.9,1228772.36
57,17,1436731.18,4,3,1,2,4,25205.8102,2,4,1,3,SAFe,1111.49,1610071.04
20,25,1501400.72,1,2,2,1,3,75070.036,2,4,1,1,Iterative,454.42,1787355.6
48,18,516963.92,4,2,2,2,1,10770.0817,4,1,1,3,Agile,975.05,610108.1
80,36,320753.35,3,3,5,3,4,4009.4169,15,4,1,3,Spiral,4073.67,388629.46
56,48,462358.33,1,2,4,1,1,8256.3988,4,3,0,3,SAFe,2072.86,606114.73
46,28,97730.9,2,1,3,1,3,2124.5848,3,3,1,3,Iterative,1342.93,105057.59
44,39,1522574.26,4,1,4,2,3,34603.9605,8,5,1,3,Spiral,2133.72,1770056.01
27,35,773588.51,4,5,3,2,4,28651.4263,6,1,1,1,Scrum,980.3,867466.82
42,8,1356827.49,3,1,1,2,1,32305.4164,2,1,1,1,Iterative,280.48,1507527.82
55,17,236730.59,2,1,3,1,1,4304.1925,3,5,0,2,SAFe,521.12,332969.45
6,6,112326.56,2,4,4,2,2,18721.0933,8,5,0,2,XP,26.78,418437.5
7,33,387093.62,5,4,1,2,2,55299.0886,2,3,1,2,Agile,161.86,547466.06
70,13,999970.25,1,5,2,1,2,14285.2893,2,5,0,1,SAFe,445.17,1192829.73
7,3,68571.09,2,5,1,1,1,9795.87,1,4,0,1,RAD,11.09,87333.75
43,1,117413.13,2,5,4,2,3,2730.5379,8,4,0,1,RAD,42.75,144541.84
49,38,338534.53,4,1,2,1,2,6908.868,2,5,1,3,Waterfall,1174.64,428924.55
70,26,1220477.48,3,4,4,1,1,17435.3926,4,1,1,3,SAFe,2157.9,1570829.34
29,29,135082.41,3,1,4,3,1,4658.0141,12,3,0,3,Spiral,916.41,157033.07
18,41,167850.21,2,2,1,1,1,9325.0117,1,2,0,1,Agile,371.21,215541.69
11,22,706921.56,3,2,2,3,3,64265.5964,6,1,0,1,Agile,297.07,819625.44
75,10,659084.34,2,3,3,3,1,8787.7912,9,3,0,3,Spiral,787.05,798842.21
65,2,1420986.69,1,5,1,3,3,21861.3337,3,5,1,1,Scrum,85.34,629914.29
54,8,614667.2,3,1,1,3,4,11382.7259,3,1,0,2,SAFe,532.44,701956.86
24,19,1153119.49,3,2,2,3,4,48046.6454,6,3,1,3,Scrum,441.7,1473085.67
65,3,341265.0,4,3,1,2,1,5250.2308,2,2,1,2,SAFe,159.53,400717.75
48,20,1314151.77,2,4,3,3,1,27378.1619,9,5,0,3,Scrum,761.77,1835298.34
43,25,778278.64,5,4,3,3,1,18099.5033,9,3,1,2,Agile,907.91,947207.2
31,45,171975.42,4,2,5,1,2,5547.5942,5,4,0,3,Waterfall,1300.44,219657.76
27,37,1308488.79,5,4,5,1,3,48462.5478,5,1,0,3,V-Model,1340.35,1598200.6
2,40,1243334.05,4,4,3,1,2,621667.025,3,3,0,2,Waterfall,71.82,879840.02
75,21,683245.78,1,3,3,1,3,9109.9437,3,3,1,3,SAFe,1739.23,954849.73
17,23,944107.92,1,3,2,2,1,55535.76,4,1,0,3,Scrum,459.49,1207407.74
24,3,103248.03,3,1,5,3,3,4302.0012,15,1,1,1,Spiral,135.89,129020.31
60,11,256765.12,1,2,2,2,2,4279.4187,4,3,1,2,SAFe,610.22,342513.32
9,48,136477.12,3,4,1,2,4,15164.1244,2,5,0,2,Agile,298.21,160022.23
76,45,459152.82,3,4,2,2,2,6041.4845,4,3,1,3,SAFe,3073.17,517711.84
5,8,677124.3,4,5,4,3,3,135424.86,12,4,1,1,V-Model,45.73,759164.56
34,22,800546.16,2,1,2,2,3,23545.4753,4,1,1,1,Agile,741.08,1099391.23
26,48,363153.08,2,5,5,2,4,13967.4262,10,2,0,3,Scrum,1737.0,430163.67
14,24,30740.88,2,4,3,1,3,2195.7771,3,3,0,3,Scrum,308.99,35409.3
75,30,822304.23,5,3,5,1,2,10964.0564,5,4,0,3,SAFe,2044.78,958309.97
80,38,734185.8,5,2,5,1,1,9177.3225,5,1,0,2,SAFe,3370.02,891966.1
12,41,291368.05,3,5,4,1,3,24280.6708,4,2,0,2,Scrum,632.79,398929.44
26,16,654130.56,1,3,3,2,2,25158.8677,6,3,1,1,Spiral,312.76,699290.1
10,18,262726.24,3,1,5,3,4,26272.624,15,5,1,2,Spiral,207.57,5643309.38
36,15,1164535.14,3,1,4,3,1,32348.1983,12,4,1,1,Spiral,509.76,1594623.48
51,4,566229.95,5,1,2,1,2,11102.548,2,2,0,2,SAFe,190.87,689085.73
60,26,735569.56,3,1,3,1,2,12259.4927,3,5,0,2,SAFe,1040.36,816141.24
69,15,833337.05,5,5,3,3,3,12077.3486,9,2,0,1,Iterative,1153.21,1115311.07
27,3,409738.31,3,2,1,3,2,15175.493,3,2,1,2,Iterative,77.0,509322.5
3,3,19900.81,4,5,3,1,1,6633.6033,3,4,0,1,Kanban,5.4,34425.0
39,36,524684.07,1,5,5,3,4,13453.4377,15,1,1,3,Spiral,2844.02,658060.44
38,1,939206.94,4,1,5,3,4,24715.9721,15,3,0,2,Spiral,51.72,939790.85
65,44,728471.97,3,2,3,3,3,11207.2611,9,3,1,2,SAFe,3212.95,890432.55
26,18,1091150.53,1,3,2,3,2,41967.3281,6,5,1,2,Iterative,331.05,1170137.92
65,42,758078.53,5,1,3,1,3,11662.7466,3,1,0,2,SAFe,3039.14,980340.77
8,8,150778.47,4,3,5,3,1,18847.3088,15,5,0,1,Spiral,58.57,187323.5
79,24,1236982.87,5,4,2,2,2,15658.011,4,1,0,1,SAFe,1645.14,1295084.46
5,25,829360.72,5,3,1,2,1,165872.144,2,4,1,2,Agile,74.19,829257.78
41,44,345850.58,2,5,1,2,2,8435.38,2,2,1,2,Scrum,1433.76,432856.68
2,4,1074113.69,4,4,4,2,3,537056.845,8,4,0,1,RAD,6.69,68518.69
74,46,300450.38,1,1,4,1,3,4060.1403,4,2,1,1,SAFe,2885.25,472812.14
25,29,404473.78,1,5,4,1,2,16178.9512,4,2,0,3,Scrum,721.7,446618.65
29,45,733131.0,2,3,5,1,3,25280.3793,5,5,0,1,Agile,927.97,804470.08
14,40,940430.23,1,1,1,1,4,67173.5879,1,4,0,1,Iterative,343.21,1164567.54
45,18,627130.94,3,4,2,2,2,13936.2431,4,1,0,1,Scrum,815.35,717653.1
37,30,1345523.18,1,1,5,3,2,36365.4914,15,1,0,2,Spiral,1787.22,1571765.73
58,18,1429800.68,2,4,3,2,3,24651.7359,6,5,0,3,SAFe,1091.3,1444024.62
63,42,1110160.73,4,2,3,3,2,17621.5989,9,3,1,3,Spiral,3409.63,1415208.85
56,15,1310889.21,3,3,5,2,3,23408.7359,10,4,1,3,Spiral,786.4,1449664.12
64,6,1247389.85,4,1,4,2,1,19490.4664,8,2,0,3,SAFe,385.35,1319933.0
5,6,1057100.11,2,4,2,3,4,211420.022,6,3,1,3,Kanban,30.52,243895.09
9,31,97400.74,1,4,2,1,1,10822.3044,2,5,1,3,Scrum,163.14,117178.13
42,22,1242453.15,1,5,4,3,3,29582.2179,12,4,0,3,Spiral,1335.83,1448233.07
36,34,303546.79,3,3,4,1,2,8431.8553,4,4,0,3,Agile,822.52,353272.69
36,28,1455947.91,3,1,1,2,4,40442.9975,2,5,0,1,Agile,575.71,1823636.8
9,47,1067411.77,5,5,3,2,3,118601.3078,6,4,0,2,Scrum,495.16,1262599.16
54,44,61437.58,4,4,4,2,4,1137.733,8,4,0,2,SAFe,2476.86,66143.31
74,47,1230248.18,4,5,2,1,1,16624.9754,2,4,1,3,V-Model,1090.32,698904.36
23,2,1406491.34,3,1,4,2,3,61151.7974,8,1,0,2,Agile,76.72,1588583.85
10,32,606296.74,2,3,5,1,4,60629.674,5,4,1,3,Iterative,264.28,825831.48
49,39,220038.83,2,4,3,2,4,4490.5884,6,4,0,1,Agile,1837.42,272771.76
48,28,177676.56,5,4,2,3,1,3701.595,6,4,0,1,Agile,698.42,257026.51
15,9,260966.36,3,4,1,1,2,17397.7573,1,2,0,1,Scrum,78.67,329486.28
8,12,153896.0,2,4,3,2,1,19237.0,6,4,0,2,Agile,80.37,924255.0
71,34,1157931.75,5,3,1,2,1,16308.8979,2,3,1,1,SAFe,1409.58,1361806.55
62,48,1206148.33,4,3,4,2,1,19454.0053,8,3,1,1,Spiral,2137.26,1434141.68
54,8,11256.44,4,4,3,1,4,208.4526,3,3,0,1,Agile,386.08,11116.55
24,29,1409577.45,2,3,2,2,3,58732.3938,4,4,0,3,Scrum,723.22,1969376.18
25,6,1246964.43,2,3,5,1,1,49878.5772,5,5,1,1,Agile,84.93,1456260.68
80,5,786177.36,5,4,3,2,4,9827.217,6,2,0,2,SAFe,470.64,1085678.67
18,20,752097.42,1,5,5,1,4,41783.19,5,3,0,3,Scrum,420.02,869407.38
78,24,1361406.22,3,5,1,2,1,17453.9259,2,1,1,2,SAFe,1494.4,1474119.52
66,5,1121307.12,1,5,5,1,2,16989.5018,5,4,0,3,SAFe,283.04,1253189.6
50,42,894173.03,1,1,4,1,2,17883.4606,4,3,0,1,Iterative,1954.79,1422007.54
58,3,1287527.27,2,4,4,2,2,22198.746,8,4,1,3,SAFe,128.52,1504054.07
18,1,1437810.21,1,1,3,3,2,79878.345,9,2,1,1,Iterative,22.78,217542.75
50,45,780665.17,4,2,5,1,4,15613.3034,5,2,1,3,V-Model,3416.55,891303.78
79,6,283729.92,2,2,5,1,1,3591.518,5,5,1,3,SAFe,356.67,374122.79
78,30,89831.64,5,4,3,1,1,1151.6877,3,1,1,2,SAFe,2035.09,112304.87
64,24,960731.96,4,5,3,1,1,15011.4369,3,4,1,1,Scrum,1045.03,1213227.69
69,33,461591.46,1,1,5,2,3,6689.7313,10,5,1,2,Spiral,2247.75,575474.49
6,34,622672.4,2,1,4,2,3,103778.7333,8,3,0,2,Iterative,267.68,712636.24
54,5,716385.04,4,2,4,2,3,13266.3896,8,3,0,1,V-Model,276.74,850707.22
58,19,1490302.16,4,5,4,3,1,25694.8648,12,2,1,1,Spiral,1012.61,1799033.59
24,15,35744.99,3,4,2,2,3,1489.3746,4,3,0,1,Agile,259.18,41885.57
49,48,1427883.0,5,4,3,3,2,29140.4694,9,4,1,2,Spiral,1981.12,1809391.54
53,46,1341355.35,3,3,4,3,4,25308.5915,12,3,1,2,Spiral,151.21,371870.36
58,8,579740.77,1,1,5,3,2,9995.5305,15,1,0,2,Spiral,762.41,693069.87
41,34,381150.03,5,1,2,1,2,9296.3422,2,3,0,1,Waterfall,1023.08,441500.26
16,44,226620.08,2,3,2,1,3,14163.755,2,4,0,2,Iterative,401.89,300888.99
44,23,478608.08,1,5,2,3,1,10877.4564,6,2,0,2,Scrum,1090.07,490711.48
13,8,150421.55,5,1,1,1,4,11570.8885,1,2,1,1,Waterfall,93.72,180561.34
15,24,305087.62,3,1,2,1,1,20339.1747,2,3,0,1,Waterfall,216.0,1620000.0
23,22,89135.8,1,1,3,1,2,3875.4696,3,4,1,2,Iterative,357.34,125335.02
62,29,582931.84,3,3,2,2,1,9402.1265,4,3,1,1,Agile,1089.01,667254.95
23,45,801337.49,1,1,3,3,2,34840.7604,9,1,0,3,Spiral,1644.99,969303.29
26,10,930420.0,4,3,3,2,2,35785.3846,6,1,0,1,Scrum,292.3,1066422.1
63,48,1177775.51,5,4,3,2,4,18694.8494,6,5,0,1,Agile,1942.52,1385405.21
50,26,581446.28,3,3,2,1,1,11628.9256,2,5,0,1,Waterfall,669.14,652320.5
20,45,365864.78,5,2,3,2,1,18293.239,6,2,0,3,Waterfall,1102.83,421879.57
24,28,654532.94,4,3,3,2,4,27272.2058,6,3,1,1,Agile,464.86,759966.29
33,16,1159370.91,3,5,1,2,1,35132.4518,2,4,0,1,Agile,251.46,1473409.9
31,1,1070895.93,5,4,4,2,2,34545.03,8,5,0,3,RAD,24.3,284022.7
34,41,1381026.48,1,1,1,1,2,40618.4259,1,5,1,2,Iterative,760.88,1608922.54
62,1,1009399.6,4,3,1,3,3,16280.6387,3,5,0,3,SAFe,59.83,595072.3
78,23,1310297.16,2,3,2,3,1,16798.6815,6,3,0,2,SAFe,1631.32,1917541.55
66,45,1210842.01,3,3,1,3,4,18346.0911,3,5,1,3,SAFe,3016.1,1629090.2
45,28,1051472.13,3,2,4,2,2,23366.0473,8,5,0,1,Agile,796.62,1295231.46
53,35,538768.81,4,4,2,1,2,10165.4492,2,3,1,1,V-Model,1177.98,637818.83
38,4,1194915.18,2,3,5,2,3,31445.1363,10,2,1,2,Spiral,189.66,1538077.24
47,26,120533.89,5,5,4,1,2,2564.5509,4,3,1,1,V-Model,797.44,142932.51
45,21,1026687.4,2,4,5,1,4,22815.2756,5,5,0,3,Scrum,848.26,1141574.27
46,13,203715.57,1,2,5,1,3,4428.5993,5,5,1,2,Iterative,467.27,242485.11
31,4,1127809.58,4,4,5,1,3,36380.9542,5,4,1,3,V-Model,126.5,1387081.06
29,21,1209538.88,3,2,2,3,2,41708.2372,6,2,0,3,Iterative,786.82,1624008.54
80,36,1545762.03,2,3,3,2,4,19322.0254,6,3,0,3,SAFe,3060.29,51642393.75
49,21,1123718.91,1,5,3,1,4,22933.039,3,5,1,3,Scrum,793.36,1308164.04
49,40,821982.68,1,3,5,2,2,16775.1567,10,2,1,3,Spiral,2711.2,941097.47
3,7,1047997.78,2,2,5,1,4,349332.5933,5,4,1,3,Iterative,16.09,300070.15
49,35,108879.0,5,5,1,2,3,2222.0204,2,2,0,2,Agile,2045.95,109316.23
29,33,398371.4,5,4,1,3,2,13736.9448,3,4,1,1,Agile,667.52,430254.23
51,42,368949.84,3,1,1,1,1,7234.3106,1,5,0,3,SAFe,1052.98,453867.52
57,4,1414619.66,1,3,4,1,1,24817.8888,4,5,1,2,SAFe,146.39,1639201.58
56,32,1099848.21,4,1,5,2,3,19640.1466,10,1,1,3,Spiral,2906.83,1326395.48
24,38,1212136.67,2,2,2,1,4,50505.6946,2,4,1,1,Iterative,516.3,1509302.97
36,8,1422134.98,2,4,5,3,2,39503.7494,15,4,1,2,Spiral,307.65,1745531.6
57,33,1261461.93,4,2,2,2,2,22130.9111,4,5,0,1,Agile,1217.94,1456597.98
54,12,133444.97,2,4,5,3,3,2471.2031,15,5,1,2,Spiral,776.49,147092.63
37,23,123017.76,2,1,3,1,2,3324.8043,3,4,0,2,Iterative,497.53,163952.47
12,34,1006664.16,4,4,1,1,1,83888.68,1,5,1,2,Waterfall,220.67,1272838.37
72,15,1225474.91,2,4,2,1,4,17020.4849,2,4,1,3,SAFe,868.65,1514223.14
56,30,1423288.84,2,4,2,1,2,25415.8721,2,1,0,3,SAFe,1805.92,1573366.05
34,23,450675.35,4,5,2,2,2,13255.1574,4,4,0,2,Scrum,631.75,556345.48
60,22,55175.17,4,3,2,2,2,919.5862,4,2,1,3,SAFe,1130.03,59253.78
49,34,588678.34,1,1,3,1,1,12013.8437,3,4,0,2,Iterative,1009.35,591196.44
54,20,1430329.56,1,2,1,2,3,26487.5844,2,3,0,3,SAFe,1001.74,2002169.09
20,2,657278.27,4,2,1,3,3,32863.9135,3,4,0,2,Agile,40.83,378609.89
55,26,601309.76,3,5,4,3,1,10932.9047,12,2,1,3,Spiral,1634.32,676511.21
76,13,156404.43,5,3,5,3,2,2057.953,15,5,0,2,Spiral,1127.92,186164.69
55,27,1158144.09,1,2,4,2,3,21057.1653,8,4,1,3,Spiral,2096.88,1201149.78
22,24,1365943.32,5,2,5,1,3,62088.3327,5,4,1,3,Spiral,467.76,1548106.6
52,21,665598.54,1,2,2,2,3,12799.9719,4,4,0,2,SAFe,1052.13,775115.72
56,16,263649.38,4,1,4,3,2,4708.0246,12,5,1,3,Spiral,870.83,307069.09
39,9,1176125.28,3,5,4,1,2,30157.0585,4,1,1,2,Scrum,391.24,1343682.74
12,45,244325.15,5,4,5,2,1,20360.4292,10,5,1,2,V-Model,332.2,289189.45
75,2,772436.45,3,3,5,3,3,10299.1527,15,2,1,3,Spiral,262.5,860839.69
28,31,311326.14,2,5,5,1,2,11118.7907,5,3,0,3,Scrum,790.43,358500.53
52,12,965683.09,2,2,5,2,4,18570.8287,10,5,0,3,SAFe,599.75,1234738.37
58,7,288114.59,3,3,2,1,3,4967.4929,2,1,1,3,SAFe,574.84,331656.95
69,30,1196689.0,2,3,1,3,1,17343.3188,3,3,1,2,SAFe,1410.14,1252270.95
35,2,519887.75,2,2,2,3,2,14853.9357,6,2,0,1,Agile,68.01,574173.06
4,30,513933.45,1,5,2,3,3,128483.3625,6,1,1,1,Spiral,152.46,543260.74
56,8,1356140.7,5,5,4,1,2,24216.7982,4,3,1,2,V-Model,371.26,1968370.02
25,17,676486.01,5,5,2,3,2,27059.4404,6,3,0,2,Agile,366.22,816434.89
61,31,921645.13,1,4,3,3,2,15108.9366,9,5,1,3,Spiral,1816.85,1203995.77
69,17,1097531.51,5,4,1,3,1,15906.2538,3,4,1,1,Agile,944.56,1145302.65
64,47,1159739.99,3,3,4,1,3,18120.9373,4,5,0,1,Agile,1718.29,1416390.61
16,47,59044.97,5,2,5,1,2,3690.3106,5,5,0,2,Waterfall,506.99,74929.89
53,33,710280.22,3,2,3,2,1,13401.5136,6,3,0,3,SAFe,1938.92,782772.77
58,21,1461491.41,1,4,5,2,1,25198.1278,10,2,0,2,SAFe,1254.16,1686690.93
63,18,1334595.89,2,1,1,3,1,21184.0617,3,5,0,2,SAFe,647.22,1433388.46
71,38,153983.08,4,3,4,3,1,2168.7758,12,2,1,2,Spiral,3290.3,202663.84
68,4,1317161.41,5,5,5,1,4,19370.0207,5,5,1,2,V-Model,204.03,1411190.25
77,12,936698.6,2,4,3,1,2,12164.9169,3,2,1,2,SAFe,951.06,1147275.42
22,25,293618.1,4,1,5,1,1,13346.2773,5,1,1,2,V-Model,568.5,395798.18
31,25,1314969.98,1,2,1,3,2,42418.3865,3,1,1,2,Iterative,764.92,1521791.54
52,7,921738.26,4,3,3,3,1,17725.7358,9,5,1,3,SAFe,313.14,1074823.06
12,45,543013.28,2,2,2,3,2,45251.1067,6,5,1,3,Iterative,360.15,832000.92
4,3,622284.09,4,5,5,2,1,155571.0225,10,2,0,1,RAD,12.35,153771.69
71,3,243141.77,2,5,1,3,1,3424.532,3,1,1,1,SAFe,197.48,234704.0
48,9,918026.01,2,1,2,1,4,19125.5419,2,5,0,1,Agile,239.57,1056455.03
13,46,787218.18,1,3,2,1,4,60555.2446,2,5,0,3,Iterative,511.42,973776.38
22,34,965676.71,5,3,4,2,3,43894.3959,8,4,1,3,V-Model,839.24,1226669.38
79,45,1009016.1,5,4,2,1,3,12772.3557,2,4,0,1,SAFe,2485.38,1180331.16
18,11,230203.47,1,2,4,2,1,12789.0817,8,3,0,3,Scrum,169.55,245127.29
74,2,152878.75,1,1,3,1,3,2065.9291,3,5,0,2,SAFe,110.11,194747.42
17,15,388677.7,4,3,3,2,3,22863.3941,6,4,0,1,Agile,272.67,470141.15
26,36,613538.12,3,1,1,1,1,23597.62,1,5,1,2,Agile,504.4,627849.4
2,12,817518.62,3,2,4,2,2,408759.31,8,4,0,1,Agile,16.5,197701.71
15,24,334503.96,5,1,3,1,3,22300.264,3,5,1,1,V-Model,267.7,4350125.0
18,20,1388605.28,3,2,3,3,2,77144.7378,9,1,0,2,Spiral,476.66,1683348.13
43,14,1345984.74,4,4,4,3,2,31301.9707,12,1,1,1,Agile,750.52,1574256.45
28,47,1100800.28,1,5,5,1,3,39314.2957,5,5,1,3,Scrum,1202.38,1311448.93
48,27,1433742.72,3,3,4,2,3,29869.64,8,1,0,2,Iterative,2142.66,1616717.15
56,3,1002888.04,1,3,3,1,1,17908.715,3,2,1,1,RAD,138.49,1279306.63
53,3,656824.43,2,1,1,1,1,12392.9138,1,5,0,3,SAFe,78.92,574517.93
37,45,31635.25,1,3,1,2,1,855.0068,2,5,0,3,Scrum,957.39,40093.29
33,37,1487318.82,1,3,5,2,2,45070.2673,10,3,0,1,Iterative,1288.08,1731556.4
21,38,726353.63,1,1,1,2,3,34588.2681,2,3,0,1,Iterative,621.15,877633.64
7,41,961939.47,5,3,1,2,4,137419.9243,2,2,0,1,Waterfall,285.81,962548.27
64,47,600148.63,5,2,2,1,1,9377.3223,2,5,0,3,SAFe,1968.19,758488.48
15,38,483381.0,1,3,3,2,4,32225.4,6,4,1,2,Spiral,450.45,594772.77
15,22,288792.78,4,1,5,2,2,19252.852,10,1,1,3,V-Model,442.67,309859.12
13,19,199775.24,4,3,5,2,3,15367.3262,10,2,1,2,Spiral,323.47,219525.35
9,14,413774.84,4,3,4,2,1,45974.9822,8,5,0,1,Agile,88.27,434112.34
25,17,953937.15,4,5,5,3,3,38157.486,15,3,1,2,Spiral,728.12,1200456.6
22,3,1268909.75,3,3,3,1,1,57677.7159,3,5,1,1,RAD,35.89,425134.99
62,11,216496.81,5,5,2,3,2,3491.884,6,3,0,3,SAFe,767.59,280898.96
54,13,806164.35,3,4,2,2,3,14928.9694,4,4,1,2,SAFe,700.99,935031.78
50,24,842219.59,4,3,3,2,1,16844.3918,6,3,0,3,SAFe,1207.5,20376562.5
15,24,292924.32,4,1,3,1,1,19528.288,3,2,0,1,Agile,216.0,1620000.0
12,14,427118.56,3,5,3,3,3,35593.2133,9,5,1,1,Agile,133.14,450340.36
49,37,517565.71,4,5,3,2,1,10562.5655,6,1,0,3,Scrum,1804.22,670860.4
66,28,1257619.47,2,2,2,1,2,19054.8405,2,3,1,2,SAFe,1458.35,1692832.02
32,15,1219777.95,1,3,2,3,2,38118.0609,6,1,0,1,Iterative,564.19,1490707.3
27,32,711795.44,4,3,1,3,2,26362.7941,3,4,1,2,Agile,694.8,943766.23
25,13,144093.45,5,2,2,2,1,5763.738,4,5,0,3,Waterfall,272.16,145423.46
56,9,593817.93,1,1,4,2,2,10603.8916,8,2,0,3,SAFe,625.84,595404.13
15,35,435884.37,2,2,4,1,4,29058.958,4,4,1,1,Agile,372.14,558595.99
6,12,234761.47,2,1,3,3,1,39126.9117,9,4,1,1,Spiral,46.69,289262.56
64,20,1398590.53,3,5,4,1,1,21852.977,4,4,0,3,SAFe,1003.02,1625902.5
80,36,1499772.66,4,4,3,2,4,18747.1582,6,3,0,3,SAFe,3060.29,51642393.75
30,35,1471381.12,2,2,2,3,2,49046.0373,6,3,0,3,Scrum,1044.3,1491206.25
38,47,295446.47,5,2,4,2,1,7774.9071,8,2,0,1,Agile,1375.54,335736.26
76,1,1074268.07,5,2,5,1,1,14135.1062,5,2,1,1,V-Model,56.05,1168771.45
77,36,1365295.71,3,3,3,3,2,17731.1131,9,4,1,3,SAFe,2584.03,1578603.22
34,34,73480.81,3,2,3,3,4,2161.2003,9,3,1,3,Spiral,1445.36,91010.48
70,20,369895.04,5,1,1,1,1,5284.2149,1,4,1,3,SAFe,676.64,418518.43
58,19,1397888.76,5,4,4,3,4,24101.5303,12,3,0,2,Spiral,1450.74,1616211.52
79,9,734859.04,1,4,3,1,1,9302.0132,3,5,1,2,SAFe,412.37,899814.18
69,35,292469.43,4,4,2,1,1,4238.6874,2,1,1,3,SAFe,2317.07,366972.81
55,1,385203.98,1,2,5,3,3,7003.7087,15,2,0,3,Spiral,80.18,512707.68
16,27,672077.99,4,3,1,3,3,42004.8744,3,3,0,1,Agile,486.03,903017.29
25,44,1342831.97,4,4,4,1,4,53713.2788,4,4,1,1,V-Model,976.46,1628169.27
52,41,224152.02,3,5,1,1,4,4310.6158,1,3,0,1,Scrum,1349.89,275571.0
46,2,1298774.47,2,5,3,2,2,28234.2276,6,3,1,1,RAD,65.73,647154.22
25,2,1131150.72,1,2,2,3,4,45246.0288,6,4,0,2,Iterative,46.32,396377.68
13,34,897670.8,1,3,2,2,1,69051.6,4,4,1,3,Scrum,381.13,1142235.31
61,42,1470347.61,4,5,1,2,3,24104.0592,2,4,1,2,SAFe,2167.47,1618984.89
39,33,1458184.51,4,1,2,2,4,37389.3464,4,1,1,1,Agile,1533.8,1841799.56
74,3,330748.07,1,3,2,3,1,4469.5685,6,4,1,1,SAFe,130.61,407439.27
3,47,714051.1,3,4,4,3,3,238017.0333,12,5,1,2,Spiral,140.45,779957.53
22,48,487291.86,3,5,4,3,3,22149.63,12,2,0,1,Spiral,1387.7,512995.05
33,37,631635.54,3,3,5,2,4,19140.4709,10,3,1,1,Spiral,1399.97,751403.26
11,38,1273809.98,1,5,3,1,1,115800.9073,3,3,1,1,Scrum,307.38,1366623.15
19,23,1085671.93,3,2,2,1,3,57140.6279,2,1,1,2,Iterative,392.95,1160523.53
76,26,33449.7,2,4,3,2,4,440.1276,6,1,1,3,SAFe,2895.79,36896.14
9,37,79937.63,2,5,1,1,4,8881.9589,1,4,0,2,Scrum,268.04,107511.74
75,36,1254281.04,4,5,5,1,4,16723.7472,5,2,1,2,V-Model,3072.62,1494329.23
29,46,985780.41,4,4,1,2,2,33992.4279,2,2,0,1,Agile,1211.18,1191189.23
12,38,213350.21,5,5,4,2,2,17779.1842,8,2,0,3,Scrum,467.67,232305.97
22,9,1262864.32,5,4,4,1,2,57402.9236,4,2,1,2,V-Model,158.89,1407641.2
17,11,535493.88,3,3,5,2,3,31499.64,10,2,0,1,Agile,198.97,572432.61
42,43,918313.66,4,1,2,2,1,21864.611,4,4,0,2,Agile,1509.8,979285.49
6,44,961089.66,3,1,4,3,2,160181.61,12,3,0,1,Spiral,221.51,1082257.93
45,14,456569.8,4,5,2,2,2,10145.9956,4,5,0,2,Scrum,419.34,500061.93
41,41,274505.02,5,1,1,2,2,6695.2444,2,3,1,1,Waterfall,1054.27,343215.31
49,5,728049.59,5,2,4,3,4,14858.1549,12,4,1,3,V-Model,329.55,751781.64
40,2,67444.55,3,5,3,3,1,1686.1138,9,1,0,2,Spiral,103.7,63370.02
6,38,39866.13,4,5,4,1,1,6644.355,4,2,1,1,V-Model,156.16,45595.37
24,26,600882.4,1,5,4,3,4,25036.7667,12,5,0,3,Spiral,749.46,670446.42
16,45,265811.93,2,5,5,2,4,16613.2456,10,5,0,2,Scrum,571.69,315712.97
15,9,1487259.45,4,3,2,3,3,99150.63,6,1,0,1,Agile,180.66,1441420.21
58,1,1389393.7,2,2,2,2,2,23955.0638,4,1,1,1,RAD,49.86,500555.51
20,29,1492904.51,5,3,3,3,2,74645.2255,9,2,1,1,Spiral,524.81,1940680.63
18,25,945950.2,3,1,2,1,1,52552.7889,2,2,1,3,Waterfall,398.63,1066376.27
10,21,863840.11,3,4,2,1,3,86384.011,2,2,0,1,Waterfall,181.22,937660.93
78,29,1372268.35,1,4,4,3,2,17593.184,12,2,1,3,Spiral,3105.49,1804212.65
70,38,326673.02,1,2,4,1,2,4666.7574,4,2,1,1,SAFe,2242.43,348478.91
59,10,790427.88,4,2,4,3,1,13397.0827,12,2,1,3,Spiral,1041.18,969776.09
25,37,729401.04,2,5,4,3,3,29176.0416,12,3,0,1,Spiral,1318.53,1032016.26
71,28,111719.5,5,1,3,3,4,1573.5141,9,3,1,2,SAFe,2299.87,133630.92
80,32,1464131.64,4,3,3,3,3,18301.6455,9,4,1,3,Spiral,3436.84,1824904.68
8,19,978804.41,3,3,4,3,1,122350.5512,12,3,0,1,Spiral,111.97,1173233.22
10,40,639645.88,4,4,2,1,2,63964.588,2,1,0,1,Scrum,300.39,845909.08
47,28,641204.93,1,5,4,3,3,13642.6581,12,3,0,1,Spiral,1447.87,760112.92
40,25,1292477.27,4,2,1,1,1,32311.9318,1,4,0,2,Waterfall,465.79,1352587.25
29,7,1330682.58,4,3,3,3,1,45885.6062,9,5,0,1,Spiral,156.41,1566630.04
47,16,284716.13,4,4,5,2,1,6057.79,10,1,1,3,V-Model,944.74,327507.17
26,36,1124264.58,2,5,4,2,1,43240.9454,8,2,1,2,Spiral,1022.43,1377414.17
46,32,511824.96,5,2,2,1,1,11126.6296,2,5,1,3,Waterfall,850.94,611256.28
34,48,1058894.94,5,5,4,2,4,31143.9688,8,3,1,1,V-Model,1412.72,1510179.51
22,47,992204.13,3,3,4,1,4,45100.1877,4,3,0,2,Waterfall,1134.52,872570.72
58,23,1243486.71,3,1,5,3,3,21439.426,15,1,1,3,Spiral,2641.74,1447234.39
71,31,709658.97,3,2,2,2,1,9995.1968,4,5,1,3,SAFe,1305.8,800777.06
19,28,539890.39,4,2,4,3,1,28415.2837,12,4,1,3,Spiral,440.64,639418.1
16,40,1268341.04,3,5,4,1,1,79271.315,4,3,1,1,V-Model,436.35,1529903.01
29,20,539827.98,2,1,4,1,4,18614.7579,4,3,1,1,Iterative,495.4,592527.08
70,40,117517.82,3,5,2,2,4,1678.826,4,5,0,3,SAFe,2105.4,146434.34
52,18,607354.16,1,3,1,3,4,11679.8877,3,5,0,1,Agile,640.35,725490.06
53,10,289406.13,2,2,5,1,4,5460.493,5,1,1,1,Iterative,584.64,301968.14
72,18,1127507.29,4,2,5,1,4,15659.8235,5,2,1,2,V-Model,1694.3,1161632.21
4,31,1347028.8,3,4,1,1,1,336757.2,1,2,0,2,Waterfall,83.58,648608.39
32,48,879466.43,1,5,3,3,2,27483.3259,9,2,1,3,Spiral,2000.68,1017995.86
34,41,675273.42,3,4,3,2,1,19860.9829,6,1,0,3,Scrum,1653.11,888463.14
41,23,396182.84,2,3,1,1,4,9662.9961,1,5,0,1,Agile,482.64,403089.43
27,24,272921.02,5,4,5,2,4,10108.1859,10,2,0,3,Scrum,728.46,277747.0
18,24,830900.69,5,3,2,1,3,46161.1494,2,4,1,3,Waterfall,315.42,957308.78
77,24,1144624.59,5,4,3,2,2,14865.2544,6,5,1,2,SAFe,1083.35,1298994.28
45,20,1267649.47,5,1,1,3,1,28169.9882,3,5,0,2,Agile,634.11,1404928.74
48,13,487522.81,1,4,2,3,4,10156.7252,6,5,0,2,Scrum,661.16,508876.47
37,45,347508.82,1,4,3,1,3,9392.1303,3,1,1,1,Scrum,1825.32,365867.89
19,14,1431903.91,5,1,4,2,4,75363.3637,8,5,0,1,Waterfall,213.78,1766502.48
46,47,1346437.12,3,3,2,2,2,29270.3722,4,4,1,2,SAFe,1674.79,1332111.82
34,23,940265.7,2,3,3,2,4,27654.8735,6,2,1,2,Iterative,937.77,1108261.51
49,33,1288862.1,4,2,3,2,4,26303.3082,6,2,1,3,Agile,1836.26,1776550.41
59,47,400593.81,2,5,5,3,4,6789.7256,15,4,1,1,Spiral,3345.52,480997.09
52,11,1410693.79,1,1,3,2,1,27128.7267,6,2,0,2,SAFe,437.58,1676931.01
5,9,976759.38,1,4,4,3,2,195351.876,12,5,1,1,Scrum,30.79,372520.95
65,38,182287.78,5,1,5,3,1,2804.4274,15,3,1,2,Spiral,2366.43,275945.34
20,43,171729.33,2,5,4,2,4,8586.4665,8,2,0,3,Scrum,1212.11,188678.66
30,37,1000663.01,1,2,3,2,4,33355.4337,6,1,1,1,Iterative,1140.08,1169621.26
22,37,1162311.83,3,5,5,1,3,52832.3559,5,4,1,3,Scrum,692.27,1308982.33
68,5,1313155.47,1,3,2,3,3,19311.1099,6,5,0,3,SAFe,347.64,1647131.52
27,11,1405739.86,4,5,2,2,2,52064.4393,4,2,0,1,Agile,209.51,1246989.14
80,42,784774.01,3,2,2,2,1,9809.6751,4,4,1,3,SAFe,2373.55,1014960.48
28,9,1043208.55,1,4,2,1,2,37257.4482,2,2,1,1,Iterative,172.55,992457.62
12,8,830901.47,3,2,4,2,1,69241.7892,8,2,1,3,Iterative,115.09,1052300.32
70,4,722833.16,5,3,4,1,3,10326.188,4,3,1,1,V-Model,312.14,830609.67
64,39,295084.74,3,3,3,3,1,4610.6991,9,3,1,2,Spiral,2170.86,364780.96
56,25,129023.98,4,5,2,1,3,2303.9996,2,2,1,2,Waterfall,1693.91,144375.73
71,18,1557342.67,4,5,1,3,4,21934.4038,3,3,1,2,SAFe,1490.31,1965854.42
73,38,825830.22,5,2,1,1,3,11312.7427,1,4,1,2,SAFe,1590.17,1228487.91
37,22,228376.06,4,3,2,1,4,6172.3259,2,3,0,1,Waterfall,619.32,290072.68
59,38,1444798.57,3,4,1,3,2,24488.1114,3,1,1,3,SAFe,2626.57,1822464.48
32,45,1010869.12,5,5,1,1,3,31589.66,1,1,1,1,Waterfall,1368.11,1135057.6
7,29,474772.36,4,2,5,3,4,67824.6229,15,5,0,1,Spiral,208.82,540453.84
45,23,42329.55,4,2,1,2,1,940.6567,2,4,1,2,Agile,507.15,46742.41
3,20,875542.19,5,1,4,1,2,291847.3967,4,2,0,1,Waterfall,47.32,630974.45
62,26,1443149.89,2,1,1,2,1,23276.6111,2,5,0,3,SAFe,1105.28,1415638.52
73,36,1339555.85,1,2,1,1,2,18350.0801,1,5,1,1,SAFe,1456.39,1746533.11
43,22,1468096.79,2,1,5,1,4,34141.7858,5,1,1,1,Iterative,894.95,1584336.79
66,48,1460149.4,5,1,3,3,2,22123.4758,9,2,0,2,Spiral,4169.42,1916234.8
27,15,834048.43,5,1,5,2,4,30890.6826,10,5,0,2,Waterfall,323.55,1054190.52
52,42,241883.88,5,4,2,3,3,4651.6131,6,1,1,3,SAFe,3067.99,313793.38
72,42,193327.09,3,3,4,1,1,2685.0985,4,1,0,1,SAFe,2849.65,229419.13
13,4,493604.29,4,5,3,3,1,37969.5608,9,3,0,3,Scrum,47.53,562758.32
22,29,1385315.75,4,5,5,3,3,62968.8977,15,3,0,1,Spiral,967.06,1502310.56
29,39,635610.31,2,5,2,3,1,21917.5969,6,3,0,1,Spiral,1033.61,680445.05
66,25,259361.38,2,5,2,2,1,3929.7179,4,2,0,2,SAFe,1223.57,306448.96
19,1,1100043.68,2,1,1,3,3,57897.0358,3,2,0,1,Iterative,16.5,89986.78
64,25,162789.75,2,5,4,1,2,2543.5898,4,1,0,3,SAFe,1831.11,221716.26
40,25,1211653.41,4,3,3,3,2,30291.3352,9,3,1,2,Spiral,920.41,1573372.94
11,37,557206.62,5,5,3,1,3,50655.1473,3,5,1,2,V-Model,299.98,598648.3
48,38,748548.08,4,1,4,3,1,15594.7517,12,1,0,1,Spiral,2309.2,808434.51
3,28,803952.12,5,1,5,3,4,267984.04,15,1,1,2,Spiral,132.99,1055243.89
14,5,528750.68,2,3,4,2,1,37767.9057,8,5,1,1,Spiral,42.47,612236.47
57,22,1365422.38,4,3,5,2,1,23954.7786,10,4,1,1,Spiral,925.19,1890535.9
4,44,890523.48,2,4,3,2,3,222630.87,6,2,1,3,Scrum,223.43,1283528.71
6,18,86792.61,1,1,4,2,1,14465.435,8,3,0,2,Iterative,103.98,1143780.0
8,3,802924.72,1,4,2,3,1,100365.59,6,1,0,3,Scrum,27.34,164312.48
30,24,408485.37,2,3,2,1,1,13616.179,2,2,1,2,Agile,510.48,426129.08
77,9,584096.63,1,3,2,1,1,7585.6705,2,1,0,1,SAFe,481.19,699171.42
10,12,157583.35,3,4,2,2,1,15758.335,4,4,0,1,Scrum,78.94,947280.0
24,11,590551.87,5,3,3,3,3,24606.3279,9,1,1,2,Spiral,403.31,694053.85
53,18,161050.03,5,2,3,1,4,3038.6798,3,2,1,2,V-Model,1035.22,197833.13
70,21,1347481.42,4,5,2,3,4,19249.7346,6,3,0,1,SAFe,1243.64,1567962.54
76,8,216042.71,3,2,4,3,2,2842.6672,12,1,0,2,SAFe,778.22,223379.25
32,48,1040487.05,4,2,4,2,1,32515.2203,8,2,1,2,Waterfall,1601.85,1151664.56
28,4,1377852.18,2,2,3,1,1,49209.0064,3,3,0,1,Scrum,85.37,1014254.63
14,20,1328913.78,3,2,5,2,2,94922.4129,10,5,1,3,V-Model,246.17,1630593.54
45,42,241850.14,4,4,4,1,3,5374.4476,4,4,1,1,V-Model,1592.33,290635.29
35,27,651096.69,2,2,2,2,2,18602.7626,4,2,1,1,Iterative,942.18,680278.95
51,6,743666.94,4,2,3,2,2,14581.7047,6,3,1,1,V-Model,238.95,970612.13
6,6,78111.81,1,5,2,2,1,13018.635,4,2,0,1,Scrum,26.91,322920.0
53,35,1261864.42,2,5,2,1,2,23808.7626,2,4,0,3,SAFe,1023.34,1674397.85
68,8,1143355.89,1,2,1,2,2,16814.0572,2,3,0,2,SAFe,523.48,1429099.02
46,17,983524.45,4,2,5,2,2,21380.9663,10,3,0,1,Agile,667.76,1091251.16
78,10,573059.88,3,3,1,1,1,7346.9215,1,5,1,3,SAFe,443.91,712881.38
55,43,514128.17,3,4,1,1,2,9347.7849,1,2,0,1,Agile,1352.26,575895.11
31,13,807631.58,2,5,1,1,1,26052.6316,1,4,1,3,Scrum,216.44,954531.61
25,26,1317902.97,5,3,2,1,4,52716.1188,2,5,0,2,Waterfall,477.74,1495668.11
35,44,921456.57,2,5,5,1,4,26327.3306,5,4,1,3,Scrum,1769.54,1133243.76
71,17,940975.57,5,1,3,3,4,13253.177,9,3,0,2,Agile,1126.04,1191997.82
25,48,966239.03,5,3,1,2,3,38649.5612,2,5,1,3,Scrum,1017.52,1130960.03
35,14,143503.27,3,5,1,1,4,4100.0934,1,5,0,2,Waterfall,266.5,183947.95
60,7,1180153.79,1,5,4,3,4,19669.2298,12,2,0,2,Spiral,626.96,1295606.92
22,36,978733.8,2,2,1,1,2,44487.9,1,3,1,1,Iterative,460.01,1056857.88
27,16,481475.93,4,3,1,1,4,17832.4419,1,2,0,2,Waterfall,331.0,575642.2
18,44,310650.96,1,4,5,3,1,17258.3867,15,5,0,2,Spiral,651.88,407531.78
3,12,84484.42,3,5,4,2,1,28161.4733,8,5,0,1,XP,23.29,436687.5
29,20,310341.02,1,2,1,1,2,10701.4145,1,5,1,1,Iterative,248.5,404271.03
56,43,256141.64,1,4,4,3,3,4573.9579,12,5,0,1,Spiral,2410.86,318839.59
61,35,313143.48,4,3,3,3,1,5133.4997,9,5,1,3,Spiral,1757.63,381324.46
6,6,1198737.55,2,4,1,1,3,199789.5917,1,4,1,2,Scrum,26.79,312732.08
16,35,538254.31,2,5,3,2,1,33640.8944,6,2,1,2,Scrum,408.9,544534.41
62,13,10714.83,1,2,5,3,2,172.8198,15,4,0,3,Spiral,785.79,12082.54
23,28,535584.47,5,5,4,2,3,23286.2813,8,2,0,3,Scrum,820.57,699890.57
29,6,158158.93,4,3,5,3,4,5453.7562,15,1,1,2,Spiral,261.08,184403.35
23,13,198444.46,3,4,4,1,3,8628.02,4,2,1,1,Agile,278.62,257348.29
70,29,243202.68,2,1,4,3,1,3474.324,12,4,0,3,V-Model,2262.11,317896.27
45,18,209678.5,2,2,4,2,1,4659.5222,8,3,0,1,Iterative,589.76,240881.45
5,28,245317.39,5,5,4,3,1,49063.478,12,2,0,2,Spiral,149.3,300724.77
49,1,341318.27,3,4,1,2,3,6965.679,2,1,1,3,RAD,70.79,431533.07
48,31,282809.92,2,1,3,2,3,5891.8733,6,2,0,1,Iterative,1502.08,359096.1
2,19,456489.22,5,4,2,3,1,228244.61,6,5,1,3,Spiral,31.05,628551.94
3,2,685648.17,5,5,1,3,1,228549.39,3,3,1,1,Kanban,4.27,23568.03
30,12,991825.28,5,5,5,2,4,33060.8427,10,2,1,3,V-Model,474.99,1258023.25
8,24,220267.57,1,1,2,3,4,27533.4462,6,1,1,1,Iterative,210.13,259172.68
78,43,1075288.22,4,2,4,2,4,13785.7464,8,3,1,1,V-Model,2598.16,1257291.96
70,17,293762.53,5,5,1,3,2,4196.6076,3,2,1,1,SAFe,1312.04,316110.6
9,20,341759.91,2,5,5,3,2,37973.3233,15,4,1,1,Spiral,179.25,397948.18
16,26,609768.32,4,2,5,1,4,38110.52,5,1,1,1,V-Model,449.01,764657.95
42,9,831195.11,3,4,2,3,3,19790.3598,6,2,1,2,Agile,629.38,1056276.09
14,38,387746.02,1,4,1,2,2,27696.1443,2,4,1,2,Iterative,364.52,499723.32
22,16,102498.69,3,5,5,3,3,4659.0314,15,5,0,1,Spiral,437.08,127261.34
66,27,1449055.33,3,2,2,1,2,21955.3838,2,2,1,1,Iterative,1588.23,1765499.39
36,40,1033800.86,4,4,5,3,1,28716.6906,15,1,0,1,Spiral,1678.73,1273001.68
50,13,196637.17,1,4,4,3,4,3932.7434,12,2,0,1,Spiral,1027.28,247074.97
67,12,50277.96,4,1,4,2,4,750.4173,8,1,1,1,V-Model,1070.13,49430.04
79,21,1051018.02,5,5,3,2,1,13304.0256,6,2,0,3,SAFe,1957.96,1377303.18
77,42,145976.17,1,5,4,3,2,1895.7944,12,1,1,3,Spiral,5030.23,202707.01
54,6,589610.56,5,4,4,1,2,10918.7141,4,4,1,3,V-Model,315.75,757083.75
18,47,383113.27,2,1,1,2,4,21284.0706,2,4,1,3,Agile,850.89,416485.73
61,10,1392158.69,5,5,4,2,2,22822.2736,8,5,0,2,SAFe,464.3,1897944.23
39,48,1415724.32,5,2,3,2,1,36300.6236,6,1,1,2,V-Model,2153.97,1668361.64
25,43,1367393.97,1,4,3,3,2,54695.7588,9,4,1,1,Spiral,818.71,1785892.7
19,27,29236.88,1,5,3,2,4,1538.7832,6,2,1,1,Spiral,487.17,39556.39
49,20,109134.37,3,4,5,3,2,2227.232,15,1,0,1,Spiral,1184.23,148723.22
80,39,1033431.22,3,5,3,1,4,12917.8902,3,1,1,1,SAFe,2504.1,1280618.45
55,8,1148780.53,1,2,3,2,1,20886.9187,6,4,0,3,SAFe,275.21,1268127.52
18,29,614528.45,1,1,3,3,1,34140.4694,9,5,1,1,Spiral,394.5,653463.03
50,36,942073.31,5,5,5,3,4,18841.4662,15,2,1,3,Spiral,2571.34,1055241.94
72,42,1083516.46,4,1,5,1,1,15048.8397,5,3,1,3,V-Model,1734.3,1070726.66
29,19,509209.06,5,4,5,3,4,17558.9331,15,3,0,2,Spiral,759.47,617927.65
32,28,1030454.18,5,5,4,2,2,32201.6931,8,1,1,3,V-Model,1237.33,1422708.39
28,1,644367.71,1,3,1,1,3,23013.1325,1,3,0,2,Iterative,25.48,159474.93
14,23,1445958.47,2,4,5,3,4,103282.7479,15,5,0,2,Spiral,342.45,1583913.41
8,32,597222.16,4,4,4,3,4,74652.77,12,3,1,3,Spiral,315.78,827157.62
47,23,1021317.75,3,4,3,1,4,21730.1649,3,4,0,1,Agile,687.36,1361707.72
40,2,317534.28,4,4,3,3,3,7938.357,9,3,0,2,Agile,99.17,353361.48
63,45,131347.83,4,2,5,3,2,2084.8862,15,1,1,2,Spiral,4020.22,152335.29
12,43,191387.91,4,4,4,2,2,15948.9925,8,1,0,2,Scrum,662.63,254156.53
71,9,543323.48,1,4,1,3,2,7652.4434,3,3,0,1,SAFe,581.4,689528.9
79,22,916677.21,5,5,2,1,3,11603.509,2,5,0,1,SAFe,1066.53,1096204.24
10,10,506862.77,5,5,2,2,4,50686.277,4,1,1,3,Scrum,116.16,702406.52
28,17,376419.84,5,1,5,1,3,13443.5657,5,5,1,2,V-Model,372.13,387694.34
35,25,1184985.95,4,1,2,1,3,33856.7414,2,4,0,2,Agile,793.32,1325318.9
69,19,1235694.15,5,1,1,1,4,17908.6109,1,2,0,1,Waterfall,1132.24,1431146.08
77,46,1226137.38,4,2,4,2,3,15923.8621,8,4,1,2,Spiral,74.23,1055880.23
33,10,195646.46,3,2,3,2,1,5928.6806,6,4,1,3,Spiral,295.1,211432.71
32,17,252267.51,5,1,4,1,4,7883.3597,4,2,1,3,V-Model,694.63,307151.81
20,41,179953.3,4,2,3,3,3,8997.665,9,3,0,3,Agile,1063.41,190692.69
41,31,332161.41,5,3,2,2,2,8101.4978,4,1,1,1,Waterfall,1275.05,486430.4
58,45,1251976.39,4,3,4,2,2,21585.7998,8,2,1,2,Spiral,2922.47,1612712.53
4,43,1206459.98,4,5,3,2,3,301614.995,6,2,0,2,Scrum,207.81,1372518.23
62,38,778379.28,5,5,5,1,1,12554.5045,5,3,1,3,V-Model,2359.58,936178.23
2,23,795890.57,4,4,4,3,3,397945.285,12,1,1,2,Spiral,74.01,829481.37
6,28,1090871.81,4,1,4,2,2,181811.9683,8,5,0,1,Waterfall,111.71,1318460.55
28,27,820515.08,1,5,2,1,2,29304.11,2,4,0,1,Scrum,465.67,887110.51
29,17,244594.14,5,1,5,2,3,8434.2807,10,5,1,3,V-Model,588.5,320321.09
25,47,1448087.51,5,4,3,2,4,57923.5004,6,1,1,2,V-Model,1377.44,1816625.92
60,21,862213.85,5,4,5,2,1,14370.2308,10,5,0,1,Scrum,824.61,1117401.06
27,40,387237.23,2,3,1,2,2,14342.1196,2,2,0,2,Agile,837.9,484532.57
75,7,234198.37,3,5,4,1,2,3122.6449,4,2,0,2,SAFe,580.21,266753.42
65,15,452897.86,5,4,1,1,3,6967.6594,1,3,1,1,Waterfall,661.05,620961.17
62,22,1038938.67,3,1,5,3,4,16757.0753,15,3,0,3,V-Model,1879.87,1276038.32
41,8,755918.73,5,1,2,2,3,18437.0422,4,1,0,3,Agile,489.07,938761.71
37,15,1044745.8,4,3,3,2,4,28236.373,6,4,0,3,Scrum,599.25,1287880.58
6,24,819121.44,1,5,1,3,3,136520.24,3,5,1,3,Scrum,126.15,956234.83
3,25,1059037.99,4,2,3,1,4,353012.6633,3,1,1,2,Agile,83.3,726767.29
23,4,674836.06,1,3,3,2,3,29340.6983,6,4,1,2,Spiral,80.82,775638.45
3,12,80854.5,2,5,4,2,1,26951.5,8,5,0,1,XP,23.29,436687.5
52,48,346247.43,5,3,2,2,3,6658.6044,4,1,1,3,V-Model,3338.45,371052.36
77,40,1373407.01,3,2,1,3,1,17836.4547,3,5,1,1,SAFe,1726.37,1663969.83
78,11,1190369.38,2,3,4,1,1,15261.1459,4,4,0,3,SAFe,658.7,1541160.89
34,18,1121534.19,3,3,3,2,3,32986.2997,6,1,1,1,Agile,630.9,1091062.74
73,37,989623.42,3,5,3,2,2,13556.4852,6,3,0,3,SAFe,3096.18,1075533.02
66,7,705356.41,4,2,5,3,4,10687.2183,15,3,1,1,Spiral,441.12,799134.55
46,48,1243333.4,4,3,4,2,4,27028.987,8,3,0,2,Agile,1183.13,738932.54
78,28,681740.25,1,5,2,2,2,8740.2596,4,1,1,2,SAFe,2130.95,954318.92
12,48,607781.29,5,3,2,3,1,50648.4408,6,2,1,3,Scrum,644.07,816190.31
79,4,1461528.6,2,3,1,1,3,18500.362,1,1,1,3,SAFe,389.75,1776202.29
57,36,31218.64,4,1,5,1,1,547.6954,5,3,0,3,SAFe,1889.07,39179.61
45,47,390115.57,2,1,5,3,3,8669.2349,15,3,0,1,Spiral,2175.96,453091.0
61,43,938897.57,1,4,2,1,1,15391.7634,2,1,0,1,Scrum,2015.93,1137532.16
9,34,1270761.23,5,2,2,3,2,141195.6922,6,5,0,3,Agile,254.16,1662931.22
28,48,861859.69,4,1,3,2,3,30780.7032,6,4,0,3,Agile,1437.62,1038342.26
51,29,1061940.81,2,4,5,3,3,20822.3688,15,2,1,3,Spiral,2879.33,1261744.79
21,40,645048.54,1,4,4,3,1,30716.5971,12,2,1,1,Spiral,973.9,691509.39
19,38,1239915.12,1,1,5,2,1,65258.6905,10,5,0,3,Iterative,580.37,1810872.47
72,3,1332161.3,3,1,2,3,4,18502.2403,6,2,1,1,SAFe,187.96,1624462.05
9,10,190179.51,2,4,3,2,3,21131.0567,6,5,0,2,Scrum,73.65,206627.53
57,3,340947.61,1,3,4,3,1,5981.537,12,4,0,3,Spiral,218.9,434161.84
40,1,607000.91,1,5,5,1,4,15175.0228,5,2,0,1,RAD,41.2,608312.97
68,8,619769.8,1,2,3,2,3,9114.2618,6,2,1,2,SAFe,583.68,715872.73
24,30,1297374.31,4,2,4,3,1,54057.2629,12,1,1,3,Spiral,1110.23,1663395.75
60,39,796824.79,2,4,3,1,4,13280.4132,3,4,0,3,SAFe,1961.5,987489.55
75,41,569027.85,2,3,5,3,1,7587.038,15,3,1,3,Spiral,3610.38,595156.45
75,37,382452.37,1,2,2,3,3,5099.3649,6,1,1,1,SAFe,3384.03,434425.88
15,47,1047206.69,5,4,4,1,2,69813.7793,4,2,1,3,V-Model,737.18,1294123.2
80,19,322534.59,4,5,5,3,2,4031.6824,15,4,0,2,Spiral,1726.97,315514.95
26,32,117964.16,4,4,4,3,4,4537.0831,12,1,1,2,Spiral,1240.45,142045.4
51,26,1175496.81,5,2,1,3,1,23048.9571,3,4,1,2,SAFe,1024.64,1573543.37
3,26,660141.74,3,4,4,1,3,220047.2467,4,3,0,1,XP,64.43,850523.27
19,20,50899.74,3,1,4,3,1,2678.9337,12,2,1,3,Spiral,415.84,71811.37
30,15,1175778.33,1,3,4,3,4,39192.611,12,1,1,1,Spiral,761.57,1428729.87
18,4,851847.67,4,4,5,1,2,47324.8706,5,5,0,1,RAD,45.08,710562.62
53,40,1107422.42,5,5,5,3,3,20894.7626,15,3,0,3,Spiral,4147.24,1260983.3
10,5,674034.31,2,5,5,2,4,67403.431,10,4,0,2,Scrum,45.42,822504.37
20,37,1166971.66,3,4,1,1,3,58348.583,1,4,1,2,Scrum,531.0,1564588.43
43,17,347452.21,2,4,3,3,4,8080.284,9,5,0,2,Agile,604.11,485265.4
18,48,282363.83,3,2,5,2,1,15686.8794,10,2,0,3,Scrum,981.03,311659.2
18,38,335242.76,5,2,3,3,1,18624.5978,9,2,0,2,Spiral,689.05,431518.55
80,23,1409006.79,3,4,4,1,2,17612.5849,4,4,1,1,SAFe,1307.33,1876308.12
57,38,103352.05,4,2,2,2,1,1813.1939,4,1,1,3,SAFe,2218.81,109837.19
23,42,582650.36,3,2,1,3,2,25332.6243,3,5,1,2,Iterative,648.87,597208.48
30,38,175156.85,2,4,1,2,2,5838.5617,2,3,1,3,Scrum,987.77,204664.43
6,1,288975.81,2,2,5,3,1,48162.635,15,5,0,2,Spiral,4.87,103931.45
39,35,1371278.99,1,2,3,2,4,35160.9997,6,3,1,1,Iterative,1126.65,1756690.11
10,27,84204.28,1,2,2,2,4,8420.428,4,4,1,3,Iterative,227.46,101458.86
14,35,494268.91,3,4,3,3,3,35304.9221,9,3,1,2,Scrum,535.7,520387.49
13,18,478666.58,2,5,5,3,1,36820.5062,15,5,1,2,Spiral,238.32,565414.48
47,44,1064533.73,4,2,5,2,3,22649.6538,10,5,0,2,Waterfall,2401.2,1272897.63
51,11,379932.31,2,5,2,1,1,7449.6531,2,2,1,3,SAFe,534.76,441717.74
21,24,705260.8,5,5,1,2,4,33583.8476,2,3,0,1,Agile,450.43,800907.18
62,18,1497257.85,1,2,5,3,4,24149.3202,15,1,0,3,Spiral,1663.91,1795234.26
21,3,1272924.87,5,5,2,3,4,60615.47,6,3,1,3,Scrum,59.25,492494.98
50,37,510450.47,5,1,4,1,1,10209.0094,4,1,0,1,Waterfall,1547.97,652728.31
52,24,1412863.48,2,2,3,3,3,27170.4515,9,4,0,3,Spiral,1878.43,1487140.79
4,12,1026558.38,4,4,1,3,1,256639.595,3,5,1,2,XP,29.44,225909.53
31,31,856026.53,5,1,4,3,1,27613.759,12,5,1,1,Spiral,701.59,1159586.11
26,9,1150771.6,3,1,5,2,3,44260.4462,10,1,1,1,V-Model,378.55,1329738.38
79,14,708048.76,3,2,5,1,3,8962.6425,5,3,1,2,V-Model,1006.46,715034.44
10,12,157666.6,4,4,3,2,1,15766.66,6,3,0,1,Scrum,78.94,947280.0
4,23,501330.22,1,2,2,2,3,125332.555,4,3,1,3,Scrum,106.01,653185.81
62,48,880773.57,4,2,2,1,4,14206.0253,2,3,0,2,SAFe,2106.32,1188661.75
58,17,234518.69,4,3,3,1,3,4043.4257,3,4,1,1,Agile,642.66,281399.38
18,32,1379984.3,2,5,3,3,2,76665.7944,9,1,1,3,Scrum,830.58,1514694.27
77,6,137133.41,1,2,4,2,2,1780.9534,8,2,1,1,Spiral,401.02,170030.71
42,47,1317050.55,3,4,4,2,1,31358.3464,8,5,0,3,Scrum,1374.31,1605832.16
7,43,1071427.7,2,3,2,3,3,153061.1,6,1,0,2,Iterative,363.7,1314212.84
22,14,497787.8,1,4,4,3,4,22626.7182,12,1,1,3,Scrum,466.98,651908.83
3,20,459362.22,3,2,1,1,4,153120.74,1,4,0,3,Scrum,45.61,263974.8
35,45,983254.82,1,3,1,1,4,28092.9949,1,3,1,3,Scrum,1047.24,1214702.96
9,8,795384.64,4,3,1,1,3,88376.0711,1,2,1,1,Waterfall,66.27,430360.65
10,33,435387.34,3,4,4,3,1,43538.734,12,3,1,3,Spiral,416.49,457296.77
24,11,140624.98,2,1,2,1,1,5859.3742,2,4,0,1,Iterative,119.38,159911.38
76,3,1113573.06,5,4,3,2,3,14652.2771,6,4,0,1,SAFe,218.81,1476799.16
52,12,39210.66,4,1,1,1,2,754.0512,1,5,1,3,SAFe,394.39,46714.97
60,33,1226372.34,5,1,4,2,1,20439.539,8,4,1,1,V-Model,1343.01,1524216.79
11,20,1323165.68,3,2,2,3,3,120287.7891,6,4,0,3,Spiral,213.81,1515480.96
7,41,1238072.97,1,2,5,1,3,176867.5671,5,3,1,1,Iterative,319.01,1472603.72
77,8,115514.63,4,1,2,2,2,1500.19,4,2,0,1,SAFe,491.09,123629.52
75,46,372594.15,4,3,2,1,3,4967.922,2,4,0,1,SAFe,2296.13,487697.77
80,17,415334.49,4,2,1,2,2,5191.6811,2,1,0,3,SAFe,1531.1,459341.21
60,2,1389944.99,2,1,5,2,1,23165.7498,10,1,1,2,Spiral,134.54,2021271.83
47,26,620067.39,3,5,3,3,4,13192.9232,9,3,1,2,Spiral,1154.68,745313.36
26,18,1191936.33,3,3,4,2,4,45843.705,8,2,1,3,Spiral,527.92,1482413.05
6,4,59524.43,3,3,4,1,1,9920.7383,4,4,0,1,RAD,15.6,163800.0
60,8,647752.11,4,3,4,2,1,10795.8685,8,5,1,2,V-Model,332.15,847041.89
80,36,1481422.16,2,4,4,2,4,18517.777,8,5,0,3,SAFe,3060.29,51642393.75
12,24,201189.83,3,2,5,2,4,16765.8192,10,3,0,3,Iterative,347.76,4781700.0
3,35,258581.67,4,3,4,3,3,86193.89,12,5,0,1,Spiral,91.08,320482.88
35,32,1322596.1,3,3,2,2,4,37788.46,4,2,0,3,Iterative,1700.13,1820838.35
36,37,1319396.41,2,5,2,2,1,36649.9003,4,2,1,2,XP,1366.64,1514951.03
63,19,1391229.68,5,4,4,3,2,22083.0108,12,3,0,3,Spiral,1423.58,1620442.62
63,17,1447053.75,2,2,1,2,3,22969.1071,2,2,1,2,SAFe,979.69,1896622.29
65,14,487493.77,5,1,5,1,2,7499.9042,5,5,0,3,SAFe,708.96,690930.66
63,5,659350.17,3,3,5,1,4,10465.8757,5,5,1,1,Scrum,219.34,696645.76
4,4,28783.63,3,2,1,1,1,7195.9075,1,5,0,1,Kanban,7.74,32895.0
10,19,1082814.0,3,1,4,2,3,108281.4,8,3,1,3,V-Model,275.97,1409620.21
25,16,1005078.01,2,1,3,3,2,40203.1204,9,3,1,2,Iterative,467.6,1198130.61
73,47,927917.97,3,3,2,2,2,12711.2051,4,2,1,3,SAFe,3607.31,1155901.93
67,19,761236.3,5,3,5,2,4,11361.7358,10,5,0,2,SAFe,1122.93,888097.86
69,10,1448516.24,4,2,2,1,4,20992.989,2,1,1,2,SAFe,749.63,1697953.66
20,45,146410.76,5,3,3,3,4,7320.538,9,4,0,1,Agile,713.8,190368.98
16,34,144444.0,3,1,2,3,1,9027.75,6,1,1,3,Spiral,733.02,157103.17
41,47,1119704.48,3,3,4,3,4,27309.8654,12,3,1,1,Spiral,1854.39,1422352.62
47,17,336013.57,5,1,2,2,2,7149.2249,4,4,1,2,V-Model,713.14,390994.12
25,37,47576.43,3,4,1,2,3,1903.0572,2,1,1,3,Scrum,1245.03,56240.8
55,34,585324.68,4,4,3,3,3,10642.2669,9,3,1,1,Spiral,1842.08,679353.64
23,22,1259048.17,5,3,5,1,4,54741.2248,5,2,0,1,Waterfall,471.02,1746903.05
53,37,260613.11,3,4,3,3,4,4917.2285,9,1,1,1,Spiral,2407.46,264923.71
40,32,260555.37,3,2,3,2,1,6513.8842,6,3,1,3,Spiral,1303.76,314366.55
9,27,102395.16,5,5,2,2,1,11377.24,4,3,1,2,Agile,175.36,124546.29
39,36,116084.7,4,2,4,2,2,2976.5308,8,3,0,3,Waterfall,1910.67,159975.81
19,14,47707.49,4,3,2,3,4,2510.9205,6,5,0,2,Agile,224.84,57916.75
77,1,91136.47,2,2,2,3,4,1183.5905,6,1,1,1,SAFe,82.18,101126.61
18,9,21587.28,4,3,4,1,2,1199.2933,4,2,1,2,V-Model,158.28,22674.27
6,22,453944.19,2,5,3,3,4,75657.365,9,3,1,3,Scrum,162.51,502148.82
57,42,314924.36,5,1,4,2,4,5524.9888,8,5,1,1,V-Model,1707.56,392819.12
23,43,488566.0,4,1,3,3,1,21242.0,9,2,1,3,Spiral,1411.48,574536.23
53,33,1469416.67,5,2,1,1,3,27724.8428,1,3,0,2,SAFe,1761.76,1679243.69
49,12,1280953.2,2,2,2,3,2,26141.902,6,2,0,1,Agile,511.06,1701263.07
79,37,862308.6,3,5,3,1,3,10915.2987,3,1,0,1,SAFe,2886.18,892494.61
71,37,477286.85,5,2,5,3,1,6722.35,15,3,1,1,Spiral,2995.98,494584.95
76,41,1438442.24,3,5,3,3,1,18926.8716,9,2,0,1,SAFe,2457.28,1574448.7
60,41,132721.96,1,4,5,2,2,2212.0327,10,4,1,3,Spiral,2889.95,167933.6
43,3,451886.49,2,5,5,1,4,10508.9881,5,3,0,3,RAD,167.36,551821.42
14,33,639946.14,4,4,5,3,3,45710.4386,15,5,0,2,Spiral,436.02,690275.19
52,30,843203.2,4,3,4,2,3,16215.4462,8,4,1,1,Spiral,1414.18,871112.73
40,39,1122520.53,5,3,5,3,3,28063.0132,15,2,1,2,Spiral,3101.46,1363019.34
42,37,776959.29,1,1,3,1,2,18499.0307,3,3,1,3,Iterative,1709.84,948801.64
78,43,1345621.95,1,4,5,1,2,17251.5635,5,4,1,3,Scrum,456.23,822624.5
54,42,47653.56,2,5,2,3,1,882.4733,6,1,1,1,Scrum,2119.22,61353.87
65,31,601578.7,3,5,4,3,2,9255.0569,12,3,0,3,Spiral,2213.13,677469.03
45,47,498262.35,3,5,4,2,2,11072.4967,8,3,1,1,Spiral,2108.77,533864.96
14,26,45901.86,3,4,2,1,4,3278.7043,2,4,1,2,Waterfall,304.61,48055.7
20,14,767269.82,4,5,4,1,1,38363.491,4,3,1,2,V-Model,190.61,945424.05
16,1,1245104.05,1,2,2,1,2,77819.0031,2,4,0,1,Iterative,7.56,62561.08
66,32,432262.01,5,1,1,3,2,6549.4244,3,5,0,2,SAFe,1251.29,483392.66
74,38,881704.24,5,5,4,1,2,11914.9222,4,5,0,2,SAFe,1678.98,912866.72
19,25,460019.6,4,3,5,3,3,24211.5579,15,2,1,1,Spiral,597.03,569374.0
60,8,839350.53,1,5,1,3,1,13989.1755,3,3,0,3,SAFe,459.11,1058950.46
62,8,576223.93,4,2,4,1,1,9293.9344,4,1,1,3,SAFe,545.02,703483.72
74,41,916006.61,1,5,1,2,3,12378.4677,2,3,1,2,SAFe,2894.56,1131725.02
56,39,865277.34,3,3,5,3,2,15451.3811,15,2,1,1,Spiral,2509.56,1024974.47
54,46,1297792.93,1,2,3,2,1,24033.2024,6,2,0,2,SAFe,2518.8,1540616.91
25,16,810777.49,1,4,3,2,1,32431.0996,6,4,0,3,Scrum,325.68,1076649.98
71,40,62078.1,2,4,3,1,3,874.3394,3,4,0,3,SAFe,3065.43,62538.01
20,42,209123.62,1,3,1,3,3,10456.181,3,3,0,3,Scrum,804.41,248575.64
8,5,1318486.42,3,1,1,2,1,164810.8025,2,5,0,3,Agile,30.39,261035.68
33,8,847962.61,3,2,4,3,4,25695.8367,12,3,0,1,Spiral,258.13,1010450.1
31,42,469335.09,5,2,4,2,2,15139.8416,8,2,1,3,V-Model,1819.25,581621.56
71,17,542461.31,2,3,3,2,2,7640.3001,6,4,1,2,SAFe,767.84,694471.1
8,45,605108.92,4,4,1,3,3,75638.615,3,3,0,1,Agile,414.64,779676.57
78,21,807556.4,1,3,4,3,4,10353.2872,12,2,1,2,Spiral,2089.69,1052347.78
13,24,1085024.8,4,5,5,3,2,83463.4462,15,4,0,1,Spiral,304.27,1329809.97
68,13,1230988.47,5,5,3,3,3,18102.7716,9,1,1,1,Agile,1053.13,1376265.49
43,36,415532.95,3,1,2,3,4,9663.557,6,4,1,3,Agile,1579.55,473811.27
33,47,1092182.55,2,3,2,2,3,33096.4409,4,4,0,1,Scrum,940.62,1302553.07
60,22,1151653.28,3,4,3,3,1,19194.2213,9,5,0,3,Spiral,1425.84,1396037.76
58,47,1280826.52,3,1,4,3,3,22083.2159,12,2,0,2,Spiral,1142.72,783465.51
2,2,567877.39,5,2,3,1,1,283938.695,3,2,1,3,V-Model,3.99,102499.72
40,16,809871.45,1,2,1,2,3,20246.7862,2,5,1,1,Iterative,437.15,1010670.55
43,46,276437.81,5,5,1,1,3,6428.7863,1,3,1,1,Waterfall,1330.5,326467.82
10,17,391310.43,1,2,3,3,2,39131.043,9,1,1,3,Scrum,235.92,385298.42
71,44,428637.0,4,4,3,1,2,6037.1408,3,4,1,1,SAFe,1584.11,546053.91
78,31,1305512.99,4,3,2,3,3,16737.346,6,3,0,3,SAFe,3441.35,1587849.22
20,18,1314583.92,3,4,1,3,4,65729.196,3,4,1,1,Agile,281.67,1549785.41
14,13,844341.74,5,4,4,3,3,60310.1243,12,5,1,2,Spiral,196.38,933193.16
48,43,1098412.5,5,1,3,2,3,22883.5938,6,1,1,1,V-Model,2472.15,1332094.29
12,3,480770.59,4,2,2,2,3,40064.2158,4,4,1,2,Agile,35.61,387135.72
75,2,29455.55,2,1,3,3,3,392.7407,9,4,1,1,Spiral,140.68,32533.07
23,36,1318296.94,3,2,5,1,3,57317.2583,5,4,0,1,Waterfall,630.0,1680767.66
26,39,1110020.22,1,5,3,2,1,42693.0854,6,2,1,2,Scrum,1092.36,1375034.65
58,12,1139705.83,2,3,1,1,2,19650.1005,1,1,0,2,SAFe,640.55,1139469.34
26,1,1105103.3,2,3,2,2,1,42503.9731,4,1,0,3,Agile,31.57,349881.87
49,17,481756.57,5,5,3,1,2,9831.7667,3,5,1,3,V-Model,584.03,570647.57
19,8,1170206.92,3,2,5,3,1,61589.8379,15,3,0,2,Spiral,167.91,1478944.87
31,37,599982.76,2,1,2,3,3,19354.2826,6,1,1,1,Agile,1346.97,739436.01
6,7,884922.62,1,3,4,2,3,147487.1033,8,3,1,2,Spiral,59.38,1033705.4
48,4,706129.15,2,4,1,2,4,14711.024,2,3,0,2,RAD,158.78,900657.03
37,24,837825.89,3,5,1,2,3,22643.943,2,4,0,1,Agile,622.5,849984.48
67,10,296931.1,1,5,5,3,2,4431.8075,15,3,0,1,Spiral,736.84,319997.06
32,11,1170478.66,4,2,1,1,3,36577.4581,1,2,1,2,Waterfall,330.14,1412624.97
79,45,1503844.48,3,2,2,1,4,19036.0061,2,3,1,1,SAFe,2276.49,1512003.32
58,21,1250338.12,5,2,3,1,3,21557.5538,3,1,1,1,V-Model,1355.52,1333808.48
73,22,1484729.62,5,1,4,2,4,20338.7619,8,4,0,3,SAFe,1506.8,1930466.93
39,41,1145151.5,5,3,3,2,2,29362.859,6,5,1,1,V-Model,1064.29,1418342.85
11,40,595282.33,1,3,2,3,2,54116.5755,6,2,1,1,Iterative,475.44,733638.84
21,20,973972.42,5,4,3,1,4,46379.639,3,2,1,3,V-Model,471.41,1069313.33
12,11,727014.83,3,2,1,3,3,60584.5692,3,2,0,2,Agile,158.59,829005.52
21,34,1575831.46,3,2,3,3,1,75039.5933,9,2,0,2,Spiral,965.62,1681637.72
35,25,576161.97,1,3,1,3,4,16461.7706,3,2,0,2,Scrum,1024.2,762821.57
24,25,973046.05,4,1,4,1,3,40543.5854,4,3,1,2,V-Model,527.74,1007537.05
55,8,320005.13,5,4,1,3,1,5818.2751,3,4,1,3,SAFe,357.3,396460.21
72,36,1073202.64,1,5,2,1,3,14905.5922,2,2,0,2,SAFe,2118.0,1488110.67
44,14,1495288.81,2,5,4,1,4,33983.8366,4,4,0,1,Scrum,474.67,1853207.49
43,31,1115388.41,2,2,5,3,2,25939.2653,15,4,0,2,Spiral,1483.45,1692670.32
69,33,1197679.0,5,4,1,3,2,17357.6667,3,5,1,3,SAFe,1901.2,1476889.11
76,15,1226882.74,2,2,5,1,4,16143.1939,5,1,1,3,SAFe,1600.46,1400001.84
77,20,1143910.0,4,2,4,3,4,14855.974,12,1,0,2,Spiral,2651.03,1344422.47
35,1,51667.45,4,2,2,2,1,1476.2129,4,2,1,2,V-Model,29.13,55809.92
71,39,434044.73,2,4,1,3,4,6113.3061,3,4,1,1,SAFe,1587.07,583650.0
54,42,449472.5,4,5,2,2,4,8323.5648,4,3,0,3,SAFe,2336.16,491075.89
14,7,641934.09,1,3,4,3,2,45852.435,12,2,1,3,Spiral,121.34,889233.42
73,24,1160327.03,4,1,5,2,4,15894.8908,10,1,0,1,SAFe,2129.57,1360557.69
43,18,479434.54,1,4,1,2,1,11149.6405,2,1,1,3,Scrum,643.35,626818.36
56,38,115814.66,2,3,3,1,2,2068.1189,3,3,1,1,Agile,1643.74,154185.95
22,20,292497.9,3,4,1,3,1,13295.3591,3,4,1,3,Scrum,464.14,378898.02
5,5,40777.19,3,3,3,1,1,8155.438,3,4,0,1,Kanban,13.2,84150.0
6,35,564984.29,5,3,5,2,2,94164.0483,10,4,1,1,V-Model,144.81,752037.06
12,28,1094712.78,1,1,5,2,1,91226.065,10,3,0,2,Iterative,379.74,1260396.3
34,5,1240218.32,1,3,1,3,1,36477.0094,3,1,0,2,Scrum,164.15,903494.04
56,32,1386056.95,1,4,4,2,1,24751.017,8,3,0,3,SAFe,1776.5,1784074.9
68,38,499621.44,3,5,3,3,3,7347.3741,9,5,0,3,Spiral,2590.1,623014.89
48,37,415985.76,1,3,5,1,1,8666.37,5,4,0,1,Agile,1271.84,576975.67
35,31,619322.66,3,5,4,1,3,17694.9331,4,5,0,1,Scrum,824.18,653496.89
62,47,1285676.67,1,4,2,1,3,20736.7205,2,1,0,1,Iterative,2854.58,1425090.24
26,18,348345.79,4,1,5,3,4,13397.915,15,1,1,1,Spiral,651.61,436838.5
78,22,96171.62,3,3,4,1,4,1232.9695,4,1,0,1,SAFe,1545.15,123120.84
69,13,143099.81,3,5,3,2,3,2073.9103,6,4,0,3,SAFe,1146.68,170560.62
30,15,1504359.98,3,4,4,1,2,50145.3327,4,3,1,2,V-Model,323.57,1931991.47
76,47,1274596.66,2,3,1,3,4,16771.0087,3,1,1,1,SAFe,3941.01,1516313.44
33,34,1141839.25,4,2,3,1,3,34601.1894,3,1,0,1,Waterfall,1174.98,1423200.97
20,39,1193351.32,1,1,3,1,2,59667.566,3,2,1,1,Iterative,494.36,1456762.48
77,43,366666.64,4,4,1,1,2,4761.9044,1,4,1,3,SAFe,2716.47,430083.3
48,41,483941.68,4,1,1,2,2,10082.1183,2,5,1,1,Agile,1183.33,575147.78
19,27,156162.4,5,5,4,2,2,8219.0737,8,4,1,1,V-Model,455.14,180772.73
16,32,460532.36,1,1,1,3,2,28783.2725,3,4,1,1,Iterative,308.07,521994.99
33,38,58607.54,3,4,3,3,3,1775.9861,9,4,0,2,Spiral,1467.07,76101.7
36,26,1356915.97,1,2,3,2,3,37692.1103,6,4,0,1,Iterative,970.83,1611648.63
34,8,910692.73,1,1,5,1,1,26785.0803,5,4,1,1,Iterative,144.57,1165603.22
67,20,700394.58,1,2,5,3,4,10453.6504,15,5,0,2,Spiral,1328.27,724802.24
72,20,921828.65,5,3,3,2,3,12803.1757,6,2,0,3,SAFe,1932.95,1045575.69
40,14,1104207.1,5,2,2,1,3,27605.1775,2,1,1,2,Waterfall,511.97,1118930.7
39,48,129563.29,4,5,3,1,2,3322.1356,3,2,1,2,V-Model,1636.84,177749.19
59,20,846887.43,2,4,4,1,3,14354.0242,4,4,1,1,Scrum,1016.13,1078374.12
47,22,118434.26,4,5,4,2,2,2519.8779,8,5,0,3,Scrum,1075.55,142828.31
4,40,1058112.87,3,2,2,2,4,264528.2175,4,1,0,1,Agile,161.45,1298384.68
18,10,1026708.15,5,1,4,2,3,57039.3417,8,4,0,1,Waterfall,169.95,1363343.95
24,3,695628.34,3,5,5,1,1,28984.5142,5,3,0,3,RAD,80.87,719769.1
52,7,423233.36,2,4,5,2,1,8139.1031,10,5,1,2,Spiral,269.29,493084.12
14,11,77153.07,1,2,3,3,4,5510.9336,9,4,0,2,Agile,149.34,102722.12
78,17,1014988.08,3,4,5,1,2,13012.6677,5,4,1,1,SAFe,1017.02,1015173.35
18,9,1114540.99,4,5,5,1,2,61918.9439,5,4,0,3,Waterfall,176.3,1456056.51
12,20,671376.7,2,1,5,1,1,55948.0583,5,5,0,3,Agile,156.73,678790.47
17,37,1384716.16,5,3,4,3,3,81453.8918,12,5,1,1,Spiral,617.02,1749984.87
75,34,33377.77,2,3,2,3,1,445.0369,6,1,1,3,Spiral,3366.94,42456.97
73,4,1375406.96,3,4,3,2,1,18841.1912,6,2,1,2,SAFe,291.62,1999349.46
39,6,438372.1,3,3,5,2,3,11240.3103,10,2,0,1,Scrum,331.31,487794.11
77,43,159056.78,4,5,5,2,4,2065.6725,10,1,1,1,Spiral,4508.57,187828.73
27,16,729096.08,2,4,2,2,4,27003.5585,4,3,0,3,Scrum,495.52,916757.95
18,8,53051.23,2,5,1,1,4,2947.2906,1,2,1,2,Scrum,131.25,62384.78
2,18,657153.46,5,5,1,3,3,328576.73,3,1,0,1,Agile,39.79,189153.19
8,43,665755.07,1,3,5,2,4,83219.3837,10,2,1,3,Spiral,462.1,909481.26
48,13,1504925.28,5,1,3,1,2,31352.61,3,4,0,3,Waterfall,519.96,1821039.73
36,30,961047.36,1,3,5,2,4,26695.76,10,4,0,2,Iterative,1183.22,1124150.04
46,1,821158.31,3,1,4,2,3,17851.2676,8,1,1,3,V-Model,66.67,1033742.45
68,11,345965.12,3,4,3,3,3,5087.7224,9,2,1,1,Agile,933.77,418720.58
26,26,1147763.72,1,3,4,2,1,44144.7585,8,1,1,1,Spiral,651.96,1376694.32
49,44,524042.36,1,3,3,3,1,10694.742,9,3,1,3,Iterative,2433.92,654814.97
9,46,840286.43,1,2,2,2,3,93365.1589,4,1,1,3,Iterative,666.85,1041832.83
32,45,299864.42,2,3,1,1,2,9370.7631,1,1,1,1,Agile,1211.34,336342.08
71,13,1218880.55,5,1,2,1,2,17167.3317,2,1,0,1,SAFe,756.64,1306063.38
79,11,723178.49,5,3,4,3,3,9154.1581,12,1,0,2,Spiral,1708.17,1003688.93
49,14,1301527.27,5,1,3,1,3,26561.781,3,5,0,3,Waterfall,676.45,1656293.33
60,12,1102842.53,5,5,2,2,3,18380.7088,4,1,0,3,SAFe,931.37,1317323.85
53,40,1283153.57,4,2,3,1,1,24210.4447,3,3,0,3,SAFe,1960.62,1541102.52
12,9,138425.79,4,4,4,2,4,11535.4825,8,2,0,2,Scrum,116.85,1752750.0
75,21,559851.42,4,5,3,1,4,7464.6856,3,3,0,2,SAFe,1126.63,577842.22
35,7,1414378.93,1,3,3,1,4,40410.8266,3,3,1,1,Scrum,226.02,1613481.08
26,28,925901.11,3,1,3,2,1,35611.5812,6,1,1,2,Spiral,765.81,1024891.37
43,4,1072575.38,3,4,5,3,2,24943.6135,15,5,1,3,Spiral,168.06,1248158.76
29,9,1367124.59,3,4,2,2,4,47142.2272,4,4,1,2,Scrum,211.16,1771999.65
18,17,733126.64,5,3,4,1,4,40729.2578,4,2,1,2,V-Model,336.24,895146.5
7,34,130528.99,2,5,4,2,1,18646.9986,8,3,1,1,Spiral,258.88,155598.65
14,36,1082972.21,4,4,3,1,2,77355.1579,3,3,1,3,Scrum,354.53,1358570.68
61,29,683039.83,5,3,4,3,4,11197.3743,12,3,0,2,Spiral,2084.32,802436.06
57,48,43125.1,3,1,5,2,4,756.5807,10,4,0,2,SAFe,2417.08,58903.47
26,28,1454033.39,5,2,2,2,2,55924.3612,4,1,0,2,Waterfall,925.61,1764050.29
28,9,517750.43,5,2,4,1,1,18491.0868,4,1,0,2,Waterfall,215.52,698572.38
77,10,1418278.41,3,4,2,1,3,18419.2001,2,5,1,3,SAFe,582.38,1689800.76
41,29,377820.6,2,3,2,1,1,9215.1366,2,4,0,1,Scrum,503.32,394656.34
73,26,227092.77,5,3,5,1,1,3110.8599,5,2,0,3,SAFe,1947.85,297302.76
25,29,119443.81,1,4,1,1,3,4777.7524,1,2,1,1,Scrum,514.97,152715.87
61,36,1269992.26,3,5,5,3,2,20819.5452,15,1,1,2,Spiral,3216.69,1319730.53
17,9,357821.47,1,2,1,3,4,21048.3218,3,5,0,3,Scrum,132.78,385991.04
24,47,1205526.18,5,5,4,3,1,50230.2575,12,5,1,2,Spiral,1086.04,1397140.69
42,24,918536.1,4,3,2,2,2,21869.9071,4,3,0,1,Waterfall,725.91,1138581.83
27,24,443099.62,2,2,1,1,1,16411.097,1,3,1,1,Agile,369.52,571257.99
69,18,980662.41,5,2,3,2,1,14212.4987,6,4,1,1,Agile,653.07,1240241.27
6,41,198910.36,2,5,4,2,2,33151.7267,8,1,0,2,Scrum,316.17,209596.25
40,20,873772.06,5,2,4,3,4,21844.3015,12,2,1,1,Spiral,1178.22,889131.51
61,45,416334.16,4,2,2,2,2,6825.1502,4,1,1,3,SAFe,2975.7,539987.43
9,12,627975.64,4,3,5,2,4,69775.0711,10,5,1,1,V-Model,76.98,670635.97
60,29,749582.94,5,3,5,1,3,12493.049,5,1,0,2,SAFe,2016.72,771624.06
5,27,1298433.31,3,3,4,3,3,259686.662,12,5,1,3,Spiral,157.64,1697249.41
22,15,783896.45,3,3,4,3,1,35631.6568,12,4,1,3,Spiral,304.62,1043317.7
76,17,416029.46,1,3,5,3,2,5474.0718,15,5,1,2,Spiral,1362.08,429405.21
56,12,71822.32,5,3,3,2,1,1282.5414,6,4,0,1,Waterfall,475.3,84174.8
32,18,1032576.98,5,3,4,3,4,32268.0306,12,5,1,1,Spiral,511.0,1374456.2
55,1,1193424.98,5,1,2,3,4,21698.636,6,5,1,3,SAFe,55.19,1072347.73
45,39,771544.86,1,5,5,1,1,17145.4413,5,3,0,1,Scrum,1548.88,877817.35
59,26,1324856.7,2,4,3,2,1,22455.1983,6,3,1,1,Spiral,1060.7,1605813.86
21,28,545046.24,4,4,3,1,2,25954.5829,3,3,1,2,Scrum,568.64,656340.27
26,7,1100962.27,5,5,4,1,4,42344.7027,4,1,1,3,V-Model,238.9,1420990.55
79,25,827188.61,1,2,4,1,2,10470.7419,4,1,1,2,SAFe,1720.03,982071.11
24,41,733771.98,2,1,2,1,1,30573.8325,2,3,1,2,Agile,653.35,871242.42
13,8,826952.04,5,2,2,1,4,63611.6954,2,2,0,1,Waterfall,90.18,482874.0
64,34,461675.24,1,5,5,1,4,7213.6756,5,4,1,1,Scrum,2033.46,595370.95
42,18,1154289.85,2,2,3,2,1,27483.0917,6,4,0,2,Agile,536.77,1457174.15
14,42,787394.72,5,4,4,3,3,56242.48,12,4,0,3,Spiral,762.34,1058429.03
51,40,797837.26,1,1,1,3,4,15643.8678,3,2,1,2,SAFe,2544.81,1011261.07
17,47,408023.9,1,1,4,3,3,24001.4059,12,4,0,1,Spiral,872.06,471758.35
34,33,1481456.88,2,4,3,1,3,43572.2612,3,2,1,3,Scrum,1366.96,1874524.41
15,27,486184.9,5,4,4,1,2,32412.3267,4,1,0,2,Waterfall,415.61,608336.61
50,42,100097.35,4,5,1,2,3,2001.947,2,2,1,3,SAFe,2100.39,119264.6
20,12,314157.35,1,1,4,3,3,15707.8675,12,5,1,1,Spiral,215.34,333946.03
10,47,1465869.84,2,2,1,3,1,146586.984,3,3,1,2,Iterative,364.1,1661951.93
33,44,1309927.04,1,5,4,3,1,39694.7588,12,3,1,3,Spiral,1565.81,1989361.34
68,19,367991.77,3,3,3,2,4,5411.6437,6,4,1,2,SAFe,816.41,477486.82
62,29,107844.2,5,2,3,1,2,1739.4226,3,2,0,3,SAFe,1684.9,114035.5
10,21,462759.7,4,5,4,2,1,46275.97,8,5,1,3,V-Model,149.06,581396.74
71,36,222069.58,2,3,2,1,2,3127.7406,2,5,1,1,SAFe,1434.12,288413.98
46,38,826981.94,1,3,3,3,4,17977.8683,9,1,1,3,Spiral,3135.69,903385.58
69,25,789094.65,3,5,1,1,3,11436.1543,1,5,0,2,SAFe,1164.83,992423.82
10,25,589619.79,5,1,5,3,3,58961.979,15,5,1,2,Spiral,323.55,677044.45
55,33,1103449.51,1,2,4,3,1,20062.7184,12,5,1,2,Spiral,1335.94,1285122.1
39,19,1382027.9,2,2,2,2,4,35436.6128,4,2,1,2,Iterative,723.16,1864202.27
47,39,1385553.98,1,4,1,3,3,29479.8719,3,3,0,2,Agile,1860.76,1933620.12
26,3,779380.79,5,5,2,3,3,29976.1842,6,4,1,2,Agile,64.2,829847.39
55,5,951195.98,5,1,3,3,4,17294.4724,9,1,1,3,Spiral,431.04,1091390.04
45,31,1040776.81,1,3,2,2,1,23128.3736,4,5,1,2,Scrum,802.62,1183087.8
29,30,1235450.19,3,2,3,1,3,42601.7307,3,3,0,3,Iterative,887.54,1352155.06
76,39,670591.04,5,4,2,3,1,8823.5663,6,1,1,3,SAFe,3038.95,839288.2
65,35,588910.61,3,3,4,3,2,9060.1632,12,2,1,1,Spiral,2840.35,693407.03
57,2,1152544.54,4,1,3,3,4,20220.0796,9,4,0,1,Spiral,92.48,1259203.57
72,22,484990.5,4,3,1,3,2,6735.9792,3,3,1,3,SAFe,1887.51,577414.7
68,12,746298.82,3,5,1,3,2,10974.9826,3,1,0,3,SAFe,952.16,865268.23
40,45,1343933.9,4,3,1,1,1,33598.3475,1,4,0,1,Waterfall,1127.74,1776517.26
9,34,1458936.17,4,2,3,3,1,162104.0189,9,1,1,2,V-Model,378.74,1808304.32
62,31,143734.17,4,2,2,2,4,2318.2931,4,2,0,3,SAFe,2585.32,185403.14
9,26,1276973.01,4,1,3,3,3,141885.89,9,5,0,1,Agile,181.65,1474858.7
17,30,736033.1,5,4,5,2,2,43296.0647,10,1,0,2,Scrum,703.16,996451.2
40,41,391379.99,1,5,2,3,1,9784.4997,6,4,1,1,Scrum,996.72,499936.6
60,28,499036.19,3,2,3,3,1,8317.2698,9,3,0,1,Agile,1473.35,620906.07
58,26,305106.88,5,1,3,3,2,5260.4634,9,2,0,2,Spiral,1898.07,369968.04
17,47,1158388.78,2,4,2,2,1,68140.5165,4,3,0,3,Scrum,660.88,1468418.7
61,44,307926.36,1,5,1,3,2,5047.9731,3,5,1,1,Scrum,1744.71,356082.49
51,41,1226527.61,1,2,4,1,4,24049.561,4,2,0,3,SAFe,2530.91,1677903.35
13,31,163977.11,3,1,5,2,2,12613.6238,10,2,0,2,Agile,449.06,206271.15
64,18,51093.95,4,1,2,3,4,798.343,6,2,1,2,Spiral,1687.46,57323.74
7,13,511401.28,1,5,2,2,4,73057.3257,4,1,0,1,Scrum,109.25,587642.03
16,21,229884.29,4,4,4,1,4,14367.7681,4,4,1,1,V-Model,266.32,294820.33
46,16,1053442.53,2,2,3,3,2,22900.9246,9,1,1,1,Iterative,737.66,1105381.97
2,5,1432132.83,3,5,3,1,2,716066.415,3,4,1,1,Kanban,6.7,55640.16
70,18,465308.71,4,5,3,3,1,6647.2673,9,2,0,1,Spiral,1132.13,530160.05
61,38,315772.79,2,3,2,3,2,5176.6031,6,1,1,1,Agile,2476.67,396860.93
53,6,906373.36,1,3,3,1,3,17101.3842,3,4,0,1,Iterative,235.35,1056641.85
14,19,1522323.33,3,4,2,2,1,108737.3807,4,3,0,1,Agile,185.5,1600880.3
66,27,283060.08,2,5,4,1,1,4288.7891,4,2,1,1,Scrum,1558.37,331055.85
62,10,382933.59,2,3,5,2,4,6176.3482,10,3,0,1,Scrum,651.38,487548.14
21,6,864940.29,1,5,1,3,1,41187.6329,3,5,1,2,Scrum,84.02,891712.63
48,44,815624.86,1,1,4,2,3,16992.1846,8,5,0,1,Iterative,1619.93,1125681.89
20,41,866910.84,2,3,3,1,4,43345.542,3,2,1,2,Iterative,655.76,1122523.82
2,38,847213.2,1,1,2,2,2,423606.6,4,3,0,2,Iterative,82.96,807773.68
44,2,1044457.0,3,5,4,1,4,23737.6591,4,4,0,2,RAD,62.98,951876.1
5,35,402274.07,4,3,3,3,4,80454.814,9,2,1,1,Agile,162.14,471865.02
7,12,99136.27,2,5,2,2,1,14162.3243,4,4,0,3,Scrum,78.49,941880.0
50,27,729294.21,3,5,1,1,4,14585.8842,1,1,1,3,SAFe,1526.21,930553.72
3,30,1027687.86,2,3,2,3,1,342562.62,6,4,0,2,Agile,68.6,508290.27
49,31,314201.29,1,3,2,3,1,6412.2712,6,5,1,2,Agile,956.35,354170.46
46,26,1244410.54,5,4,5,2,2,27052.403,10,5,1,3,V-Model,1002.89,1397765.49
79,14,782408.53,3,4,5,1,3,9903.9054,5,4,0,3,SAFe,1063.01,985790.8
13,28,1391573.96,2,5,2,1,1,107044.1508,2,1,1,1,Scrum,238.35,1746574.64
58,29,972597.88,4,1,5,2,4,16768.929,10,5,1,1,V-Model,1218.58,1184619.33
57,42,597880.88,2,2,2,2,2,10489.1382,4,3,0,3,SAFe,2227.06,754172.58
67,45,987323.72,2,4,3,2,3,14736.1749,6,3,0,3,SAFe,3628.72,1182331.78
11,15,376109.11,3,3,3,3,1,34191.7373,9,5,0,1,Agile,116.15,474203.69
74,9,980496.26,1,1,3,3,1,13249.9495,9,2,0,3,SAFe,724.71,1113392.89
78,34,45742.0,1,2,2,2,2,586.4359,4,3,1,2,SAFe,2071.07,49192.63
25,19,214657.16,5,5,5,3,3,8586.2864,15,2,1,1,Spiral,739.07,281754.3
53,31,218863.64,5,5,5,1,4,4129.5026,5,4,1,1,V-Model,1542.54,245352.7
34,33,559187.16,1,1,1,1,3,16446.6812,1,3,0,1,Iterative,1099.38,565726.71
23,15,1006368.53,4,1,5,2,3,43755.1535,10,1,0,3,Agile,609.78,1200839.74
51,35,1155679.18,2,5,3,2,2,22660.3761,6,5,0,2,SAFe,1674.0,1280079.06
62,17,1050573.31,3,3,4,1,2,16944.7308,4,5,0,3,SAFe,856.46,1363364.83
19,16,25403.63,4,2,3,3,2,1337.0332,9,2,1,2,Agile,336.62,35903.5
65,1,1107885.6,5,4,5,3,3,17044.3938,15,5,0,2,Spiral,62.44,1066919.99
21,34,409606.44,1,4,3,2,1,19505.0686,6,4,0,3,Scrum,405.4,565403.76
73,20,1372695.91,2,3,1,3,4,18804.0536,3,2,0,1,SAFe,1176.98,1563045.14
69,15,580623.16,1,1,5,3,1,8414.8284,15,2,1,1,Spiral,1173.87,707796.62
54,27,62124.5,1,2,4,3,1,1150.4537,12,2,0,3,Spiral,1899.1,67566.31
16,33,437341.05,4,2,1,2,2,27333.8156,2,3,0,3,Scrum,536.67,468959.52
50,29,611013.33,5,2,4,2,4,12220.2666,8,4,1,3,V-Model,1520.28,817576.67
72,33,227683.62,2,1,1,2,3,3162.2725,2,1,0,2,Agile,3068.51,308256.24
24,21,1093087.5,1,4,3,2,1,45545.3125,6,2,1,1,Scrum,408.27,1222719.79
78,46,524130.1,3,4,5,2,3,6719.6167,10,2,1,2,Spiral,5920.59,752281.0
14,9,262192.19,5,1,2,3,1,18728.0136,6,1,1,2,Agile,141.37,281287.87
48,27,660018.45,5,4,4,3,4,13750.3844,12,3,1,2,Spiral,1791.02,826341.3
30,29,1477799.55,5,1,4,1,4,49259.985,4,1,1,2,V-Model,1097.79,1981644.97
72,37,191105.8,3,4,5,2,3,2654.2472,10,1,1,2,Spiral,3638.89,218084.73
5,31,227485.41,3,2,1,2,1,45497.082,2,2,0,3,Agile,118.23,307551.27
26,46,56179.12,4,2,1,3,3,2160.7354,3,2,1,1,Agile,1227.11,67469.63
6,48,999242.55,5,5,1,2,2,166540.425,2,3,1,3,Scrum,269.13,1244824.36
15,24,264176.92,2,3,4,2,4,17611.7947,8,3,0,3,Iterative,382.54,5259925.0
76,21,1304507.19,3,3,5,1,4,17164.5683,5,1,1,1,V-Model,1704.53,1648737.23
19,33,35470.76,2,2,3,2,3,1866.8821,6,2,0,3,Iterative,972.24,47701.35
31,42,1244123.43,4,5,1,3,1,40133.0139,3,4,1,1,Agile,789.87,1429956.58
15,38,631137.0,2,2,2,2,1,42075.8,4,1,0,1,Agile,567.44,735472.38
42,3,510437.12,2,3,4,1,1,12153.2648,4,4,1,1,RAD,69.06,561510.77
50,23,995119.65,2,4,2,2,4,19902.393,4,1,0,2,SAFe,1181.99,1170000.28
45,35,729139.89,2,4,1,3,2,16203.1087,3,4,0,2,Scrum,1222.72,796143.96
44,14,436269.28,4,4,4,3,1,9915.2109,12,2,1,3,Spiral,749.98,598659.15
48,14,344035.07,4,4,4,3,2,7167.3973,12,1,0,1,Spiral,959.12,382481.3
70,47,738557.12,5,1,5,3,3,10550.816,15,2,1,1,Spiral,4299.67,811824.94
17,31,745853.02,2,1,4,2,2,43873.7071,8,1,1,1,Spiral,547.24,861486.61
5,41,1263424.88,2,3,4,1,3,252684.976,4,3,0,1,Iterative,164.67,1646403.73
80,44,138947.47,1,3,3,2,4,1736.8434,6,4,0,3,SAFe,3922.78,170633.06
72,14,230044.36,3,2,2,3,4,3195.0606,6,3,0,1,SAFe,915.78,279060.43
75,34,1312041.69,3,2,4,2,3,17493.8892,8,5,0,1,SAFe,2464.01,1714708.14
35,20,654635.34,3,5,1,2,4,18703.8669,2,3,0,3,Scrum,750.32,796958.0
67,15,1372474.11,2,2,5,3,2,20484.6882,15,2,1,3,Spiral,1758.58,1595669.52
76,41,645889.11,5,4,2,3,4,8498.5409,6,5,0,3,SAFe,2546.43,766033.2
56,40,240479.1,3,4,4,3,3,4294.2696,12,4,0,1,Spiral,2830.88,309020.59
28,16,431090.58,2,2,5,1,2,15396.0921,5,3,0,2,Agile,414.8,566261.75
52,10,1026297.59,5,5,3,2,3,19736.4921,6,5,1,2,V-Model,565.28,1252625.9
39,38,565882.21,4,2,5,1,2,14509.8003,5,5,1,2,V-Model,896.65,639205.56
63,46,1334358.12,2,4,3,3,2,21180.2876,9,3,0,3,SAFe,3438.77,1655535.64
44,40,1368436.1,5,5,1,3,3,31100.8205,3,1,1,3,Scrum,2980.67,1781819.32
20,28,774163.92,5,1,3,1,2,38708.196,3,1,0,2,Waterfall,455.32,955795.99
63,8,603207.36,2,3,4,2,1,9574.72,8,1,0,2,SAFe,602.06,729538.74
8,26,820194.23,2,3,2,2,1,102524.2788,4,3,0,1,Agile,170.13,925528.1
69,30,563739.49,4,3,2,2,2,8170.1375,4,3,0,2,SAFe,1832.96,739265.79
56,38,516178.61,3,1,5,2,2,9217.4752,10,4,0,2,SAFe,2028.58,661410.25
55,5,505100.94,2,3,3,3,3,9183.6535,9,5,1,1,Scrum,222.74,616283.78
76,37,1365078.6,1,4,2,3,4,17961.5605,6,4,1,3,SAFe,2874.61,2008273.05
66,33,964979.49,5,3,3,3,4,14620.9014,9,5,1,3,Spiral,2399.94,1177048.06
31,27,129401.07,1,3,1,2,4,4174.2281,2,3,1,1,Iterative,644.19,143489.46
36,20,1083106.18,3,1,5,3,4,30086.2828,15,2,0,2,Spiral,970.16,1363129.7
25,34,600676.54,2,2,2,3,1,24027.0616,6,2,0,3,Spiral,1100.55,755727.41
77,37,413293.89,1,4,1,1,2,5367.4531,1,1,1,1,SAFe,1863.01,531917.85
58,11,1323222.99,3,4,2,2,1,22814.1895,4,1,1,2,V-Model,749.33,1435764.91
58,15,602401.41,1,4,3,1,4,10386.2312,3,4,1,1,Scrum,652.06,825731.88
23,40,788529.55,4,5,5,2,2,34283.8935,10,5,1,3,V-Model,729.88,971853.89
80,28,1373766.01,2,2,3,3,2,17172.0751,9,1,1,1,SAFe,2291.22,1572233.67
72,35,565996.18,4,5,5,2,2,7861.0581,10,4,0,3,SAFe,2145.86,649056.68
21,44,220909.16,2,4,5,1,4,10519.4838,5,1,1,2,Scrum,910.29,292825.93
35,17,412700.73,5,4,3,1,3,11791.4494,3,4,0,1,Waterfall,376.19,492408.18
5,9,89293.67,2,5,4,2,4,17858.734,8,5,0,1,XP,32.6,509375.0
55,38,374333.04,5,1,3,3,4,6806.0553,9,4,1,2,Spiral,2158.81,425070.26
40,16,520484.53,3,3,4,2,1,13012.1132,8,5,0,2,Agile,584.8,728294.28
61,48,561603.57,5,3,3,3,2,9206.6159,9,4,0,1,Agile,2072.77,739631.02
45,43,1265584.5,2,3,2,2,2,28124.1,4,4,1,1,Scrum,1415.05,1442219.51
6,4,619534.49,2,1,5,1,1,103255.7483,5,2,0,1,Iterative,19.23,334916.7
45,22,1174188.75,3,2,1,3,4,26093.0833,3,2,0,1,Agile,1092.38,1320173.32
36,26,1262558.39,2,4,2,1,2,35071.0664,2,1,0,2,Iterative,965.9,1653737.97
14,16,1520745.42,1,4,2,2,2,108624.6729,4,4,0,1,Scrum,130.27,1681622.11
3,41,1313387.52,3,4,1,1,1,437795.84,1,3,0,3,Waterfall,102.69,855154.34
34,12,359138.16,4,4,4,2,3,10562.8871,8,2,0,1,Agile,458.7,359200.8
49,4,260624.19,4,4,4,2,2,5318.861,8,3,0,1,RAD,169.92,303946.27
77,37,1147172.94,5,5,3,2,2,14898.3499,6,2,0,3,SAFe,3635.92,1557571.88
77,27,896411.66,2,5,2,1,3,11641.7099,2,2,1,1,Agile,2042.19,1062442.79
60,46,376731.84,1,2,1,2,4,6278.864,2,1,1,2,SAFe,2883.91,446189.58
65,17,1243168.63,1,2,2,2,4,19125.6712,4,3,1,2,SAFe,903.95,1592103.4
58,15,1052005.91,5,3,4,2,2,18138.0329,8,4,0,1,Scrum,657.22,1185270.14
36,46,57112.58,5,5,2,1,1,1586.4606,2,2,1,3,V-Model,1796.2,72633.41
4,42,743041.34,5,3,3,2,1,185760.335,6,2,1,1,V-Model,165.24,896471.46
40,18,665370.75,2,5,4,2,2,16634.2688,8,3,0,3,SAFe,796.95,13448531.25
25,8,1280870.27,4,3,2,3,1,51234.8108,6,2,0,2,Agile,236.15,1583326.06
44,37,1241221.36,5,4,4,1,2,28209.5764,4,4,0,2,Waterfall,1095.29,1399439.28
52,26,1194826.52,2,5,2,1,1,22977.4331,2,4,1,2,SAFe,635.1,1359197.47
10,3,245087.14,5,4,4,1,1,24508.714,4,5,1,3,V-Model,23.53,245427.21
43,29,61711.49,5,5,2,3,3,1435.1509,6,5,0,2,Agile,1341.89,73207.65
66,19,694865.95,2,3,2,1,3,10528.272,2,3,0,2,SAFe,957.11,848790.9
23,34,1136826.64,2,3,3,2,1,49427.2452,6,3,0,2,Iterative,640.11,1485894.17
77,41,917420.0,2,2,2,2,2,11914.5455,4,3,1,3,SAFe,3570.9,1100341.05
36,29,731439.19,2,2,5,1,4,20317.7553,5,5,1,1,Agile,849.5,799969.09
30,46,31821.52,1,4,3,3,1,1060.7173,9,1,0,2,Spiral,1794.74,45644.88
4,27,657384.46,5,1,3,3,2,164346.115,9,4,0,3,Spiral,95.71,790138.11
32,35,808369.12,1,3,1,3,3,25261.535,3,1,1,1,Scrum,1346.78,939013.05
63,1,908752.87,1,3,3,3,1,14424.6487,9,4,0,2,Spiral,60.72,1073038.13
71,28,1248025.49,1,5,1,3,3,17577.8238,3,2,1,3,SAFe,2146.56,1542618.41
59,44,70584.23,3,1,2,2,2,1196.3429,4,3,1,2,V-Model,2027.28,77394.8
79,35,763355.82,5,4,1,1,2,9662.7319,1,5,0,1,SAFe,1457.1,1096526.71
67,22,639133.18,4,4,4,2,4,9539.3012,8,1,0,1,Scrum,1561.35,791633.75
21,14,1500274.69,3,3,1,3,3,71441.6519,3,3,0,3,Agile,352.14,1541190.27
44,23,363742.92,4,4,5,1,4,8266.8845,5,5,0,2,Waterfall,767.74,405775.13
18,5,1182032.07,2,3,1,3,2,65668.4483,3,5,0,2,Iterative,66.81,368646.86
80,36,107382.97,1,3,5,3,3,1342.2871,15,5,0,1,Spiral,2740.71,127796.27
5,6,119125.5,3,3,1,1,4,23825.1,1,5,1,1,Kanban,14.63,77844.38
35,28,999835.54,3,1,3,3,4,28566.7297,9,4,1,3,Spiral,971.53,1049924.01
7,30,1087489.05,2,3,5,1,1,155355.5786,5,5,0,3,Agile,164.13,1302699.7
74,27,1262444.45,2,4,4,1,4,17060.0601,4,2,0,2,SAFe,1722.81,1382293.28
44,24,946418.85,2,1,4,2,2,21509.5193,8,2,0,1,Iterative,953.48,980353.64
42,5,406764.33,4,2,4,1,3,9684.865,4,1,0,3,Agile,301.24,539561.29
64,4,194887.0,5,2,3,1,3,3045.1094,3,1,0,2,SAFe,342.95,194816.12
42,7,236585.4,1,5,2,3,3,5632.9857,6,2,0,1,Scrum,269.56,286557.19
2,45,949250.32,5,4,1,2,1,474625.16,2,4,1,1,XP,46.02,545687.21
7,41,593562.48,5,5,2,3,2,84794.64,6,4,0,2,Spiral,211.84,795219.81
59,31,187220.83,5,3,5,1,1,3173.2344,5,3,0,2,SAFe,1654.21,237686.22
8,37,142518.31,5,2,1,1,3,17814.7888,1,3,1,3,Waterfall,306.3,185524.22
60,12,98346.87,2,3,3,1,2,1639.1145,3,3,0,3,SAFe,726.02,128180.78
27,25,382669.01,2,4,1,3,4,14172.9263,3,5,0,1,Agile,494.3,484371.37
56,12,475858.81,5,3,5,1,1,8497.4788,5,1,0,1,Waterfall,548.55,577011.91
5,28,530249.08,5,1,3,3,1,106049.816,9,1,1,3,Agile,182.08,662603.06
8,48,1379995.73,5,4,3,3,2,172499.4662,9,3,1,2,Spiral,447.1,1783886.06
52,14,1241444.83,2,1,1,2,1,23873.939,2,1,1,1,Iterative,525.36,1529819.25
63,29,1465183.41,5,3,1,3,3,23256.8795,3,1,0,1,Agile,2437.32,1751923.68
47,28,420982.34,1,5,3,3,3,8957.0711,9,4,1,1,Scrum,999.14,559342.08
41,27,515082.4,5,1,2,2,1,12562.9854,4,1,1,2,Waterfall,1100.68,530811.1
12,21,30063.31,1,1,1,2,3,2505.2758,2,4,0,1,Iterative,226.24,36077.76
34,22,1091990.13,5,3,5,3,3,32117.3568,15,3,1,3,Spiral,971.01,1239521.04
16,38,475507.87,3,3,1,2,3,29719.2419,2,1,0,2,Agile,709.02,526147.9
71,45,944999.44,5,4,3,3,2,13309.8513,9,5,1,2,SAFe,2258.68,1044776.95
46,31,78807.02,1,2,1,1,2,1713.1961,1,1,0,1,Iterative,1035.76,89382.0
43,18,106236.32,1,3,5,3,1,2470.6121,15,4,1,2,Spiral,673.22,128149.82
55,38,875341.64,2,2,4,1,4,15915.3025,4,5,1,1,Agile,1620.69,1050719.4
4,20,29905.78,2,4,4,1,2,7476.445,4,5,0,3,Scrum,54.12,32477.11
15,15,1473630.99,4,2,5,3,2,98242.066,15,2,1,2,Spiral,261.92,1722733.89
65,43,965157.06,4,1,2,1,2,14848.5702,2,1,1,1,Agile,828.35,163709.66
55,48,878125.59,1,5,4,1,4,15965.9198,4,1,1,1,Scrum,2533.72,927947.71
39,46,660563.28,1,2,2,2,2,16937.52,4,2,0,2,Iterative,1878.44,848294.25
8,34,1389620.93,1,1,4,3,4,173702.6162,12,4,1,3,Spiral,316.47,1596064.31
62,47,291548.75,5,4,1,1,3,4702.3992,1,5,1,1,Waterfall,1499.36,327498.13
36,39,506749.89,5,1,2,1,3,14076.3858,2,4,0,3,Waterfall,910.61,591903.63
45,45,495378.88,5,4,3,3,1,11008.4196,9,3,0,3,Scrum,2138.11,616077.64
58,13,277245.93,1,5,5,3,3,4780.1022,15,4,1,1,Spiral,724.57,320748.51
22,17,253828.73,1,2,1,3,4,11537.6695,3,3,1,2,Iterative,434.71,319382.67
12,9,142250.87,4,3,4,2,4,11854.2392,8,2,0,2,Scrum,116.85,1752750.0
33,27,962365.25,4,3,3,3,4,29162.5833,9,5,0,3,Spiral,891.07,1221951.13
9,20,1436269.17,1,2,3,2,2,159585.4633,6,3,1,3,Iterative,137.01,1503563.45
33,10,1441894.33,3,4,4,3,1,43693.7676,12,1,0,3,Spiral,441.4,1550594.76
33,14,780582.99,2,4,1,2,2,23654.03,2,1,1,3,Scrum,444.56,982102.73
13,44,27069.75,3,1,2,3,1,2082.2885,6,2,0,1,Agile,400.39,29401.94
45,1,685263.08,3,4,2,1,4,15228.0684,2,2,0,2,RAD,40.18,439581.97
5,16,1289819.23,1,3,4,1,4,257963.846,4,2,0,1,Agile,61.35,886950.33
70,30,1172589.44,2,3,5,2,4,16751.2777,10,5,1,3,SAFe,2390.85,60518390.62
29,35,909422.76,1,2,1,3,1,31359.4055,3,5,1,2,Agile,625.83,1257541.85
18,39,934040.85,2,3,3,1,4,51891.1583,3,4,1,3,Iterative,547.17,1074512.14
22,42,407839.89,3,5,2,1,3,18538.1768,2,5,1,2,Scrum,594.86,457314.26
39,23,900769.5,1,2,3,3,1,23096.6538,9,1,1,2,Spiral,1068.92,1065846.89
79,2,162964.58,2,5,2,2,3,2062.8428,4,4,1,3,SAFe,148.85,180522.1
9,15,108469.01,1,1,5,3,3,12052.1122,15,4,0,2,Spiral,145.81,134216.34
55,42,1169015.92,4,4,3,2,1,21254.8349,6,5,0,3,SAFe,1770.05,1173624.41
37,6,1246400.28,3,1,1,2,3,33686.4941,2,4,0,2,Agile,212.57,1239913.88
30,17,1277265.89,2,4,4,1,1,42575.5297,4,4,1,2,Scrum,314.86,1670285.81
42,46,408251.45,1,3,4,3,2,9720.2726,12,4,0,3,Spiral,1847.82,521726.85
13,41,574738.3,2,5,1,1,2,44210.6385,1,2,0,1,Scrum,408.71,661841.25
63,9,1196801.75,1,2,2,3,2,18996.8532,6,5,1,1,Iterative,336.68,1672754.16
2,24,1367718.67,2,3,5,2,4,683859.335,10,2,0,1,Scrum,59.61,886752.15
14,43,1023519.56,1,3,1,2,2,73108.54,2,5,1,3,Scrum,394.6,1212495.06
66,22,612752.64,2,3,3,2,2,9284.1309,6,5,1,3,Spiral,1337.57,661813.33
8,8,1398984.81,5,3,4,3,1,174873.1012,12,2,1,1,Spiral,73.25,1865385.93
65,25,877357.96,1,4,1,3,1,13497.8148,3,1,1,1,Iterative,1654.26,917708.82
79,35,867150.67,5,1,5,2,4,10976.5908,10,5,1,3,V-Model,2514.37,1014059.96
44,1,21015.91,5,3,4,3,3,477.6343,12,3,1,3,Agile,58.68,24490.5
66,34,734765.83,5,2,1,2,4,11132.8156,2,4,1,2,SAFe,1576.54,906281.36
63,23,149983.81,3,1,2,1,2,2380.6954,2,3,1,2,SAFe,1197.15,207271.0
74,36,1365920.37,3,2,5,3,1,18458.3834,15,1,0,1,Spiral,3496.84,1807826.98
64,26,13364.96,4,5,2,3,1,208.8275,6,3,0,1,Spiral,1335.74,16909.35
70,30,1251466.62,2,1,5,3,1,17878.0946,15,2,1,1,Spiral,2283.87,1389850.39
38,24,1145720.86,4,3,3,1,4,30150.5489,3,5,0,1,Agile,478.68,1379553.16
72,2,701984.75,3,4,2,3,1,9749.7882,6,1,0,3,SAFe,169.97,743440.13
28,6,1013231.83,1,2,3,1,1,36186.8511,3,3,0,1,Iterative,107.7,1173908.29
60,20,1208770.88,1,4,4,2,3,20146.1813,8,4,0,3,SAFe,1454.47,1355473.38
5,40,470755.21,4,4,1,1,4,94151.042,1,4,0,2,Waterfall,144.15,622502.81
70,46,903251.24,3,3,2,2,2,12903.5891,4,3,1,2,SAFe,2753.68,1026895.69
40,5,200494.75,2,2,4,2,4,5012.3688,8,5,0,1,Iterative,135.94,225789.9
80,1,775016.19,4,5,3,2,3,9687.7024,6,1,1,2,SAFe,99.57,1069148.88
61,47,884204.55,5,3,2,2,2,14495.1566,4,1,1,3,V-Model,3504.36,1163043.67
56,32,323358.54,5,1,2,3,1,5774.2596,6,2,0,3,SAFe,2223.2,395656.16
43,21,1319377.68,1,5,1,3,3,30683.2019,3,3,1,3,Scrum,1179.94,1603917.7
57,45,179634.71,1,5,2,2,2,3151.4861,4,3,1,2,SAFe,2307.35,219930.62
65,23,715059.07,3,2,2,1,3,11000.9088,2,2,1,3,SAFe,2019.97,1015300.3
44,7,808949.87,5,1,4,2,1,18385.2243,8,4,1,1,V-Model,195.88,898406.21
67,5,828976.53,1,3,5,3,3,12372.784,15,3,0,1,Spiral,454.38,1242906.07
16,29,679302.32,4,1,1,1,3,42456.395,1,4,1,2,Waterfall,347.57,754598.37
56,23,1294234.15,2,5,5,2,3,23111.3241,10,5,0,2,SAFe,1146.99,1665298.27
53,15,1093385.73,1,1,2,3,3,20629.9194,6,5,1,3,SAFe,803.59,1285581.44
41,34,577992.17,2,3,4,3,4,14097.37,12,3,1,3,Spiral,1700.69,656496.26
59,46,649958.24,3,5,4,1,3,11016.2414,4,1,0,3,SAFe,3763.79,928384.6
76,43,714351.71,2,2,1,1,4,9399.3646,1,1,1,1,SAFe,2624.92,638178.9
65,40,866459.56,2,5,4,1,4,13330.1471,4,1,1,3,SAFe,2985.54,1107526.61
40,12,1355451.28,3,2,4,1,2,33886.282,4,2,1,2,Agile,395.67,1615209.82
27,40,463459.46,2,4,3,3,1,17165.1652,9,1,0,3,Spiral,1326.53,535088.87
30,17,250567.73,3,4,3,1,1,8352.2577,3,1,0,1,Scrum,351.09,270325.0
28,42,88682.13,1,2,3,1,2,3167.2189,3,3,0,1,Iterative,809.53,100022.16
32,22,1207002.91,5,1,1,3,1,37718.8409,3,2,0,1,Agile,475.25,1385702.59
62,19,987674.5,5,5,2,1,3,15930.2339,2,2,0,1,Waterfall,1022.77,1137731.62
30,25,656112.45,5,3,1,2,2,21870.415,2,3,0,3,Waterfall,568.6,785723.23
25,21,121396.22,3,4,5,2,3,4855.8488,10,5,1,2,Spiral,530.99,126479.61
31,35,1256028.99,1,5,5,2,2,40517.0642,10,3,1,2,Spiral,1380.23,1469596.4
44,45,1430752.46,3,2,5,3,1,32517.1014,15,2,0,2,Spiral,2572.98,1598850.84
13,19,111677.59,5,5,1,2,2,8590.5838,2,1,1,3,Scrum,280.31,126705.42
22,6,1095086.0,1,3,2,2,2,49776.6364,4,3,0,3,Scrum,146.06,1183484.23
61,25,44852.31,1,1,5,2,2,735.2838,10,3,1,3,Spiral,2046.15,44284.46
38,35,587766.66,1,5,5,1,4,15467.5437,5,3,0,3,Agile,1579.69,727898.41
44,12,496907.66,4,4,5,1,4,11293.3559,5,3,1,3,V-Model,636.31,513271.36
73,14,193882.13,5,5,5,1,1,2655.9196,5,4,0,1,SAFe,763.4,237996.4
56,29,1022832.17,5,3,1,2,4,18264.8602,2,2,0,1,Agile,1673.06,1308062.59
44,47,871086.26,5,2,3,3,2,19797.415,9,2,1,3,Spiral,2537.28,1037775.04
79,43,1110195.43,1,1,4,2,4,14053.1067,8,1,1,1,Spiral,4195.7,1261869.22
47,5,1419066.23,5,1,4,3,1,30192.8985,12,5,0,2,Spiral,198.6,1591218.84
48,33,1170625.68,1,3,2,1,3,24388.035,2,3,1,1,Scrum,1351.52,1368087.87
27,12,1362199.54,2,3,4,3,4,50451.8348,12,1,1,2,Spiral,517.17,1532635.87
26,30,1325525.55,1,3,3,1,1,50981.7519,3,1,1,3,Scrum,615.52,1532447.47
40,44,1200742.93,3,1,4,3,4,30018.5732,12,5,0,2,Spiral,1717.54,1625890.83
37,47,1323075.15,3,3,2,2,3,35758.7878,4,4,0,3,Iterative,2205.21,1419815.88
63,39,1479117.15,2,1,3,3,4,23478.05,9,5,1,1,Agile,1683.25,1497948.52
16,29,724045.61,3,2,3,1,1,45252.8506,3,3,1,1,Iterative,333.21,782197.86
57,25,549391.84,5,4,2,1,3,9638.4533,2,3,1,1,Waterfall,1041.45,720431.97
34,44,431162.39,4,3,3,3,3,12681.2468,9,5,0,3,Spiral,1673.21,527824.45
45,30,229758.21,5,3,1,1,4,5105.738,1,1,1,2,Waterfall,1237.24,290614.68
17,34,235149.39,1,5,5,2,4,13832.3171,10,2,1,1,Spiral,739.66,246457.17
80,5,696541.39,5,5,1,1,2,8706.7674,1,4,1,3,SAFe,270.88,905053.18
14,6,847326.45,3,1,2,1,1,60523.3179,2,1,0,1,Iterative,71.62,856729.19
15,47,477369.48,5,1,3,1,1,31824.632,3,5,0,1,Waterfall,365.09,611011.24
75,35,900846.01,2,2,1,1,4,12011.2801,1,5,1,1,SAFe,1392.16,1050849.78
17,8,214048.23,4,2,3,2,3,12591.0724,6,1,0,3,Scrum,212.8,254700.73
66,32,636962.74,1,3,2,3,3,9650.9506,6,3,1,2,SAFe,2344.57,815342.91
24,15,678813.24,1,1,3,1,1,28283.885,3,3,0,3,Iterative,232.48,835858.29
6,38,619312.15,1,3,5,1,2,103218.6917,5,2,1,2,Scrum,220.77,719218.37
17,7,1444864.43,2,4,3,3,4,84992.0253,9,5,1,3,Spiral,131.45,1586958.45
53,20,1353672.44,1,3,1,2,4,25540.9894,2,3,0,1,Iterative,791.03,1566004.42
80,20,935571.31,3,3,4,2,4,11694.6414,8,1,0,2,SAFe,1894.66,1027868.22
12,28,20408.79,4,1,1,3,1,1700.7325,3,3,1,2,Agile,298.25,25419.5
26,28,1459249.46,3,3,3,2,2,56124.9792,6,5,1,3,Scrum,626.42,1777191.36
70,44,866156.25,2,3,2,1,3,12373.6607,2,2,0,1,SAFe,3229.29,953296.25
5,34,775362.0,2,1,3,1,4,155072.4,3,2,0,3,Agile,173.85,894808.3
70,24,921239.28,1,1,4,3,3,13160.5611,12,5,1,3,Spiral,2328.18,1109884.54
9,22,874607.64,5,4,5,1,1,97178.6267,5,1,0,2,Waterfall,182.27,1031921.31
36,18,258362.48,3,5,5,3,3,7176.7356,15,2,1,1,Spiral,865.19,266535.74
43,35,1391156.07,4,5,3,2,1,32352.4667,6,2,0,2,Scrum,1577.71,1618962.42
51,38,1234023.52,2,5,3,3,1,24196.5396,9,3,1,3,Spiral,2255.29,1297061.29
72,20,462473.94,1,3,3,2,3,6423.2492,6,1,1,2,SAFe,2075.17,512519.12
55,9,156924.84,3,3,3,3,2,2853.1789,9,1,0,1,Agile,624.91,196709.91
75,29,1304690.59,2,2,1,1,2,17395.8745,1,5,1,2,SAFe,1091.46,1268143.8
26,33,348221.64,3,2,1,2,4,13393.14,2,4,1,2,Agile,632.39,369298.66
31,8,976083.06,1,3,1,1,3,31486.5503,1,2,0,3,Scrum,263.82,1232121.72
41,2,407859.55,5,5,2,2,2,9947.7939,4,3,1,1,RAD,50.5,346875.45
30,11,49806.29,2,4,3,3,1,1660.2097,9,1,1,2,Scrum,397.94,55595.72
12,18,239904.47,1,5,4,3,1,19992.0392,12,5,0,3,Spiral,231.93,276160.85
9,6,104188.03,3,5,1,1,2,11576.4478,1,5,0,3,Waterfall,45.77,140405.86
38,18,853216.01,3,4,3,2,3,22453.0529,6,5,1,3,Scrum,527.07,1071181.02
45,8,1042631.76,3,3,5,3,4,23169.5947,15,5,1,1,Spiral,320.56,1155717.17
19,48,360185.33,4,1,4,3,1,18957.1226,12,1,1,2,Spiral,1185.19,435262.35
18,35,623684.88,4,2,2,1,3,34649.16,2,4,1,2,Waterfall,473.86,662579.32
45,12,1100312.36,1,5,2,3,2,24451.3858,6,3,0,3,Scrum,662.04,1249384.73
8,34,1113048.86,3,1,1,2,3,139131.1075,2,1,1,1,Iterative,285.33,1420812.68
68,45,1026028.39,2,4,1,1,1,15088.6528,1,3,1,2,SAFe,1806.55,1463202.28
32,47,692222.03,3,2,5,2,3,21631.9384,10,3,0,1,Agile,2136.58,800700.78
39,12,1368773.87,2,5,2,3,1,35096.7659,6,2,0,3,Scrum,596.62,1655193.68
68,31,660981.22,2,3,5,3,2,9720.3121,15,2,0,2,Spiral,3324.57,730182.71
12,15,438775.65,5,4,1,2,2,36564.6375,2,1,0,1,Agile,155.73,500008.75
32,5,1475690.83,2,1,3,3,4,46115.3384,9,4,1,2,Iterative,178.11,1654204.2
8,45,212808.09,4,1,3,1,1,26601.0112,3,2,1,1,V-Model,273.08,243506.19
33,40,694304.86,4,1,5,3,1,21039.5412,15,5,0,2,Spiral,1081.74,928506.05
59,29,516730.0,1,5,2,3,1,8758.1356,6,2,0,3,SAFe,1963.62,524598.07
68,43,679330.37,4,4,5,3,2,9990.1525,15,1,0,1,Spiral,4476.41,768553.12
70,6,743197.47,4,1,4,3,1,10617.1067,12,2,0,3,SAFe,443.63,897751.94
22,18,703470.66,1,3,4,1,2,31975.9391,4,3,0,3,Iterative,343.41,836514.13
36,11,136745.62,4,3,3,2,3,3798.4894,6,2,1,2,Agile,450.33,170691.93
26,44,1040624.97,5,3,4,3,2,40024.0373,12,4,1,3,Spiral,1397.1,1242803.81
24,43,1120198.61,3,2,5,2,2,46674.9421,10,4,0,2,Agile,1028.65,1250126.89
51,30,1246917.04,4,3,2,3,4,24449.3537,6,2,0,2,SAFe,2228.55,1178022.26
51,45,635813.45,4,5,5,2,4,12466.9304,10,5,0,3,SAFe,2685.77,722999.95
63,43,546358.37,3,4,1,2,4,8672.3551,2,3,0,2,SAFe,2342.93,635185.94
46,1,24454.59,5,5,2,2,2,531.6215,4,1,1,1,RAD,43.06,29429.2
43,26,1190236.78,1,5,1,1,2,27679.9251,1,3,0,3,Scrum,1015.61,1440903.02
78,39,163322.72,5,1,1,1,4,2093.881,1,2,0,1,SAFe,1830.58,206918.77
47,38,599523.32,1,3,3,2,3,12755.8153,6,5,1,3,Scrum,1798.5,698055.11
14,26,457381.6,5,4,2,3,2,32670.1143,6,2,1,2,Spiral,389.77,516090.23
74,8,1097305.96,3,5,1,1,2,14828.4589,1,2,0,2,SAFe,484.05,1389788.9
15,28,466691.22,2,4,4,1,3,31112.748,4,3,0,2,Agile,348.84,503686.08
52,24,94297.19,5,5,5,1,1,1813.4075,5,3,0,2,SAFe,1248.2,118344.84
63,37,1121314.78,5,5,5,2,2,17798.6473,10,1,1,2,V-Model,2602.38,1310535.76
55,11,896279.5,5,3,4,1,2,16295.9909,4,2,1,1,V-Model,423.29,1002910.47
16,39,196823.7,3,5,5,1,2,12301.4812,5,4,0,2,Scrum,611.45,219783.27
50,6,930172.1,3,2,5,2,4,18603.442,10,2,1,2,V-Model,426.74,1037674.5
30,30,997309.86,2,4,3,3,2,33243.662,9,2,1,2,Spiral,1261.06,1312506.77
69,19,1165032.99,5,5,4,1,4,16884.5361,4,3,1,3,V-Model,1140.38,1504202.43
78,48,1390811.01,5,1,4,3,2,17830.9104,12,2,1,3,Spiral,5669.53,1868934.76
38,37,768332.65,3,1,5,2,4,20219.2803,10,5,1,1,Spiral,1384.84,1098635.46
43,32,1345429.81,5,4,4,2,1,31289.0653,8,4,1,2,V-Model,1018.66,1596725.91
30,24,14304.88,3,3,3,1,3,476.8293,3,4,0,3,Waterfall,636.39,15898.76
63,42,1013151.04,5,2,4,2,2,16081.7625,8,3,1,2,V-Model,2360.07,1418592.39
15,36,307438.35,4,2,5,1,2,20495.89,5,4,0,3,Waterfall,536.11,389613.47
41,22,656847.14,3,4,2,1,3,16020.662,2,2,0,1,Waterfall,741.54,818092.13
9,16,1336875.55,4,4,4,3,4,148541.7278,12,4,1,1,Spiral,140.32,1705274.31
27,46,878783.28,3,4,5,2,2,32547.5289,10,2,0,1,Agile,1515.37,998332.39
52,13,415602.22,1,1,2,1,1,7992.3504,2,5,1,2,SAFe,390.35,430766.87
5,9,89867.89,2,4,4,2,4,17973.578,8,4,0,1,XP,32.6,509375.0
76,7,652674.95,1,4,5,1,1,8587.8283,5,4,1,1,SAFe,354.15,857223.61
48,22,239784.83,2,4,5,1,2,4995.5173,5,1,1,3,Scrum,1155.76,305765.01
34,10,134500.68,1,3,3,2,4,3955.9024,6,4,0,3,Iterative,327.24,157578.71
34,14,1417784.84,4,5,2,3,3,41699.5541,6,1,0,3,Scrum,800.09,1721787.37
24,38,924536.34,5,4,2,2,4,38522.3475,4,1,0,1,Agile,883.92,914801.65
61,38,1025792.49,1,3,1,3,2,16816.2703,3,4,1,2,SAFe,1864.82,1366098.83
35,18,689549.0,3,2,1,1,1,19701.4,1,1,1,2,Waterfall,498.2,814194.36
74,31,1537414.07,5,4,5,1,1,20775.8658,5,4,0,1,SAFe,1697.82,1865374.5
61,11,125910.19,4,1,5,3,4,2064.1015,15,3,0,1,Spiral,707.25,174798.88
15,40,541313.43,5,2,1,1,3,36087.562,1,4,1,1,Waterfall,397.18,679058.19
54,8,1498187.35,1,3,4,1,4,27744.2102,4,3,1,2,Agile,363.76,1624739.34
79,5,456559.43,4,3,5,1,3,5779.2333,5,5,0,1,SAFe,297.43,583769.75
20,8,378729.61,3,2,5,3,2,18936.4805,15,3,0,3,Spiral,179.85,565387.54
47,4,659361.54,4,2,3,1,2,14028.9689,3,3,1,1,Agile,137.66,831366.57
54,39,468606.45,5,4,5,2,2,8677.8972,10,5,1,3,V-Model,1821.61,592675.26
27,25,1172676.78,2,5,3,1,4,43432.4733,3,2,1,2,Scrum,615.79,1175636.76
68,11,1349848.24,4,2,4,3,4,19850.7094,12,4,1,3,SAFe,753.53,1724178.86
51,24,845640.87,5,5,4,2,2,16581.1935,8,5,1,2,V-Model,1119.74,1222452.48
23,31,1247774.18,4,1,3,2,1,54251.0513,6,4,1,3,V-Model,663.18,1527912.03
61,37,830652.68,4,2,5,2,3,13617.257,10,2,0,1,Agile,2389.33,1054412.5
46,2,786380.07,5,4,4,1,1,17095.2189,4,3,1,1,V-Model,67.97,920585.53
19,6,971378.73,1,4,5,3,3,51125.1963,15,3,1,1,Spiral,160.93,1291570.41
9,41,1364261.42,2,2,5,1,3,151584.6022,5,1,0,2,Iterative,521.45,1617593.18
64,7,345999.25,3,4,1,1,1,5406.2383,1,3,0,3,SAFe,411.96,351425.11
70,11,936945.63,3,2,3,1,3,13384.9376,3,2,0,3,Agile,1024.48,1204132.39
3,27,602200.34,1,5,4,2,2,200733.4467,8,3,0,2,Scrum,65.15,764885.45
15,8,473746.23,5,1,2,1,1,31583.082,2,2,0,2,Waterfall,85.7,488725.15
20,30,453069.26,5,1,4,2,3,22653.463,8,4,1,1,V-Model,552.55,11223671.88
14,18,1189788.18,3,1,5,1,3,84984.87,5,5,1,1,V-Model,176.83,1488749.38
29,10,624089.1,4,5,3,3,3,21520.3138,9,4,1,1,Agile,283.55,751977.92
23,36,181638.36,5,1,5,2,4,7897.32,10,3,0,2,Agile,1159.68,210016.21
56,4,29736.25,4,2,4,3,3,531.0045,12,5,0,1,Agile,177.22,32277.24
38,9,1127857.74,4,4,5,3,3,29680.4668,15,1,0,2,Spiral,581.6,1135867.22
57,48,949732.56,4,5,3,1,4,16661.9747,3,5,1,2,SAFe,1933.14,1174978.72
4,34,789825.26,5,1,2,3,1,197456.315,6,5,0,3,Agile,100.01,856063.87
77,17,1447673.73,1,5,2,2,3,18800.9575,4,5,1,1,SAFe,899.68,1716784.82
34,44,1279085.04,5,3,3,2,3,37620.1482,6,1,1,3,V-Model,2354.94,1712894.62
33,39,1074841.66,5,4,3,2,4,32570.9594,6,4,0,1,Agile,799.61,1174119.21
60,5,1190805.74,4,5,2,1,4,19846.7623,2,5,0,3,SAFe,242.26,1445996.94
21,22,1102591.28,4,3,3,3,2,52504.3467,9,4,0,3,Spiral,429.1,1437462.94
52,46,73633.33,1,2,2,1,3,1416.0256,2,2,1,3,SAFe,2241.97,89608.1
4,36,74910.21,3,3,1,3,2,18727.5525,3,5,1,2,Scrum,118.33,94565.04
69,16,536917.15,4,3,4,1,4,7781.408,4,1,0,2,SAFe,1256.1,679880.84
75,38,1390845.88,3,4,1,3,1,18544.6117,3,4,0,1,Agile,598.4,1200046.19
73,11,975903.5,5,5,4,1,4,13368.5411,4,4,1,1,V-Model,529.98,1035346.98
33,48,315224.58,1,2,1,2,2,9552.26,2,2,1,2,Iterative,1235.14,419706.74
24,29,1228073.13,1,1,1,1,3,51169.7137,1,1,1,2,Iterative,774.86,1498859.31
13,12,128910.57,1,5,4,3,2,9916.1977,12,1,1,1,Scrum,187.76,158537.27
41,24,902738.99,3,3,2,3,4,22018.0241,6,4,0,3,Scrum,1024.09,1058099.46
6,6,79651.01,1,5,3,2,1,13275.1683,6,2,0,1,Scrum,26.91,322920.0
21,27,1215832.38,3,3,5,1,4,57896.78,5,3,1,1,V-Model,519.21,1384852.97
35,26,685777.77,4,4,5,2,1,19593.6506,10,3,1,3,Spiral,1096.77,856493.46
29,44,440995.99,2,4,3,2,2,15206.7583,6,5,1,2,Scrum,877.94,553915.72
76,12,742317.92,4,1,1,1,3,9767.3411,1,1,0,2,SAFe,1054.21,809493.06
55,6,416789.69,3,2,2,3,3,7577.9944,6,2,1,3,SAFe,402.53,460763.92
76,22,1393426.55,1,3,3,2,3,18334.5599,6,5,0,3,SAFe,1805.73,1511942.77
8,48,358686.66,5,4,2,2,4,44835.8325,4,3,0,3,Scrum,361.06,446843.69
12,21,1260958.6,1,5,4,3,4,105079.8833,12,2,0,3,Spiral,402.96,1326977.23
24,22,434082.26,4,5,2,2,4,18086.7608,4,1,0,3,Scrum,606.06,615826.38
30,18,1008820.68,1,4,2,2,2,33627.356,4,3,0,3,Scrum,585.7,1094906.39
18,44,410124.99,5,5,2,2,3,22784.7217,4,5,0,1,Agile,503.3,507419.39
38,13,772887.07,1,1,5,2,3,20339.1334,10,4,1,2,Spiral,609.94,917931.37
52,1,924710.02,1,1,4,1,1,17782.885,4,5,0,2,SAFe,34.56,733913.23
59,30,698797.56,3,4,3,3,4,11844.0264,9,1,0,1,Agile,2015.91,921977.77
68,26,734698.49,3,3,2,2,1,10804.3896,4,2,0,1,Agile,1211.36,754903.1
36,4,591301.23,1,4,1,1,1,16425.0342,1,5,1,3,RAD,84.55,490941.6
36,11,1500573.74,4,3,4,2,4,41682.6039,8,1,1,2,Spiral,522.17,1642348.49
24,3,1088965.79,1,5,1,2,2,45373.5746,2,2,1,1,RAD,71.28,735174.69
30,18,27351.85,1,1,4,1,4,911.7283,4,2,1,3,Iterative,780.64,30675.53
76,48,601908.02,3,2,3,1,3,7919.8424,3,4,1,1,V-Model,2577.58,813494.22
44,5,663927.75,5,4,4,1,3,15089.267,4,5,0,2,Waterfall,195.85,886453.34
21,5,1101753.73,3,1,4,3,4,52464.4633,12,2,0,1,Spiral,167.67,1331433.51
45,14,990816.7,4,1,5,3,2,22018.1489,15,1,1,3,Spiral,994.85,1011372.86
19,41,38344.11,3,3,1,1,2,2018.1111,1,2,1,1,Waterfall,620.38,48524.35
20,37,1210904.65,4,2,1,1,3,60545.2325,1,5,1,3,Waterfall,496.56,1302799.96
58,6,845423.21,3,4,2,2,3,14576.2622,4,5,1,3,SAFe,324.41,920640.68
66,20,1153413.53,2,1,5,3,3,17475.9626,15,4,1,2,Spiral,1734.45,1448325.99
11,28,1495798.81,5,4,3,2,1,135981.71,6,1,0,3,Scrum,389.34,1770652.53
41,31,163947.31,5,3,3,3,1,3998.7149,9,5,0,2,Agile,808.37,197916.08
70,1,898648.51,3,1,3,3,4,12837.8359,9,1,0,3,SAFe,96.32,930437.47
63,27,1167060.06,3,1,5,1,3,18524.7629,5,1,1,3,SAFe,2441.06,1453788.16
39,30,314095.97,3,1,1,2,3,8053.7428,2,3,0,2,Agile,962.67,371347.36
42,39,162774.42,5,4,5,1,2,3875.5814,5,3,1,3,V-Model,1460.31,202891.61
23,43,684712.14,3,1,3,2,3,29770.093,6,5,0,2,Agile,880.47,755259.99
39,1,57436.71,5,5,4,3,3,1472.7362,12,4,0,3,Spiral,54.52,71213.79
14,24,461188.06,2,2,1,2,3,32942.0043,2,4,0,2,Agile,269.53,549815.43
72,35,623363.01,1,3,4,3,1,8657.8196,12,3,0,3,Spiral,3149.56,775926.33
30,33,771169.71,5,3,3,1,3,25705.657,3,5,1,1,V-Model,690.71,938327.51
24,5,1002392.86,4,2,2,3,2,41766.3692,6,5,1,3,Agile,119.31,1243657.37
34,12,858893.74,5,4,1,1,4,25261.5806,1,2,0,3,Waterfall,511.39,942281.95
59,20,812960.48,1,1,1,2,3,13778.9912,2,3,1,2,SAFe,1086.46,1162957.41
26,6,580642.19,5,3,1,3,2,22332.3919,3,4,0,1,Agile,84.59,476182.69
21,6,713136.54,1,3,5,2,2,33958.8829,10,3,0,2,Scrum,137.64,847922.58
73,13,984314.27,3,5,1,1,4,13483.7571,1,4,0,1,SAFe,718.0,1084210.26
36,46,597301.51,4,5,3,1,2,16591.7086,3,2,1,1,Scrum,1253.68,780748.53
56,45,1424536.79,2,2,4,3,4,25438.157,12,3,1,1,Spiral,3316.97,1602525.04
78,3,719750.28,1,1,2,2,3,9227.5677,4,1,0,3,SAFe,341.46,860994.6
9,14,233264.62,4,2,4,2,4,25918.2911,8,5,1,1,Spiral,89.96,200365.14
68,18,369769.92,3,4,5,1,3,5437.7929,5,5,1,2,SAFe,1062.3,442395.7
43,48,1069641.72,1,1,3,2,1,24875.3888,6,2,1,3,Spiral,2053.12,1323983.26
62,5,1374844.76,1,2,1,2,2,22174.9155,2,1,0,2,SAFe,313.26,1712872.36
42,16,138868.65,1,1,2,2,1,3306.3964,4,4,1,3,Iterative,468.11,192411.76
6,26,1379463.02,2,5,2,3,3,229910.5033,6,2,0,2,Spiral,228.95,1685571.59
18,11,1533154.45,1,3,5,2,1,85175.2472,10,5,0,2,Scrum,162.49,1807476.91
54,5,1238047.11,2,1,5,3,4,22926.7983,15,4,1,3,Spiral,383.44,1487766.8
24,2,71704.02,2,1,3,2,4,2987.6675,6,2,0,1,Agile,54.14,97348.62
74,3,1014855.71,5,3,1,2,2,13714.2664,2,4,1,3,SAFe,156.16,1190347.0
3,34,448089.66,1,5,5,1,3,149363.22,5,3,1,2,Scrum,122.86,544769.44
3,42,1298785.99,4,4,1,1,3,432928.6633,1,3,0,1,Waterfall,100.32,765989.91
58,46,1229136.38,2,3,4,3,1,21192.0066,12,3,1,1,Spiral,2268.82,1607078.07
57,2,615084.68,3,2,2,2,4,10790.9593,4,4,1,3,SAFe,111.14,873010.24
23,31,202962.96,5,5,5,3,2,8824.4765,15,3,0,3,Spiral,1093.18,245503.16
35,42,977310.52,2,5,5,2,4,27923.1577,10,3,0,3,Scrum,1891.68,1241225.71
66,37,571497.32,3,1,2,2,3,8659.0503,4,3,0,1,Agile,2604.41,688966.46
10,47,266818.71,4,1,1,3,4,26681.871,3,3,1,1,Agile,426.88,271883.31
67,4,436146.01,2,3,1,1,2,6509.6419,1,5,0,3,SAFe,170.08,492859.92
61,22,1360962.6,5,4,5,3,4,22310.8623,15,3,1,2,Spiral,1522.22,1742049.58
43,8,1351526.88,4,5,1,3,4,31430.8577,3,3,0,1,Agile,337.16,1925439.83
70,39,175102.75,2,4,3,3,1,2501.4679,9,3,1,1,SAFe,2151.29,181113.99
14,16,799842.5,2,1,3,2,2,57131.6071,6,2,1,1,Spiral,199.57,1053530.49
70,9,276077.06,3,5,1,3,3,3943.958,3,2,0,3,SAFe,890.88,340163.44
65,3,662228.99,1,2,4,1,4,10188.1383,4,1,0,3,SAFe,236.14,796077.79
29,42,470269.82,2,2,1,3,3,16216.2007,3,5,0,3,Iterative,1243.23,656546.07
35,9,644400.36,4,1,4,1,3,18411.4389,4,4,1,2,Agile,212.06,683969.65
49,11,959126.97,5,2,4,1,3,19574.0198,4,4,1,3,V-Model,439.8,1021673.61
80,8,199677.69,2,4,4,1,3,2495.9711,4,4,0,3,SAFe,829.49,246257.31
70,4,1154095.79,1,3,4,1,4,16487.0827,4,1,1,1,Scrum,307.35,1145252.46
63,34,672916.74,5,1,3,3,1,10681.2181,9,4,1,1,Spiral,1834.82,715370.06
74,39,1032172.37,4,5,3,2,2,13948.2753,6,3,1,1,SAFe,2765.71,1179106.17
29,35,70737.35,2,1,2,1,1,2439.219,2,3,1,3,Iterative,802.88,79396.74
74,44,1368280.11,2,5,4,2,2,18490.2718,8,2,1,2,SAFe,3963.96,1595300.45
41,41,529810.37,4,2,2,2,1,12922.2041,4,2,1,1,Waterfall,1377.5,671490.76
47,46,1460841.57,5,2,2,3,1,31081.7355,6,2,1,3,Scrum,2575.58,1580054.9
36,26,292193.02,3,5,4,3,2,8116.4728,12,2,1,3,Spiral,1379.86,335844.27
79,29,93138.43,4,1,3,1,4,1178.9675,3,1,0,1,SAFe,2129.35,109774.53
49,16,1436290.25,5,5,2,2,4,29312.0459,4,3,1,3,Scrum,681.04,1802115.72
78,26,469945.51,4,4,3,2,4,6024.9424,6,3,0,2,SAFe,1786.11,677154.1
16,35,418944.95,1,4,5,1,3,26184.0594,5,1,1,1,Scrum,682.26,467079.18
27,44,123085.67,3,4,5,1,2,4558.7285,5,2,1,1,Scrum,1004.88,144171.6
39,35,307669.15,5,2,1,3,1,7888.9526,3,2,1,3,Agile,1668.57,365462.62
56,24,882880.59,3,5,4,2,2,15765.7248,8,1,0,1,Scrum,1414.86,1183228.78
66,1,88083.94,1,3,1,3,3,1334.6052,3,2,1,1,Iterative,82.32,106618.16
79,10,237567.59,1,1,1,3,1,3007.1847,3,4,1,3,SAFe,534.38,262797.07
26,18,1230233.37,5,3,3,2,4,47316.6681,6,5,1,2,Agile,402.7,1511572.82
30,36,587041.11,5,1,2,1,2,19568.037,2,5,1,1,Waterfall,679.54,8494250.0
75,1,472290.08,2,4,3,1,2,6297.2011,3,2,0,1,SAFe,74.34,573535.92
20,3,266447.55,3,4,1,2,4,13322.3775,2,4,1,3,RAD,50.96,321020.69
44,47,1198398.43,4,1,4,3,2,27236.328,12,1,0,3,Spiral,3266.59,1477859.15
31,41,1338338.02,2,3,2,2,2,43172.1942,4,1,1,1,Scrum,1207.34,1483152.48
40,48,68736.24,3,4,1,3,2,1718.406,3,5,1,1,Agile,1086.1,89507.96
31,44,742475.72,4,2,3,3,1,23950.8297,9,1,1,1,Spiral,1247.13,937262.14
10,26,1534173.48,5,1,2,3,3,153417.348,6,4,1,2,Agile,223.04,1473584.21
3,37,1347808.82,1,5,3,2,4,449269.6067,6,2,0,2,Scrum,123.83,1403249.04
70,44,1282516.64,1,5,2,3,1,18321.6663,6,2,1,2,SAFe,2764.71,1417947.62
55,10,402941.43,5,5,4,1,2,7326.2078,4,4,1,2,V-Model,451.02,497028.72
58,3,249262.94,4,2,5,2,4,4297.6369,10,1,1,1,V-Model,187.18,305496.7
22,30,1197375.24,3,5,1,1,2,54426.1473,1,3,1,1,Scrum,461.23,1553082.27
14,28,1105026.52,4,2,2,2,3,78930.4657,4,1,1,1,Agile,494.22,1238749.43
30,25,507673.05,1,2,5,2,1,16922.435,10,3,1,2,Spiral,764.29,599130.89
54,3,1354144.32,3,4,3,2,2,25076.7467,6,5,1,3,SAFe,118.58,1658833.19
8,12,149652.54,4,4,3,2,1,18706.5675,6,3,0,2,Agile,80.37,924255.0
49,48,1472996.55,3,5,1,3,4,30061.1541,3,4,1,1,SAFe,1123.84,950754.27
14,18,786164.92,4,2,5,1,4,56154.6371,5,3,1,1,Agile,193.81,884839.19
48,16,868495.23,3,4,2,3,1,18093.6506,6,4,1,1,Agile,539.75,1089188.2
40,5,800825.71,3,2,1,2,3,20020.6428,2,3,1,1,Agile,174.0,973835.69
75,24,349508.51,4,3,1,3,1,4660.1135,3,1,0,1,SAFe,1591.76,378264.2
14,35,950914.54,3,1,5,3,2,67922.4671,15,5,1,3,Spiral,496.05,1175734.56
47,9,1029718.02,4,3,5,2,2,21908.894,10,1,1,3,Spiral,539.32,1279917.17
11,7,950161.04,5,5,4,3,2,86378.2764,12,4,1,2,Spiral,80.03,1042796.32
71,48,1381869.66,3,5,2,1,4,19462.953,2,1,0,3,Scrum,394.95,1997368.09
20,30,524647.51,3,1,5,3,3,26232.3755,15,5,1,1,Spiral,669.24,18194962.5
50,6,1308182.37,5,4,1,1,4,26163.6474,1,5,1,3,SAFe,171.42,1429018.88
57,36,14024.61,1,2,2,3,1,246.0458,6,5,0,2,Spiral,1534.13,16511.53
13,7,914118.41,1,3,1,1,4,70316.8008,1,1,0,3,Scrum,86.5,549450.43
37,45,927147.44,1,1,4,2,1,25058.0389,8,1,0,3,Iterative,1924.99,1096641.22
34,13,537047.89,2,1,3,2,3,15795.5262,6,2,1,2,Iterative,517.37,473637.03
72,47,1060343.64,2,2,4,1,2,14726.995,4,4,0,1,SAFe,1924.7,1408824.34
36,25,1238394.14,3,3,5,3,1,34399.8372,15,5,0,3,Spiral,714.33,1592713.38
68,3,468499.52,1,1,1,1,4,6889.6988,1,3,0,3,SAFe,214.14,565608.85
49,15,1074913.46,4,1,1,1,4,21937.0094,1,5,1,2,Waterfall,406.52,1502741.26
17,10,489819.94,2,3,5,1,2,28812.9376,5,4,1,3,Scrum,117.48,528893.7
52,21,468068.07,1,5,3,2,2,9001.309,6,1,1,2,SAFe,1174.43,628194.35
4,9,98302.8,1,5,3,1,1,24575.7,3,5,0,1,XP,17.55,219375.0
48,26,759199.42,5,5,3,1,4,15816.6546,3,4,0,1,Waterfall,1049.73,980911.76
51,18,992188.53,2,1,2,3,1,19454.6771,6,5,1,3,SAFe,869.29,1327229.92
35,43,1382779.54,3,3,2,3,3,39507.9869,6,5,1,3,Spiral,1500.57,1476691.48
62,34,702325.37,3,1,2,1,3,11327.8285,2,1,1,2,SAFe,2015.3,917989.63
3,48,664901.32,3,1,2,2,1,221633.7733,4,3,0,1,Agile,88.52,777940.62
16,6,908241.48,4,4,2,3,4,56765.0925,6,1,0,1,Scrum,119.93,1078580.53
62,31,136422.3,1,5,1,1,3,2200.3597,1,3,1,1,Scrum,1271.47,159367.79
79,30,200245.16,1,3,3,2,3,2534.7489,6,2,1,2,SAFe,3297.78,238171.06
8,6,449773.87,4,4,3,3,3,56221.7338,9,2,0,1,Spiral,56.86,507776.29
45,48,959583.61,3,4,2,3,4,21324.0802,6,2,1,3,Scrum,2753.15,1139622.1
32,2,384817.2,5,1,2,1,4,12025.5375,2,4,0,3,Waterfall,64.86,518710.33
69,10,1134180.22,5,1,1,3,4,16437.3945,3,5,1,3,SAFe,526.27,1280930.16
45,6,257341.95,5,3,2,2,1,5718.71,4,2,1,3,Scrum,212.92,308956.66
52,28,245708.43,5,3,3,1,3,4725.1621,3,4,0,3,SAFe,1539.73,285337.26
71,25,433211.38,3,5,1,1,2,6101.5687,1,4,1,3,SAFe,982.28,554555.04
77,7,438955.41,4,2,1,1,1,5700.7196,1,1,0,3,SAFe,491.82,553402.6
59,31,1358300.16,2,2,1,2,2,23022.0366,2,5,1,2,SAFe,1016.32,1422784.77
26,15,926495.62,1,4,4,2,3,35634.4469,8,5,1,2,Spiral,428.16,1031841.15
49,21,973488.29,3,3,1,3,2,19867.108,3,4,1,3,Scrum,1157.24,1287899.8
50,33,240745.27,1,5,3,2,4,4814.9054,6,3,1,3,Spiral,2246.33,285640.81
67,20,827793.36,5,5,2,3,4,12355.1248,6,3,0,2,Scrum,1440.79,978023.76
6,9,269558.54,4,3,2,1,2,44926.4233,2,4,0,2,Agile,31.18,296565.94
26,12,1466167.51,5,2,2,2,3,56391.0581,4,5,0,2,Agile,253.19,1898408.99
15,35,486972.53,1,2,4,1,2,32464.8353,4,3,1,2,Iterative,371.38,542188.8
62,21,290112.64,2,3,1,1,2,4679.2361,1,4,1,2,SAFe,739.53,346140.44
10,45,359789.39,1,5,5,2,4,35978.939,10,4,1,2,Spiral,483.44,398451.58
11,34,1315071.31,5,5,5,3,1,119551.9373,15,2,1,3,Spiral,405.89,1525351.95
75,7,669483.02,1,1,4,3,3,8926.4403,12,2,0,1,SAFe,814.32,753631.27
9,44,897902.93,1,3,1,3,3,99766.9922,3,3,1,3,Scrum,469.3,1083656.33
75,9,1106829.94,2,1,2,3,2,14757.7325,6,1,0,1,SAFe,799.24,1471191.21
61,5,1149897.1,3,5,2,1,1,18850.7721,2,3,0,2,SAFe,260.39,1616792.74
55,7,81203.22,3,3,2,2,2,1476.4222,4,1,1,2,SAFe,415.19,97529.84
22,39,823707.49,5,2,3,2,2,37441.2495,6,1,1,3,Scrum,1133.34,791164.31
18,16,170738.37,2,2,5,1,4,9485.465,5,2,1,2,Agile,277.89,200124.7
50,60,1261491.87,5,1,5,1,3,25229.8374,5,5,1,1,Waterfall,2047.5,31992187.5
58,14,720262.04,3,2,5,3,3,12418.311,15,3,1,1,Spiral,840.22,1023740.34
38,10,419631.65,5,3,3,1,3,11042.9382,3,4,1,2,V-Model,300.28,558908.7
10,9,1452381.91,2,3,5,2,2,145238.191,10,4,0,3,Iterative,106.25,1556170.22
43,48,398597.25,1,2,2,2,2,9269.7035,4,3,1,3,Iterative,1994.17,496912.37
68,15,619501.22,1,3,3,1,3,9110.3121,3,5,1,1,Agile,673.95,670888.92
26,14,704816.89,4,3,3,3,3,27108.3419,9,1,1,2,Agile,559.03,834720.71
51,43,1005239.27,3,1,5,1,2,19710.5739,5,1,1,3,SAFe,2757.1,1306966.24
28,19,895836.72,2,1,5,3,3,31994.1686,15,2,1,1,Spiral,746.36,1347033.76
40,30,1187151.92,4,5,5,3,2,29678.798,15,1,1,1,Spiral,1378.57,1278464.95
32,41,191371.28,5,1,1,1,4,5980.3525,1,3,0,1,Waterfall,822.48,224655.45
2,20,196681.39,5,2,3,2,4,98340.695,6,4,1,2,XP,27.44,256485.28
7,38,1244309.73,3,2,5,3,4,177758.5329,15,3,1,3,Spiral,309.04,1550938.49
2,29,1259233.35,5,1,1,3,3,629616.675,3,4,1,3,Agile,47.77,385193.6
11,24,248824.53,2,3,4,2,3,22620.4118,8,4,1,2,Scrum,216.94,289265.87
33,22,671051.19,5,2,4,3,1,20334.8845,12,3,1,1,Spiral,660.55,662416.16
45,39,175895.37,1,3,3,2,2,3908.786,6,4,1,1,Iterative,1239.36,227154.22
3,45,1181405.25,3,5,2,3,3,393801.75,6,5,0,1,Scrum,103.62,649259.49
31,2,981177.07,1,1,3,3,3,31650.8732,9,5,1,1,Iterative,54.32,836733.98
54,37,474939.08,1,5,2,3,3,8795.1681,6,4,1,2,Spiral,2731.42,523947.05
35,25,1265654.28,5,3,3,2,1,36161.5509,6,2,0,1,Scrum,917.37,1690816.63
77,2,1132122.25,1,1,2,3,3,14702.8864,6,3,1,1,SAFe,144.55,1445650.64
6,20,466496.33,2,2,1,3,4,77749.3883,3,2,1,2,Agile,124.13,594698.07
27,45,673051.81,5,2,1,1,1,24927.8448,1,3,1,3,Waterfall,975.01,708805.32
44,18,909192.84,5,2,5,3,3,20663.4736,15,2,0,1,Spiral,1150.36,1057354.87
73,47,52813.31,1,1,2,3,4,723.47,6,1,1,1,SAFe,3308.44,67244.96
9,13,1295571.26,3,4,5,3,1,143952.3622,15,3,1,2,Spiral,133.87,1667531.43
47,38,413834.38,5,4,2,3,1,8804.9868,6,5,1,1,Spiral,1166.05,492671.45
10,45,1005322.07,3,2,2,3,1,100532.207,6,5,0,1,Spiral,283.97,1212437.79
12,9,142201.86,3,4,5,2,4,11850.155,10,2,0,2,Scrum,116.85,1752750.0
14,24,532554.8,3,4,2,3,2,38039.6286,6,5,0,1,Scrum,258.96,652293.82
43,28,190562.84,2,4,1,2,3,4431.694,2,5,1,1,Scrum,824.27,218546.01
12,8,1391745.32,5,5,2,1,4,115978.7767,2,4,0,3,Waterfall,93.85,913933.51
16,3,873920.71,1,1,2,1,3,54620.0444,2,3,1,1,Iterative,47.44,559437.37
48,33,1309939.54,1,1,3,1,2,27290.4071,3,1,0,1,Iterative,1441.82,1553376.41
33,41,487378.58,1,2,1,2,3,14769.0479,2,3,0,2,Iterative,1260.95,599313.41
73,37,1367125.44,1,1,1,2,2,18727.7458,2,1,1,1,SAFe,2628.87,1737192.61
77,25,1065970.9,1,1,2,2,4,13843.7779,4,5,1,2,SAFe,1355.55,1232285.05
4,38,410180.82,1,5,4,2,1,102545.205,8,3,1,3,Scrum,123.74,488782.36
8,38,777579.85,1,2,1,1,4,97197.4812,1,5,0,2,Agile,168.75,850924.77
68,38,778983.7,3,2,4,1,4,11455.6426,4,2,0,2,SAFe,2579.03,928355.89
59,14,679735.05,3,3,4,2,4,11520.9331,8,5,0,2,SAFe,789.02,805223.64
56,27,461797.97,2,3,1,2,2,8246.3923,2,4,0,1,Agile,984.62,591778.1
11,38,524016.73,2,2,5,3,4,47637.8845,15,4,0,1,Spiral,499.7,694747.36
42,1,1138006.33,2,1,3,3,1,27095.3888,9,2,1,3,Iterative,50.69,663634.2
7,17,869968.95,5,5,2,1,1,124281.2786,2,5,0,3,Waterfall,86.05,911582.3
60,33,814772.73,2,3,5,3,3,13579.5455,15,5,1,2,Spiral,2111.23,990743.58
80,22,1198196.45,2,1,1,1,1,14977.4556,1,1,1,2,SAFe,1304.93,1619602.99
68,27,793126.48,2,5,1,3,4,11663.6247,3,4,0,1,Scrum,1196.93,905857.5
46,45,71224.39,5,1,4,2,3,1548.3563,8,2,0,1,Waterfall,2519.72,85227.47
32,30,1122058.75,2,5,4,3,3,35064.3359,12,5,1,3,Spiral,1214.75,1264618.2
72,46,109432.82,3,1,1,2,4,1519.9003,2,1,0,1,SAFe,3107.25,139444.84
21,26,731255.41,1,3,4,3,2,34821.6862,12,2,0,3,Spiral,867.99,782557.26
15,18,147335.48,2,4,4,3,4,9822.3653,12,3,0,2,Spiral,266.6,168870.67
56,20,430866.93,1,5,5,1,4,7694.0523,5,2,1,3,SAFe,1553.66,544860.71
8,20,416760.27,4,3,2,2,4,52095.0338,4,2,1,2,V-Model,175.19,486035.11
46,39,1289252.42,5,3,4,2,1,28027.2265,8,3,1,2,V-Model,46.07,1156370.33
72,11,75335.63,4,1,5,2,1,1046.3282,10,2,0,2,SAFe,847.37,98036.83
30,15,451108.51,4,1,1,3,3,15036.9503,3,4,0,3,Agile,409.5,549605.14
38,2,392212.3,4,2,3,2,4,10321.3763,6,4,1,3,V-Model,66.45,476229.76
49,6,880854.58,3,5,4,1,4,17976.6241,4,4,0,2,Scrum,214.25,1130761.41
34,46,89356.6,3,3,4,1,3,2628.1353,4,4,0,3,Scrum,1250.03,92685.02
72,43,890060.86,3,5,5,1,2,12361.9564,5,2,0,2,SAFe,2743.98,1054169.98
65,22,110086.7,3,2,2,2,1,1693.6415,4,5,0,3,SAFe,894.81,134891.6
27,30,271407.92,3,5,2,1,3,10052.1452,2,2,1,3,Scrum,1005.72,340353.14
56,44,648794.06,5,3,5,2,4,11585.6082,10,4,0,3,SAFe,3198.57,829974.16
52,5,767996.47,2,4,1,2,4,14769.1629,2,1,1,2,Agile,307.12,1039002.79
6,6,1344424.56,4,1,4,2,4,224070.76,8,4,0,2,Agile,33.6,427042.07
12,48,1359810.84,5,5,1,3,1,113317.57,3,4,1,2,Agile,498.14,1803684.12
72,2,542741.09,1,2,1,1,2,7538.0707,1,1,1,3,SAFe,148.41,677774.22
75,28,1145948.57,3,4,4,1,1,15279.3143,4,4,1,1,SAFe,1173.87,1475103.77
53,21,651723.22,3,3,2,2,4,12296.6645,4,4,1,1,Agile,756.81,771492.74
79,3,110603.6,5,2,1,3,4,1400.0456,3,5,0,1,SAFe,159.52,136430.74
4,13,926601.42,2,5,2,2,4,231650.355,4,3,0,2,Scrum,45.25,282666.91
80,38,1514936.78,3,4,3,1,4,18936.7098,3,1,0,1,SAFe,3096.52,1839757.79
2,47,253246.98,2,3,3,1,1,126623.49,3,3,1,1,Scrum,68.75,318997.81
34,23,676957.52,4,2,1,3,3,19910.5153,3,3,0,1,Agile,769.44,856425.06
28,23,1168584.95,2,4,1,1,3,41735.1768,1,2,1,1,Scrum,696.23,1258456.27
41,17,1449009.89,3,4,2,2,3,35341.7046,4,1,1,2,Scrum,697.98,1761352.38
65,45,1293964.39,3,1,3,3,2,19907.1445,9,3,0,2,Spiral,3792.99,1417706.0
51,24,1191497.01,4,3,1,3,1,23362.6865,3,3,0,2,SAFe,939.34,1369991.45
24,19,114012.72,4,3,1,2,2,4750.53,2,5,1,3,Scrum,360.39,142092.98
54,18,629414.31,3,3,2,3,2,11655.8206,6,5,1,3,Spiral,988.38,750775.84
17,5,25773.3,3,2,4,2,4,1516.0765,8,1,0,2,Agile,133.97,32399.57
36,6,654416.83,3,4,4,3,1,18178.2453,12,5,1,1,Agile,163.88,721134.73
7,31,441963.64,1,5,2,3,2,63137.6629,6,4,0,2,Scrum,207.86,499814.58
30,11,1091439.15,4,5,2,2,2,36381.305,4,5,0,1,Scrum,169.6,1025015.45
47,48,788155.68,1,4,3,3,3,16769.2698,9,1,1,2,Spiral,3844.7,1077027.42
42,27,461078.91,3,4,4,3,2,10978.0693,12,5,1,2,Spiral,844.13,493255.13
54,7,319128.92,4,5,1,1,1,5909.7948,1,4,1,3,SAFe,269.54,433511.84
35,38,351759.9,1,2,4,1,4,10050.2829,4,2,1,2,Iterative,1331.67,438288.33
30,38,1150388.68,2,5,1,2,1,38346.2893,2,3,1,2,Scrum,1045.87,1400134.43
55,11,1101169.97,2,2,3,2,2,20021.2722,6,3,0,3,SAFe,500.71,1268086.22
75,40,1154103.36,2,4,1,3,4,15388.0448,3,5,1,3,SAFe,2998.65,1360827.26
35,13,57206.22,2,5,5,2,1,1634.4634,10,3,1,1,Spiral,359.18,72559.14
65,21,357256.95,5,4,1,2,4,5496.2608,2,1,0,2,SAFe,1447.55,464262.51
75,8,698738.82,5,4,2,3,4,9316.5176,6,1,1,1,SAFe,691.99,907920.08
66,15,1381772.35,1,3,5,1,2,20935.9447,5,3,0,3,SAFe,1006.57,1569805.3
54,16,657143.62,3,3,4,2,4,12169.3263,8,3,0,2,SAFe,1021.08,762234.56
10,27,428484.83,2,5,1,1,2,42848.483,1,2,0,1,Scrum,196.32,503155.7
47,17,1024554.52,3,3,3,1,2,21799.0323,3,4,0,1,Iterative,549.66,1133943.57
40,34,897944.05,3,4,3,2,3,22448.6012,6,5,0,2,Scrum,1072.19,1194924.47
67,27,812523.54,2,2,2,2,3,12127.217,4,5,0,1,Iterative,1245.28,921207.39
73,45,1108870.33,1,1,3,1,4,15190.0045,3,3,1,3,SAFe,3746.65,1232429.17
18,5,188974.86,1,5,4,1,2,10498.6033,4,5,0,1,Scrum,51.21,215148.4
36,43,1429022.52,2,5,2,2,4,39695.07,4,1,1,1,Scrum,1488.42,1717410.57
78,7,1291779.49,1,3,4,3,1,16561.2755,12,3,0,1,SAFe,518.26,1433272.97
78,26,962631.51,2,2,3,1,1,12341.4296,3,5,0,1,SAFe,1103.38,1167564.17
18,26,841080.93,1,5,3,2,2,46726.7183,6,5,1,2,Scrum,296.67,1025055.54
12,2,942252.88,2,4,4,1,4,78521.0733,4,1,1,3,RAD,31.67,372565.95
29,42,787151.67,3,3,5,1,2,27143.161,5,2,0,3,Waterfall,1281.81,942721.18
13,7,1389525.56,1,4,4,1,4,106886.5815,4,4,0,2,Scrum,67.57,1323229.65
78,6,119195.84,4,2,2,2,4,1528.1518,4,4,0,2,SAFe,421.18,149042.74
3,12,757184.03,1,4,1,3,1,252394.6767,3,1,1,3,Scrum,42.33,434390.79
53,16,322486.69,1,1,2,2,1,6084.6545,4,4,0,2,SAFe,612.95,391723.8
60,24,1063607.94,4,3,2,2,1,17726.799,4,3,0,3,SAFe,1184.04,15984540.0
16,19,898943.3,5,3,4,2,4,56183.9562,8,4,1,2,V-Model,241.94,1181901.85
55,26,66497.51,4,1,2,2,4,1209.0456,4,4,0,3,SAFe,967.54,84965.05
79,39,948749.6,4,2,3,3,2,12009.4886,9,4,1,3,SAFe,2454.36,1236019.67
46,19,888212.02,2,1,4,2,4,19308.957,8,3,0,1,Agile,898.18,1079551.42
37,33,139928.67,2,5,1,2,2,3781.8559,2,1,0,1,Scrum,965.36,131555.94
39,33,121539.95,4,3,1,2,4,3116.409,2,2,1,2,Agile,1432.03,139379.67
65,20,346506.07,5,5,4,1,3,5330.8626,4,1,0,3,SAFe,2071.04,389786.46
28,7,172975.27,5,5,1,2,3,6177.6882,2,2,1,3,Scrum,203.91,211590.43
20,43,416323.27,5,3,3,3,2,20816.1635,9,3,1,1,Spiral,995.62,488758.78
43,27,746096.82,5,3,2,3,1,17351.0888,6,2,0,1,Spiral,1158.23,808500.81
8,3,1072706.49,1,2,2,2,1,134088.3112,4,3,0,2,Iterative,19.36,140784.92
79,35,1516694.86,2,2,3,2,2,19198.6691,6,2,1,1,SAFe,2641.06,1823279.56
57,37,729368.38,2,2,2,1,3,12795.9365,2,3,1,1,Agile,1616.91,959721.25
13,24,1204088.92,1,3,5,1,4,92622.2246,5,5,1,1,Iterative,231.23,1490477.06
77,4,570726.32,1,4,1,3,1,7412.0301,3,1,1,3,SAFe,305.7,642640.92
48,47,1336688.45,4,3,3,1,2,27847.676,3,5,0,1,Waterfall,1496.82,1411119.94
68,40,161115.91,5,2,2,2,2,2369.3516,4,1,0,3,SAFe,3455.02,196308.11
58,34,722275.46,2,2,2,3,3,12453.0252,6,4,0,1,Iterative,1558.19,743026.69
50,22,75872.09,3,2,2,3,3,1517.4418,6,2,1,3,Spiral,1648.74,96494.38
12,9,139524.82,4,5,5,2,4,11627.0683,10,4,0,2,Scrum,116.85,1752750.0
37,26,1196128.3,4,3,5,3,1,32327.7919,15,3,0,3,Spiral,1014.55,1395341.95
28,5,309197.57,5,5,3,3,3,11042.7704,9,4,1,3,Spiral,210.84,353082.24
66,33,1465908.43,5,3,1,3,3,22210.7338,3,1,1,1,Agile,2315.49,1697539.63
26,24,938964.73,1,1,5,2,1,36114.0281,10,3,1,3,Spiral,656.3,1080193.11
55,20,240040.97,5,4,4,2,4,4364.3813,8,3,1,2,V-Model,1109.5,336320.43
53,41,567608.12,4,1,3,2,4,10709.5872,6,4,0,1,Scrum,1348.1,646337.21
26,4,12308.67,4,1,2,1,4,473.4104,2,5,1,3,Waterfall,67.42,12509.74
36,11,592170.23,2,4,2,3,2,16449.1731,6,3,1,2,Iterative,409.09,754792.89
55,6,807840.91,1,3,1,1,1,14688.0165,1,3,0,2,SAFe,243.35,904167.62
15,6,1358602.5,5,3,3,3,2,90573.5,9,2,0,2,Spiral,99.42,1793609.68
68,30,175737.37,4,2,3,2,1,2584.3731,6,4,0,2,SAFe,1380.92,227736.61
30,37,131338.4,4,3,1,1,1,4377.9467,1,3,1,2,Waterfall,585.8,166509.56
37,43,1336661.07,4,3,3,2,4,36125.9749,6,2,0,3,Scrum,2035.12,1456990.56
76,35,1027268.76,4,3,4,1,4,13516.6942,4,1,1,1,V-Model,2669.15,1150512.57
23,31,650589.99,1,4,2,2,1,28286.5213,4,5,0,2,Scrum,436.84,808255.32
44,27,475159.3,3,2,3,1,1,10799.075,3,2,0,3,Waterfall,1215.3,619991.16
45,19,1108583.58,5,4,3,2,4,24635.1907,6,5,1,1,V-Model,649.18,1401284.12
23,14,386248.53,4,3,2,2,4,16793.4143,4,1,0,2,Agile,365.43,466982.94
4,36,425919.27,5,3,5,2,4,106479.8175,10,2,0,2,Agile,218.42,542943.18
16,7,945858.63,2,4,2,1,2,59116.1644,2,4,0,3,Agile,74.95,1012029.7
45,14,378389.98,1,4,3,3,4,8408.6662,9,4,0,3,Scrum,674.57,427831.62
7,4,1235976.37,2,3,1,3,2,176568.0529,3,2,1,2,Iterative,32.82,356329.89
11,1,223305.92,3,3,4,2,1,20300.5382,8,5,1,2,Spiral,7.58,184098.69
70,15,148716.77,1,3,2,2,3,2124.5253,4,2,1,3,SAFe,1729.04,169577.45
42,22,77204.91,2,2,2,2,4,1838.2121,4,4,0,1,Agile,750.43,83555.24
58,35,320505.64,3,1,1,2,4,5525.9593,2,1,0,2,SAFe,2348.27,363134.44
61,27,1341151.5,2,5,5,1,3,21986.0902,5,5,0,3,SAFe,1724.55,1419534.23
15,12,185476.39,3,4,3,2,2,12365.0927,6,4,0,2,Agile,165.77,1906355.0
69,21,802365.32,1,3,3,2,3,11628.4829,6,1,0,3,SAFe,2116.66,967241.87
6,18,90720.06,1,1,2,2,1,15120.01,4,1,0,2,Iterative,103.98,1143780.0
55,36,595821.45,5,1,3,2,2,10833.1173,6,1,1,1,Waterfall,1831.58,640444.46
68,11,226205.68,5,3,5,2,3,3326.5541,10,4,1,2,V-Model,853.89,293673.8
9,20,1422974.03,3,5,4,2,1,158108.2256,8,3,0,3,Scrum,236.99,1939472.8
14,12,898227.16,3,5,4,3,3,64159.0829,12,3,1,3,Spiral,248.32,1124018.28
50,4,675526.35,3,5,4,3,4,13510.527,12,2,0,2,Spiral,280.16,790052.35
13,29,545974.21,1,3,5,2,2,41998.0162,10,2,0,3,Scrum,463.04,599712.53
25,19,32250.97,2,2,4,3,3,1290.0388,12,5,0,1,Spiral,428.41,36550.19
31,40,19382.96,1,5,4,1,1,625.2568,4,1,1,1,Scrum,986.61,26754.82
74,13,622417.8,4,3,4,2,1,8411.0514,8,3,0,3,SAFe,1081.05,836767.03
60,47,27357.82,2,1,5,2,4,455.9637,10,3,0,3,SAFe,3807.05,29511.97
23,18,162694.45,5,3,4,2,1,7073.6717,8,3,0,1,Agile,359.8,179377.08
7,3,72535.91,3,5,1,1,1,10362.2729,1,4,0,1,RAD,11.09,87333.75
19,45,323905.79,4,1,4,1,2,17047.6732,4,3,1,3,Waterfall,781.19,389213.22
80,22,745350.27,1,1,3,1,1,9316.8784,3,2,0,1,SAFe,1326.52,909867.95
32,33,1460367.45,4,3,3,1,4,45636.4828,3,1,1,1,Waterfall,993.76,1708411.05
78,13,305348.9,2,3,5,3,4,3914.7295,15,2,1,3,Spiral,1410.92,422528.55
64,20,140131.35,4,4,4,3,3,2189.5523,12,1,1,3,Spiral,2096.41,194867.95
24,33,125264.28,5,3,1,3,3,5219.345,3,1,1,1,Agile,948.19,168130.97
39,22,1149982.3,4,5,5,2,1,29486.7256,10,2,1,1,V-Model,851.87,1257315.64
5,5,1491319.29,2,1,4,1,2,298263.858,4,3,1,1,Agile,17.76,241628.19
38,23,518685.41,1,2,2,3,2,13649.6161,6,2,0,2,Spiral,1075.71,662532.66
9,39,560122.45,5,1,4,1,3,62235.8278,4,5,1,3,V-Model,312.09,579902.39
8,41,795571.21,4,5,5,1,4,99446.4012,5,3,0,2,Waterfall,354.72,992238.21
42,17,328606.29,4,1,2,1,4,7823.9593,2,3,0,3,Waterfall,583.56,427817.49
15,24,1229162.69,4,2,4,2,4,81944.1793,8,3,0,1,Agile,288.68,1394118.93
22,47,1383179.34,2,3,1,1,2,62871.7882,1,3,0,2,Iterative,646.48,1712443.41
44,37,1445492.02,4,4,5,2,1,32852.0914,10,3,0,2,Scrum,1422.7,1657050.04
72,36,854666.9,1,2,4,3,1,11870.3736,12,3,0,1,Spiral,2762.75,1118185.23
74,23,115769.89,4,1,1,3,3,1564.458,3,2,0,2,SAFe,2296.14,134596.35
75,22,70556.34,1,4,2,3,3,940.7512,6,4,1,1,SAFe,1319.58,87998.4
19,26,376615.4,5,3,1,3,4,19821.8632,3,1,0,2,Agile,565.73,517560.14
19,36,315520.81,5,3,4,1,4,16606.3584,4,3,1,2,V-Model,674.86,426708.4
57,13,147002.85,3,3,2,1,3,2578.9974,2,4,1,1,Agile,424.93,157810.74
76,2,916630.71,1,4,2,3,1,12060.9304,6,5,0,3,SAFe,142.72,1016906.14
66,42,139619.32,4,4,5,2,2,2115.4442,10,1,0,1,Agile,3105.97,142041.77
34,24,883092.5,1,5,5,1,1,25973.3088,5,5,0,3,Scrum,586.54,1044954.09
23,17,690884.91,5,2,4,1,1,30038.4743,4,3,1,3,V-Model,304.08,765134.52
53,25,795002.94,2,5,1,2,1,15000.0555,2,4,0,1,Scrum,887.36,1030614.51
80,40,85877.17,4,4,2,1,4,1073.4646,2,5,0,1,SAFe,2044.65,99958.0
80,32,56446.42,5,1,3,3,1,705.5802,9,3,1,3,SAFe,2831.94,75591.09
80,27,1442649.32,4,4,3,1,3,18033.1165,3,4,1,1,V-Model,2059.73,1522920.77
36,15,711853.12,5,3,5,2,2,19773.6978,10,5,1,1,V-Model,461.92,966216.39
59,4,999781.61,5,3,4,3,1,16945.451,12,4,0,2,Spiral,198.23,1279908.07
79,38,1420157.08,3,3,3,1,2,17976.6719,3,3,0,1,SAFe,2106.4,1808534.35
57,22,653857.65,3,2,1,2,1,11471.1868,2,1,0,3,SAFe,1193.62,733835.1
75,29,215397.39,3,4,4,1,2,2871.9652,4,4,1,1,SAFe,1384.89,264300.22
17,8,120577.97,1,4,4,2,2,7092.8218,8,3,0,1,Scrum,106.92,135203.41
32,43,376364.97,1,5,5,1,4,11761.4053,5,5,1,1,Scrum,964.57,509257.07
26,46,823228.84,1,2,5,1,4,31662.6477,5,5,1,3,Iterative,946.1,1031999.42
62,8,249962.35,5,2,1,2,1,4031.6508,2,4,1,3,SAFe,291.53,314453.03
19,45,1086880.64,2,4,4,2,4,57204.2442,8,5,0,3,Scrum,753.62,1183667.02
80,36,1473696.68,2,3,4,2,4,18421.2085,8,5,0,3,SAFe,3060.29,51642393.75
50,15,688918.59,2,3,1,1,3,13778.3718,1,4,0,1,Scrum,576.28,843338.88
63,40,477018.54,2,2,3,1,2,7571.7229,3,3,1,1,Iterative,1936.97,502732.16
30,26,481809.41,5,1,2,1,4,16060.3137,2,4,0,1,Waterfall,466.28,575100.42
80,10,1340168.34,3,5,5,1,3,16752.1042,5,4,0,2,SAFe,1013.39,1605063.58
19,32,1297067.8,1,3,3,3,2,68266.7263,9,3,0,1,Spiral,486.79,1469110.42
80,4,1060828.67,2,5,1,1,3,13260.3584,1,2,0,1,SAFe,261.1,1225401.63
70,20,72236.94,5,5,2,2,2,1031.9563,4,5,1,2,SAFe,913.82,84416.35
27,5,79541.65,5,5,3,3,4,2945.987,9,5,0,3,Spiral,128.41,90609.97
28,3,830377.38,1,3,4,2,4,29656.335,8,4,0,2,RAD,92.78,1044147.01
34,37,382875.2,1,4,4,3,2,11261.0353,12,1,0,2,Spiral,1511.5,416164.36
8,45,343737.5,2,4,3,3,2,42967.1875,9,1,1,3,Scrum,534.57,373468.76
55,33,104365.42,5,3,4,2,3,1897.5531,8,4,0,2,SAFe,1462.72,105426.21
39,47,843557.99,4,2,3,2,4,21629.6921,6,5,0,2,Agile,1472.16,1073251.47
68,4,1134463.07,3,3,3,2,3,16683.2804,6,5,0,1,RAD,187.91,1092629.05
37,47,660102.26,1,2,4,2,3,17840.6016,8,2,1,3,Iterative,2062.29,708501.43
18,45,1132911.66,4,2,1,2,1,62939.5367,2,1,1,1,Waterfall,758.15,1405784.44
16,16,919936.0,5,4,1,3,1,57496.0,3,5,0,1,Agile,152.28,1125445.7
30,43,929306.3,2,2,4,3,3,30976.8767,12,1,1,1,Spiral,2036.81,1138363.87
56,3,1474879.2,4,5,3,2,1,26337.1286,6,3,0,1,RAD,137.9,1864332.85
74,40,93276.9,3,5,2,1,4,1260.4986,2,4,1,3,V-Model,2767.34,98717.67
63,42,935531.78,2,4,4,1,4,14849.7108,4,1,1,1,Iterative,2290.19,1082787.58
4,46,1495960.91,2,2,1,3,2,373990.2275,3,2,0,1,Iterative,196.43,1098956.29
61,48,1408568.89,5,1,3,3,4,23091.2933,9,5,1,2,Spiral,193.69,940552.96
45,23,34263.87,4,2,2,2,4,761.4193,4,1,1,3,V-Model,1613.41,37990.29
2,9,703632.81,1,4,2,3,3,351816.405,6,1,1,3,Scrum,31.91,436529.04
30,19,1182973.12,2,5,3,1,1,39432.4373,3,2,1,2,Scrum,515.98,1297267.38
79,19,1280386.93,1,2,5,1,2,16207.4295,5,2,1,1,SAFe,1396.56,1664671.07
58,41,696327.57,1,4,5,3,3,12005.6478,15,2,0,1,Spiral,3580.19,742263.44
60,27,1151092.09,3,4,3,1,3,19184.8682,3,1,1,3,SAFe,2091.82,1455661.49
11,24,67124.29,5,2,2,2,1,6102.2082,4,5,0,3,Scrum,165.08,80390.82
52,7,1064209.5,1,1,3,2,1,20465.5673,6,1,1,1,Spiral,353.47,1103104.06
34,14,1337383.15,3,1,5,3,1,39334.7985,15,2,1,1,Spiral,446.03,1783463.72
57,21,94889.33,1,4,2,2,3,1664.7251,4,5,1,3,SAFe,1291.32,129364.46
28,39,206239.74,3,3,3,1,4,7365.705,3,1,1,1,Waterfall,1065.08,220325.97
73,27,229754.46,2,3,1,3,4,3147.3214,3,4,1,3,SAFe,2114.76,281250.36
12,19,915817.76,4,4,2,2,1,76318.1467,4,4,0,3,Scrum,157.37,1133423.81
61,18,697985.38,1,4,3,2,1,11442.3833,6,3,1,1,Iterative,703.98,845029.13
50,30,529301.12,1,3,2,3,4,10586.0224,6,4,1,1,Iterative,904.06,618523.52
7,39,172554.24,1,3,1,3,4,24650.6057,3,4,0,1,Agile,211.88,190850.32
16,40,971335.78,4,2,3,1,3,60708.4862,3,3,1,3,Scrum,562.04,1180468.03
60,42,816044.52,2,4,3,2,1,13600.742,6,2,1,1,Agile,2118.12,902287.83
7,12,1052776.84,1,4,3,1,1,150396.6914,3,5,0,3,Scrum,51.55,572494.25
34,20,1105436.42,4,2,2,1,3,32512.8359,2,2,0,1,Waterfall,691.05,1209851.65
67,25,421402.74,3,4,2,2,3,6289.5931,4,2,1,1,Agile,1399.84,500036.99
75,39,852596.7,5,4,4,2,1,11367.956,8,4,0,2,SAFe,2931.68,827277.53
56,42,1004796.12,2,1,5,2,1,17942.7879,10,3,0,2,SAFe,2075.38,1270108.89
40,16,874566.21,2,5,2,3,4,21864.1552,6,2,0,2,Scrum,683.09,1037215.9
41,46,1082070.9,4,1,3,3,2,26391.9732,9,4,1,1,Agile,1489.57,1354774.75
14,26,399746.16,5,1,4,2,2,28553.2971,8,5,1,2,V-Model,342.0,399753.81
38,43,1267339.79,5,1,3,1,2,33351.0471,3,5,1,1,V-Model,834.51,1487541.02
16,32,201332.26,4,4,1,1,1,12583.2662,1,4,1,1,Waterfall,264.49,243055.61
19,48,1332345.54,1,3,3,3,4,70123.4495,9,3,1,2,Spiral,987.55,1673452.68
31,32,619226.57,2,1,1,3,1,19975.0506,3,1,1,1,Agile,877.75,674488.65
26,36,1081631.94,1,1,5,3,2,41601.2285,15,3,0,1,Spiral,857.15,1332370.24
35,11,778656.77,3,4,1,3,3,22247.3363,3,1,1,2,Agile,501.74,890969.24
22,16,1334545.37,1,5,5,2,2,60661.1532,10,2,1,3,Spiral,464.88,1709687.68
16,45,789204.85,4,4,5,3,1,49325.3031,15,1,0,1,Spiral,897.63,854890.61
11,44,469264.65,1,5,3,2,4,42660.4227,6,3,0,3,Scrum,473.75,530867.78
61,36,795087.3,2,1,4,2,1,13034.218,8,3,0,3,SAFe,1672.49,814252.26
20,30,456547.91,5,2,5,2,3,22827.3955,10,3,1,1,V-Model,552.55,11223671.88
52,38,18170.48,1,5,3,2,2,349.4323,6,4,1,3,Spiral,1921.91,25235.68
8,40,652114.27,3,2,5,2,2,81514.2838,10,4,0,2,Agile,329.79,773224.45
25,17,986643.63,2,5,4,1,4,39465.7452,4,4,0,1,Scrum,222.93,1156159.9
26,39,1520474.64,3,2,5,1,4,58479.7938,5,1,0,1,Waterfall,989.18,1769953.57
67,5,368282.24,3,1,4,2,2,5496.7499,8,1,1,1,Spiral,393.81,496596.51
74,17,362098.81,5,1,5,2,4,4893.2272,10,2,0,1,SAFe,1343.64,414629.36
6,48,221269.42,2,1,1,2,1,36878.2367,2,4,0,2,Iterative,181.7,259822.89
77,33,837738.79,5,1,2,2,2,10879.7245,4,3,1,2,SAFe,1912.76,993923.23
70,22,1260000.72,1,5,5,3,2,18000.0103,15,2,1,2,Spiral,1842.25,1457090.73
21,3,1081729.56,5,5,4,1,4,51510.9314,4,3,1,3,V-Model,61.63,1284104.21
18,41,779952.83,3,4,1,2,2,43330.7128,2,1,0,1,Scrum,679.42,967818.84
21,13,771213.42,4,4,4,3,1,36724.4486,12,4,0,3,Spiral,247.97,911990.33
62,9,1026455.4,1,3,2,2,2,16555.7323,4,2,0,3,SAFe,607.44,1208352.28
17,45,730333.74,1,4,1,1,3,42960.8082,1,5,1,2,Scrum,476.23,968713.19
7,12,99186.65,3,4,2,2,1,14169.5214,4,4,0,3,Scrum,78.49,941880.0
39,3,479664.04,3,3,3,1,2,12299.0779,3,1,0,2,RAD,121.81,638077.07
31,42,1455426.22,2,1,1,1,4,46949.2329,1,4,0,2,Agile,981.86,1565750.11
70,41,170712.6,2,1,5,1,4,2438.7514,5,4,1,3,SAFe,2230.2,183632.7
19,12,1033173.4,4,4,3,3,3,54377.5474,9,4,0,1,Spiral,202.65,1270328.92
26,8,695250.64,1,4,2,1,2,26740.4092,2,1,0,3,Scrum,184.8,908927.91
79,48,91262.31,3,1,2,1,4,1155.2191,2,3,0,3,SAFe,3315.82,120221.35
60,13,15303.09,1,4,4,3,2,255.0515,12,3,1,1,Spiral,898.71,19657.38
73,19,558494.82,2,3,5,2,4,7650.614,10,3,0,1,SAFe,1154.33,640548.76
25,36,219152.24,1,2,1,3,2,8766.0896,3,2,0,2,Iterative,1054.76,316115.74
30,21,896113.13,1,4,3,1,3,29870.4377,3,2,0,1,Scrum,601.8,1039186.61
7,15,673226.95,4,4,1,3,1,96175.2786,3,4,0,1,Scrum,54.95,368909.59
3,44,1120809.95,1,3,2,2,3,373603.3167,4,2,1,2,Scrum,173.53,1305033.23
35,1,460606.74,2,4,1,3,2,13160.1926,3,4,0,3,Scrum,32.73,294505.24
57,45,1437122.35,2,5,3,3,1,25212.6728,9,3,0,2,Spiral,2412.55,1833015.14
40,25,1286802.77,3,1,1,3,2,32170.0692,3,5,0,1,Agile,589.54,1511122.75
34,5,1128025.18,2,2,4,2,3,33177.2112,8,5,0,2,Agile,146.88,1273762.52
35,25,210200.92,5,3,5,3,2,6005.7406,15,5,0,1,Spiral,635.49,216444.61
63,46,904778.98,2,4,4,3,4,14361.5711,12,5,0,2,Spiral,2553.21,1041169.25
21,8,585225.76,1,1,2,1,4,27867.8933,2,4,1,3,Iterative,111.56,719562.7
19,28,1050664.24,4,5,3,2,3,55298.1179,6,5,1,1,Scrum,422.85,1347403.32
75,13,956460.34,3,1,1,3,3,12752.8045,3,4,1,1,SAFe,726.37,1149992.78
42,17,795781.76,5,1,1,2,1,18947.1848,2,1,1,3,Waterfall,728.1,844464.3
76,45,832530.08,4,1,2,2,4,10954.3432,4,1,1,1,Agile,2939.42,955899.85
36,23,1280871.85,3,5,4,2,4,35579.7736,8,4,1,1,Scrum,589.36,1582714.33
43,36,375130.83,5,4,1,2,2,8723.9728,2,1,1,2,Agile,1349.87,471910.48
31,6,608569.4,2,4,3,1,1,19631.271,3,2,0,3,Scrum,158.53,652751.4
47,19,847653.93,5,2,3,1,2,18035.19,3,4,1,2,V-Model,575.59,1006694.61
10,28,713506.71,5,4,1,1,4,71350.671,1,3,0,3,Waterfall,192.58,782545.64
62,2,1427119.53,1,3,3,2,1,23018.0569,6,1,1,3,Spiral,157.97,1576111.18
6,3,1203851.39,2,5,3,2,3,200641.8983,6,4,1,3,RAD,17.93,184238.94
12,7,1200216.87,4,3,5,1,4,100018.0725,5,3,1,3,V-Model,98.37,1570927.98
13,45,1196831.84,5,5,5,3,4,92063.9877,15,2,0,3,Spiral,834.85,1429198.89
32,23,374490.11,4,1,3,1,1,11702.8159,3,5,1,1,Agile,444.52,467434.27
24,32,60633.41,1,2,1,1,4,2526.3921,1,3,1,3,Iterative,516.25,62347.53
30,48,890578.58,2,1,5,3,3,29685.9527,15,5,1,1,Spiral,1368.9,37216968.75
43,28,673193.88,2,3,5,2,3,15655.6716,10,5,0,3,Scrum,1347.37,862605.54
69,48,467914.86,5,1,3,1,3,6781.3748,3,5,0,1,Waterfall,2234.47,512079.73
54,20,633510.42,4,5,2,3,4,11731.6744,6,5,1,2,SAFe,782.93,844190.63
70,34,1410673.66,1,2,5,3,4,20152.4809,15,2,1,2,Spiral,3389.77,1646959.26
20,34,52043.61,3,2,5,1,4,2602.1805,5,2,0,1,Iterative,617.4,61413.03
54,38,445016.92,3,4,4,1,1,8241.0541,4,4,1,1,Scrum,1500.97,496062.63
3,12,79719.76,3,4,5,2,1,26573.2533,10,5,0,1,XP,23.29,436687.5
5,37,92192.54,5,3,1,2,3,18438.508,2,1,0,1,Waterfall,202.25,116170.13
33,37,1463663.06,3,5,5,1,2,44353.4261,5,3,1,2,V-Model,1279.99,1788920.9
69,26,876531.85,5,3,5,2,4,12703.3601,10,4,0,1,Scrum,1653.91,1162499.95
68,9,933593.08,4,3,1,1,4,13729.31,1,5,1,1,Waterfall,368.53,1029312.7
69,38,1097538.02,5,5,3,3,3,15906.3481,9,1,1,3,Spiral,829.64,818962.92
14,40,731265.22,3,1,2,3,3,52233.23,6,5,0,3,Iterative,468.97,963130.27
6,2,697637.35,1,5,2,3,4,116272.8917,6,2,0,3,Scrum,18.55,216714.84
6,6,76671.36,2,5,3,2,1,12778.56,6,4,0,1,Scrum,26.91,322920.0
59,21,429335.86,4,3,5,3,3,7276.879,15,1,0,3,Spiral,1994.36,537367.09
9,24,534644.68,2,5,4,3,1,59404.9644,12,5,0,2,Spiral,169.38,684162.03
38,14,1399407.28,4,5,1,3,1,36826.5074,3,5,0,3,Scrum,358.52,1550099.5
62,20,49304.09,4,1,3,1,4,795.2273,3,5,1,2,V-Model,870.57,57517.61
72,28,503830.93,1,1,2,2,2,6997.6518,4,4,0,2,SAFe,1666.32,601895.59
60,7,161577.71,4,2,3,3,3,2692.9618,9,5,1,3,Spiral,524.71,178001.44
43,5,1045360.22,4,2,4,2,4,24310.7028,8,4,1,2,V-Model,221.35,1354185.37
78,31,607379.84,1,5,3,2,3,7786.921,6,3,1,2,Spiral,2482.66,794883.61
6,6,80120.2,2,5,2,2,1,13353.3667,4,2,0,1,Scrum,26.91,322920.0
31,24,546919.52,3,3,2,2,3,17642.5652,4,1,0,1,Scrum,770.41,620030.75
8,8,223204.81,4,5,4,1,1,27900.6012,4,5,1,3,V-Model,39.65,293829.8
50,45,411050.89,5,2,5,1,3,8221.0178,5,3,1,3,V-Model,2742.82,422940.01
23,48,1268039.84,3,4,4,2,1,55132.167,8,5,0,3,Scrum,916.67,1397533.59
26,16,1289783.62,4,2,4,1,2,49607.0623,4,2,1,1,Agile,313.7,1582938.91
64,9,779889.27,5,5,3,1,4,12185.7698,3,5,1,2,V-Model,410.77,820056.12
47,22,971857.32,4,5,5,2,2,20677.8153,10,1,1,1,V-Model,1291.96,1235803.98
15,31,1037914.73,3,3,1,2,3,69194.3153,2,3,1,3,Scrum,435.35,1357843.88
72,35,32020.78,1,2,1,3,1,444.7331,3,3,0,1,SAFe,1858.03,39288.96
46,37,279564.56,4,3,2,1,2,6077.4904,2,3,0,2,Waterfall,1226.48,324765.17
71,42,698531.68,5,4,3,1,1,9838.4744,3,5,1,3,V-Model,1808.2,822094.71
64,21,1074417.3,5,4,2,3,3,16787.7703,6,5,0,2,SAFe,1268.86,1450519.82
13,27,405589.6,3,4,5,2,1,31199.2,10,4,0,2,Scrum,318.18,469377.78
50,36,897868.99,4,2,1,1,3,17957.3798,1,2,1,3,SAFe,1818.72,980525.61
18,5,677424.19,5,4,4,2,1,37634.6772,8,2,1,3,V-Model,103.44,800172.7
64,22,896314.66,2,5,5,2,1,14004.9166,10,5,0,1,Scrum,1092.32,1203714.12
52,48,1162284.86,4,1,5,3,4,22351.6319,15,4,0,1,Spiral,2433.51,1304155.63
70,6,395838.72,5,1,3,2,4,5654.8389,6,1,1,1,V-Model,525.85,535666.47
26,3,1250257.07,3,3,2,3,3,48086.8104,6,4,0,1,Agile,66.87,902653.66
18,5,129879.89,4,3,3,3,3,7215.5494,9,3,0,3,Spiral,141.03,171593.78
60,27,926382.71,1,1,2,3,4,15439.7118,6,2,1,1,Iterative,1567.58,1297317.5
23,3,827767.08,3,2,3,2,3,35989.873,6,4,0,1,RAD,58.62,751125.51
61,30,679066.24,1,1,2,1,4,11132.2334,2,1,1,1,Iterative,1821.81,802494.28
50,47,906797.03,5,1,3,1,2,18135.9406,3,4,1,1,V-Model,1693.81,1156286.82
68,45,1239047.05,1,3,3,1,3,18221.2801,3,1,1,3,SAFe,4162.89,1493049.35
47,25,926461.89,3,5,4,1,3,19711.9551,4,2,1,1,V-Model,1306.87,1148410.1
36,15,591956.67,5,2,2,2,4,16443.2408,4,5,0,1,Agile,362.56,690618.15
80,40,1260821.39,5,2,1,3,2,15760.2674,3,4,0,1,Agile,2228.69,263735.58
47,28,359087.82,3,2,5,2,1,7640.1664,10,4,1,2,Spiral,921.36,468726.26
80,28,1557323.15,4,2,5,3,1,19466.5394,15,1,1,2,Spiral,2950.35,1553871.06
73,37,1039082.97,1,3,4,2,2,14234.0133,8,5,0,1,RAD,28.48,370253.48
5,36,705407.49,2,3,2,3,2,141081.498,6,2,0,1,Spiral,217.36,683152.79
80,1,1138723.01,5,4,5,1,2,14234.0376,5,1,1,2,V-Model,99.14,1413586.74
34,25,663511.51,5,3,2,1,3,19515.0444,2,3,1,2,Waterfall,596.68,847766.67
75,12,1207390.06,2,1,5,1,4,16098.5341,5,4,1,2,SAFe,817.92,1472964.07
64,44,549654.47,4,4,4,3,4,8588.3511,12,5,0,1,Spiral,2201.94,643910.81
78,33,1335660.07,2,3,1,3,4,17123.8471,3,1,0,3,SAFe,4056.08,1249009.08
37,21,211529.64,4,1,5,2,1,5717.0173,10,1,1,2,V-Model,867.14,238565.4
64,34,1179220.78,3,4,3,3,4,18425.3247,9,4,0,3,SAFe,2540.23,1282396.04
59,43,1169500.58,2,3,4,2,3,19822.0437,8,5,1,2,SAFe,2355.71,1378816.08
2,34,1350252.77,4,5,5,1,4,675126.385,5,5,0,3,XP,51.05,792452.55
65,21,619848.15,5,1,1,3,2,9536.1254,3,1,1,2,SAFe,1334.1,677904.11
3,39,861056.51,5,1,1,2,3,287018.8367,2,5,0,1,Waterfall,74.02,401921.83
3,12,904676.87,1,1,4,2,2,301558.9567,8,2,0,3,Iterative,39.03,547604.61
7,2,849955.51,3,3,4,2,2,121422.2157,8,1,0,2,RAD,20.18,299819.49
76,5,1410487.83,5,2,2,1,3,18559.0504,2,5,0,1,SAFe,229.87,1725298.88
6,22,523240.13,1,3,3,1,2,87206.6883,3,3,1,2,Iterative,132.09,738383.15
41,32,139601.27,2,2,5,3,4,3404.909,15,2,1,1,Spiral,1525.31,177304.54
3,7,88516.72,3,5,5,1,4,29505.5733,5,3,0,1,Waterfall,19.45,108461.59
73,13,1091124.22,1,1,4,2,4,14946.9071,8,2,1,3,Spiral,1398.58,1345318.6
57,13,1127133.64,4,5,4,2,3,19774.2744,8,4,1,1,V-Model,540.84,1514265.05
52,33,438637.12,4,2,3,1,1,8435.3292,3,5,1,2,SAFe,939.07,558568.17
37,31,560797.05,5,5,2,3,4,15156.677,6,2,1,3,Scrum,1397.46,606405.35
20,46,639913.34,4,5,4,1,3,31995.667,4,2,1,3,V-Model,996.2,822455.04
71,4,534653.95,2,3,1,3,4,7530.3373,3,3,0,1,SAFe,284.44,782115.12
23,24,911965.4,3,2,5,1,3,39650.6696,5,2,1,1,Agile,496.85,1015695.59
71,16,925135.01,4,4,5,2,3,13030.0706,10,4,1,1,Iterative,952.72,1182568.63
3,4,1193563.98,4,2,4,1,1,397854.66,4,3,0,2,RAD,9.78,116832.7
29,5,1000190.56,1,1,1,2,1,34489.3297,2,1,0,3,Iterative,140.9,821112.31
4,6,1286616.94,5,1,4,1,2,321654.235,4,2,1,3,V-Model,24.72,466183.82
35,37,582460.2,1,5,3,3,2,16641.72,9,1,0,3,Spiral,1751.49,676283.85
14,32,598822.11,5,2,1,3,4,42773.0079,3,5,0,2,Agile,326.31,654545.94
31,4,1059227.77,5,1,5,1,2,34168.6377,5,4,0,1,Waterfall,86.25,1097671.39
44,6,1455174.95,5,4,2,3,3,33072.158,6,5,0,2,Agile,208.43,1097387.65
6,6,109027.39,2,5,4,2,2,18171.2317,8,4,0,2,XP,26.78,418437.5
46,44,1526039.63,2,4,4,3,3,33174.7746,12,3,1,3,Spiral,3114.6,2038960.92
69,12,199127.57,2,2,1,3,1,2885.9068,3,1,0,3,SAFe,990.18,251533.41
34,4,52041.1,5,1,5,3,4,1530.6206,15,2,1,2,Spiral,231.63,64816.25
28,37,1438019.55,5,3,1,3,3,51357.8411,3,4,0,2,Agile,848.96,1488496.14
20,9,971263.93,2,4,4,1,4,48563.1965,4,4,1,3,Scrum,147.01,1047492.12
14,31,451448.73,2,3,5,3,4,32246.3379,15,2,0,3,Spiral,861.44,451443.45
21,25,221522.3,4,3,1,1,3,10548.681,1,3,0,1,Waterfall,427.65,258526.78
43,3,1249727.74,3,5,1,2,3,29063.4358,2,1,1,2,RAD,145.59,1507957.59
33,46,1379955.91,1,2,5,1,4,41816.8458,5,4,1,1,Agile,1277.94,1485704.28
4,20,831396.97,2,2,5,2,2,207849.2425,10,2,0,3,Scrum,120.39,1078525.39
56,35,1369849.69,2,4,2,1,3,24461.6016,2,1,1,1,Scrum,1678.39,1731556.03
23,36,178841.29,4,5,1,3,1,7775.7083,3,1,1,3,Scrum,1101.9,217437.18
54,14,1307268.71,3,4,2,3,3,24208.6798,6,4,1,2,SAFe,806.18,1427476.79
76,12,183847.81,5,3,2,2,2,2419.0501,4,1,1,3,V-Model,952.15,222693.88
53,13,1431029.71,2,1,4,1,2,27000.5606,4,4,1,1,Iterative,426.99,1724417.56
55,22,610502.75,1,1,4,3,4,11100.05,12,2,0,3,Spiral,1808.5,792571.62
31,40,799574.42,3,5,4,2,3,25792.7232,8,4,1,1,V-Model,1234.63,936376.55
24,45,1149966.64,1,1,5,3,4,47915.2767,15,2,0,2,V-Model,1821.11,1305323.06
5,26,891437.82,1,3,5,2,2,178287.564,10,4,0,1,XP,104.46,918728.84
41,45,268844.26,3,2,5,2,4,6557.1771,10,2,1,1,Spiral,2463.57,332671.12
42,32,705207.87,1,3,5,1,4,16790.6636,5,5,0,3,Scrum,1128.48,780262.83
69,47,1183624.36,3,3,5,3,2,17153.9762,15,5,1,2,Spiral,1464.11,567226.58
9,29,154472.04,1,3,4,2,3,17163.56,8,2,1,3,Spiral,354.28,192259.21
79,30,1363913.03,5,2,2,3,4,17264.7219,6,2,1,2,Spiral,2776.45,1714069.5
61,23,1140802.37,5,2,3,3,3,18701.6782,9,2,0,2,SAFe,1623.52,1408734.32
41,22,1442063.12,3,1,2,1,4,35172.2712,2,3,1,1,Iterative,705.07,1941845.99
38,48,74425.69,5,4,3,3,1,1958.5708,9,3,0,3,Spiral,2157.66,101843.36
5,44,709878.68,1,1,1,1,1,141975.736,1,2,0,1,Iterative,140.57,901180.14
36,11,421669.38,1,1,5,1,4,11713.0383,5,5,1,2,Iterative,278.85,505029.7
4,48,1278963.28,2,4,2,3,3,319740.82,6,5,0,3,Spiral,233.34,1326395.05
79,23,1171965.11,2,4,5,3,3,14835.0014,15,1,1,2,Spiral,3502.98,1390965.43
51,44,1255732.93,1,5,2,2,4,24622.2143,4,5,1,1,Agile,1330.0,1424546.28
14,42,1371288.09,5,3,2,3,1,97949.1493,6,4,1,2,Agile,335.6,1674466.19
64,18,913556.39,5,5,5,1,3,14274.3186,5,1,1,2,V-Model,1588.77,1064277.76
36,42,173789.73,3,1,4,1,2,4827.4925,4,5,0,3,Waterfall,1127.34,203627.63
19,3,285490.1,4,3,4,1,3,15025.7947,4,2,0,2,Waterfall,86.25,359072.14
67,12,222340.79,1,1,1,3,2,3318.5193,3,2,0,3,SAFe,808.29,305046.58
26,43,1153680.36,2,4,2,3,4,44372.3215,6,2,1,1,Scrum,1169.29,1508240.4
23,46,345796.7,3,2,2,3,1,15034.6391,6,2,1,3,Spiral,1181.21,404476.01
25,21,303543.21,4,5,5,2,1,12141.7284,10,3,1,3,V-Model,480.86,363762.44
79,26,619640.56,1,5,2,3,1,7843.5514,6,4,1,1,Spiral,1865.38,630018.21
10,41,811031.03,2,3,4,1,4,81103.103,4,2,1,2,Scrum,445.86,1044136.4
75,15,1268253.34,2,2,5,1,1,16910.0445,5,3,1,3,SAFe,1320.38,1418566.17
12,24,203190.31,3,1,5,2,4,16932.5258,10,3,0,3,Iterative,347.76,4781700.0
5,6,355543.73,1,1,4,3,2,71108.746,12,5,0,3,Iterative,26.83,260177.16
32,44,1424548.42,3,4,3,3,3,44517.1381,9,1,0,3,Scrum,2212.51,1849941.6
73,27,1021678.78,1,1,5,3,3,13995.5997,15,3,0,3,Spiral,3348.42,1153914.8
30,44,554409.08,3,4,2,3,2,18480.3027,6,1,1,1,Spiral,1490.63,649385.18
10,36,1084345.61,5,4,2,2,2,108434.561,4,1,0,3,Scrum,404.64,1359945.83
80,7,217683.13,2,3,4,2,3,2721.0391,8,5,0,1,SAFe,474.8,293750.98
19,24,827028.72,5,3,2,2,2,43527.8274,4,2,1,3,V-Model,653.99,1047796.82
18,24,398453.0,4,2,3,1,3,22136.2778,3,3,1,1,V-Model,345.95,7027109.38
44,33,481906.59,5,2,1,1,4,10952.4225,1,2,1,1,Waterfall,1180.63,656174.89
53,17,924909.92,3,3,2,1,1,17451.1306,2,4,1,1,Agile,444.73,1233503.14
70,46,222611.72,1,3,4,2,1,3180.1674,8,2,0,1,SAFe,3023.41,305085.25
71,17,149646.51,5,5,5,1,4,2107.6973,5,3,0,1,SAFe,998.06,167112.1
73,20,1400579.74,5,5,2,2,3,19186.0238,4,5,1,2,SAFe,1377.14,1630558.64
17,38,113047.64,4,2,4,1,2,6649.8612,4,1,1,3,V-Model,779.02,140424.61
18,12,201325.87,4,2,1,3,3,11184.7706,3,2,1,3,Agile,267.21,272490.77
51,2,355463.02,1,2,3,2,1,6969.8631,6,5,0,2,SAFe,70.36,396510.03
25,30,1097396.28,4,1,3,3,1,43895.8512,9,2,0,3,Spiral,1132.81,1278670.66
9,31,1300568.45,5,2,2,3,2,144507.6056,6,3,0,3,Agile,313.41,1536272.95
17,35,919295.13,1,2,1,1,1,54076.1841,1,3,0,3,Iterative,338.52,1006065.95
7,18,727139.94,4,5,1,3,1,103877.1343,3,4,0,3,Scrum,87.67,492032.7
14,9,1234005.24,1,4,3,3,2,88143.2314,9,2,1,1,Scrum,133.39,1396402.55
16,21,903288.82,4,5,4,2,3,56455.5512,8,3,1,1,V-Model,350.51,1133031.79
30,7,1411373.54,5,2,3,1,2,47045.7847,3,3,1,2,V-Model,148.52,1506911.5
37,27,1044892.21,5,1,3,3,1,28240.33,9,2,1,1,Spiral,784.2,1338926.59
33,42,959752.94,1,4,4,3,2,29083.4224,12,3,0,2,Spiral,1373.09,1115343.75
11,13,642351.95,4,5,4,3,1,58395.6318,12,1,1,2,Spiral,191.02,722650.92
38,7,1229585.01,3,5,1,1,1,32357.5003,1,4,0,2,Scrum,141.4,843877.59
28,15,1394014.31,1,5,4,1,4,49786.2254,4,2,1,3,Scrum,430.39,1584120.29
65,48,1441564.09,3,1,2,3,1,22177.9091,6,5,0,3,SAFe,2428.88,1879439.69
70,9,1132059.22,4,2,2,3,1,16172.2746,6,4,1,3,SAFe,654.12,1409432.41
60,36,1189451.7,2,4,5,1,4,19824.195,5,4,1,1,RAD,61.43,1137173.83
32,17,71763.61,3,2,2,2,4,2242.6128,4,5,1,1,Agile,363.28,93184.83
13,31,1292028.42,2,5,4,3,4,99386.8015,12,5,0,1,Spiral,320.08,1504632.99
64,40,772725.86,3,2,2,2,3,12073.8416,4,1,0,2,SAFe,3557.63,963634.15
48,7,1140174.36,1,1,3,1,1,23753.6325,3,1,1,2,Iterative,298.85,1273033.01
14,17,229980.48,5,5,3,2,3,16427.1771,6,4,0,2,Scrum,221.7,271191.99
19,13,357526.79,5,4,5,1,3,18817.1995,5,4,1,2,V-Model,235.03,418822.99
65,40,101185.57,4,3,4,1,2,1556.7011,4,5,1,3,SAFe,2247.59,114402.58
70,38,381693.53,1,5,5,1,2,5452.7647,5,4,0,1,SAFe,1867.51,430276.09
48,28,452289.65,4,5,3,2,4,9422.701,6,2,0,3,Scrum,1661.62,460056.65
3,44,1127651.06,3,5,2,2,4,375883.6867,4,5,1,1,Scrum,85.15,604510.73
6,36,1429699.49,2,3,2,2,2,238283.2483,4,3,1,3,Scrum,180.4,1351883.54
23,4,1398832.07,5,1,2,1,2,60818.7857,2,1,0,3,Agile,99.68,732702.07
16,26,1193974.64,4,4,5,1,4,74623.415,5,2,1,2,V-Model,527.29,1159342.9
25,41,1096644.6,3,2,1,3,1,43865.784,3,2,0,2,Agile,1056.49,1121302.65
31,38,1029270.09,3,3,4,2,1,33202.261,8,2,0,1,Scrum,1078.59,970632.26
12,27,949848.82,1,4,3,3,4,79154.0683,9,5,0,3,Spiral,324.43,948188.07
67,17,1373636.01,1,4,3,3,2,20502.03,9,5,1,2,Scrum,1015.71,1271708.37
3,24,1149604.18,1,1,3,2,3,383201.3933,6,4,1,3,Iterative,61.58,571841.54
19,40,463193.76,4,4,1,1,1,24378.6189,1,2,0,3,Scrum,650.27,584835.9
9,8,1401409.84,3,3,1,3,3,155712.2044,3,4,1,1,Iterative,61.74,468120.17
63,43,1273956.67,5,4,4,1,3,20221.5344,4,2,1,2,V-Model,2702.02,1511689.31
72,33,424352.5,4,5,4,2,4,5893.7847,8,3,0,1,SAFe,1892.18,516651.3
59,41,1238376.55,2,3,1,3,3,20989.4331,3,5,1,1,Iterative,1618.51,1379815.82
6,39,152607.79,3,4,4,1,2,25434.6317,4,1,0,1,Iterative,225.74,178015.74
28,2,613823.59,5,1,5,2,3,21922.2711,10,5,0,3,Agile,51.73,677104.49
78,19,427433.52,3,4,3,1,4,5479.9169,3,1,0,2,SAFe,1765.26,511342.64
37,41,160550.02,2,4,1,1,1,4339.1897,1,1,0,2,Scrum,1294.42,198896.48
80,14,577688.67,4,3,2,1,1,7221.1084,2,4,1,2,V-Model,608.21,765990.54
45,41,160360.25,3,4,1,2,1,3563.5611,2,3,0,1,Agile,1320.06,193897.31
70,15,440328.2,1,5,4,1,4,6290.4029,4,4,1,1,SAFe,642.77,586999.88
57,8,273612.37,5,3,5,1,1,4800.217,5,5,0,1,Waterfall,240.85,347073.37
79,48,1161465.08,3,5,2,2,1,14702.0896,4,5,1,2,SAFe,1970.26,1476436.6
16,19,302239.67,3,1,1,3,3,18889.9794,3,2,1,1,Agile,255.87,336640.21
47,19,806309.5,3,2,5,2,4,17155.5213,10,3,1,2,Spiral,1117.53,1129958.16
59,24,1383037.74,1,2,4,3,4,23441.3176,12,5,0,1,Spiral,1371.6,1779992.17
79,12,1368806.03,5,4,4,3,4,17326.6586,12,4,1,1,Spiral,833.99,1841969.15
3,20,1280406.77,5,2,2,3,4,426802.2567,6,3,1,3,Spiral,80.06,1405990.39
33,31,740778.55,2,4,3,3,3,22447.8348,9,4,0,1,Spiral,1280.41,886418.74
54,33,936220.01,5,3,4,3,1,17337.4076,12,3,0,1,Spiral,1523.87,1221805.64
61,5,1073516.4,1,3,4,2,2,17598.6295,8,5,1,2,Spiral,243.52,1232289.42
33,11,45939.93,1,2,2,2,3,1392.1191,4,1,1,3,Iterative,514.43,62089.61
8,14,1375834.0,5,3,1,1,3,171979.25,1,4,1,2,Waterfall,61.86,409001.66
21,23,675298.75,3,1,1,3,3,32157.0833,3,1,1,1,Agile,540.17,1002241.77
79,19,1487604.75,5,1,2,3,4,18830.4399,6,4,1,1,SAFe,1031.9,1710128.7
36,35,63081.94,2,2,3,2,1,1752.2761,6,4,1,1,Agile,828.1,68419.35
16,34,1173071.58,2,4,5,1,3,73316.9738,5,1,1,1,Iterative,646.95,1171907.61
41,33,24080.59,3,2,5,3,1,587.3315,15,1,1,3,Spiral,2064.64,29757.06
28,3,270114.15,2,3,3,2,1,9646.9339,6,1,1,1,RAD,81.43,281687.95
9,5,1412993.43,4,5,5,3,1,156999.27,15,5,0,2,Spiral,33.3,631905.95
27,17,588817.13,5,1,1,3,3,21808.0419,3,1,0,2,Agile,629.14,637782.97
9,7,741222.22,4,2,5,1,2,82358.0244,5,1,0,1,Waterfall,58.53,738442.51
53,35,695952.75,2,3,5,3,4,13131.184,15,1,0,3,Spiral,3261.2,817049.79
5,36,619919.33,1,2,1,1,2,123983.866,1,5,0,2,Agile,107.32,593258.6
61,15,1161126.47,3,5,1,3,2,19034.8602,3,3,1,3,SAFe,1056.31,1421904.36
59,30,234707.5,4,5,3,3,3,3978.0932,9,5,0,3,SAFe,1761.66,296345.06
79,13,669689.28,2,5,5,2,4,8477.0795,10,4,1,3,Spiral,977.04,854193.58
5,29,1243632.56,4,3,2,1,3,248726.512,2,3,0,3,V-Model,124.38,1150778.1
73,24,1178669.36,2,1,3,2,1,16146.1556,6,1,1,1,SAFe,1742.61,1361924.87
25,36,589773.33,4,2,4,2,3,23590.9332,8,5,1,1,V-Model,706.39,14348546.88
70,37,45465.16,3,1,3,3,4,649.5023,9,3,1,1,Spiral,2216.72,55451.78
8,12,149395.41,3,3,2,2,1,18674.4262,4,3,0,2,Agile,80.37,924255.0
28,26,12240.49,1,1,2,1,2,437.1604,2,4,0,1,Iterative,459.01,12072.82
71,45,1458882.79,5,1,4,1,3,20547.6449,4,5,0,1,SAFe,2756.44,1708028.43
18,12,820013.1,3,2,4,1,3,45556.2833,4,5,1,3,V-Model,187.59,977561.08
24,32,241553.82,1,3,3,1,3,10064.7425,3,5,1,1,Scrum,554.05,315821.66
10,42,1382104.48,4,3,4,1,2,138210.448,4,3,1,1,V-Model,294.16,1672427.97
44,35,1322148.17,2,5,5,2,1,30048.822,10,3,0,2,Scrum,1205.33,1658593.49
55,47,104633.19,5,2,4,3,4,1902.4216,12,4,0,1,Spiral,3097.5,120917.39
61,9,1025067.56,3,2,4,3,1,16804.3862,12,3,1,3,Spiral,553.79,1183302.45
66,29,1012649.74,3,5,5,1,1,15343.1779,5,2,0,1,Scrum,1703.64,1150394.78
32,26,697072.3,5,3,4,1,4,21783.5094,4,1,1,2,V-Model,1096.06,870805.99
75,42,1432220.05,3,5,3,1,4,19096.2673,3,1,1,1,V-Model,3228.72,1998071.74
22,31,127680.26,2,4,5,1,1,5803.6482,5,5,1,3,Scrum,443.09,121919.52
76,5,648211.74,5,5,2,1,2,8529.1018,2,2,1,3,SAFe,307.17,765447.73
54,45,152206.09,2,4,4,1,2,2818.6313,4,3,0,3,SAFe,2808.95,188955.2
55,7,620476.62,2,1,1,3,3,11281.3931,3,5,1,1,Iterative,253.45,751556.19
72,35,1232387.87,2,3,3,3,1,17116.4982,9,2,0,1,Spiral,2138.7,1455248.44
53,40,1124938.04,5,3,4,2,3,21225.246,8,3,1,3,V-Model,3166.68,1488421.19
69,8,557921.15,1,1,1,3,1,8085.8138,3,5,0,3,SAFe,410.0,737093.51
56,24,74162.62,1,2,1,1,4,1324.3325,1,2,1,1,Iterative,1201.15,85185.53
30,7,283294.97,2,4,1,3,2,9443.1657,3,2,0,2,Scrum,208.6,290017.34
35,29,1001807.57,4,3,3,2,3,28623.0734,6,4,0,1,Scrum,774.82,1288287.62
30,2,1172462.32,4,1,5,1,1,39082.0773,5,4,1,2,V-Model,42.15,1027139.19
19,40,1332080.05,4,2,4,2,3,70109.4763,8,1,1,3,V-Model,1073.42,1918185.3
57,15,1110536.14,2,4,5,1,1,19483.0902,5,5,1,3,SAFe,671.21,1374989.26
21,34,723100.43,5,4,5,1,1,34433.3538,5,3,0,3,Waterfall,682.78,957270.32
74,20,489219.63,5,1,1,1,4,6611.0761,1,4,1,3,SAFe,1028.61,552555.92
67,28,527029.94,1,2,5,2,4,7866.1185,10,2,1,1,Spiral,1838.95,777241.93
45,47,1445503.42,4,4,4,2,4,32122.2982,8,1,1,2,V-Model,2691.73,1739676.53
6,33,254102.57,1,3,3,2,3,42350.4283,6,3,1,2,Spiral,276.65,353498.97
22,45,1374639.38,5,2,2,3,1,62483.6082,6,1,1,3,Agile,1086.14,1911831.58
67,48,599247.19,3,3,5,1,2,8943.9879,5,1,0,1,Scrum,2943.5,826664.1
39,36,1248221.21,4,4,1,2,1,32005.6721,2,1,1,1,Agile,1039.99,1438805.47
41,46,472983.94,3,5,3,1,3,11536.1937,3,3,0,2,Scrum,1623.63,662789.94
28,42,1015290.64,4,5,5,2,2,36260.38,10,2,1,3,V-Model,1326.55,1290913.3
9,22,295948.07,1,4,3,3,1,32883.1189,9,3,1,2,Spiral,237.61,365115.76
21,46,1485528.66,1,5,2,1,3,70739.46,2,5,1,1,Scrum,697.12,1771881.68
17,35,79165.41,5,2,1,1,3,4656.7888,1,5,0,3,Waterfall,492.99,93034.6
46,39,461576.8,5,5,5,3,1,10034.2783,15,5,0,3,Spiral,1720.44,558630.36
22,20,377366.77,3,4,1,3,2,17153.035,3,3,0,2,Agile,366.56,460023.81
11,32,1147435.87,1,2,1,3,2,104312.3518,3,1,1,1,Iterative,326.23,1272533.63
71,37,937381.93,1,4,5,2,3,13202.5624,10,3,1,3,Spiral,2984.9,1215398.15
68,36,728288.16,4,2,2,2,1,10710.12,4,4,0,1,Agile,1459.35,921424.81
6,37,1175110.05,4,3,1,3,3,195851.675,3,2,0,2,Agile,251.67,1274782.25
73,38,951763.48,4,2,3,1,4,13037.8559,3,2,0,3,SAFe,2741.52,1438292.48
29,14,624849.83,3,3,5,2,2,21546.5459,10,3,0,2,Scrum,512.53,631544.87
22,27,385693.51,4,4,5,3,2,17531.5232,15,3,1,3,Spiral,637.66,474079.65
78,46,359089.4,4,4,5,2,3,4603.7103,10,2,1,2,V-Model,5907.98,443845.02
79,21,428571.76,4,1,1,1,3,5424.959,1,4,0,1,SAFe,1002.86,502591.95
50,25,1176512.62,3,3,4,2,1,23530.2524,8,2,0,1,Scrum,1260.11,1428885.0
38,16,1382588.71,4,3,1,1,3,36383.9134,1,2,0,2,Waterfall,497.21,1740793.97
14,19,902070.12,2,2,1,1,3,64433.58,1,5,0,2,Iterative,179.41,904902.82
67,39,1381104.91,3,3,5,3,1,20613.5061,15,3,1,2,Spiral,619.9,1209478.01
2,41,736353.84,5,4,5,2,3,368176.92,10,3,1,2,Spiral,116.39,910782.85
50,17,608248.73,4,5,1,1,2,12164.9746,1,4,1,3,SAFe,551.18,734323.73
14,3,70198.3,5,1,2,1,2,5014.1643,2,2,0,1,Waterfall,28.78,70830.49
5,6,579838.94,2,4,4,1,3,115967.788,4,4,1,1,XP,20.73,489430.92
74,41,600353.73,5,3,4,1,2,8112.8882,4,5,0,1,SAFe,1726.48,677620.55
3,4,336065.25,3,1,2,1,2,112021.75,2,1,0,1,Kanban,9.47,42204.94
19,21,1194429.27,4,4,2,1,1,62864.6984,2,1,0,2,Waterfall,311.33,1447622.22
70,18,783142.88,1,5,4,2,3,11187.7554,8,3,0,3,SAFe,1849.74,859308.33
46,10,546779.44,2,1,2,2,3,11886.5096,4,1,0,1,Iterative,559.36,598784.31
79,13,948462.28,2,3,1,3,4,12005.8516,3,5,1,2,SAFe,781.02,1145081.11
56,10,1356859.22,1,5,3,2,2,24229.6289,6,4,1,1,Scrum,377.04,1661186.98
60,6,773364.53,1,5,2,1,1,12889.4088,2,1,0,3,SAFe,386.09,970792.53
28,5,834347.81,3,1,5,2,2,29798.1361,10,3,1,2,V-Model,151.35,945832.69
44,45,890316.59,3,3,4,3,3,20234.468,12,3,0,3,Spiral,2839.68,1213128.8
61,44,1008590.31,4,1,2,1,1,16534.2674,2,1,0,3,SAFe,2518.36,1464857.01
6,14,100995.85,3,2,5,2,3,16832.6417,10,4,0,1,Iterative,79.39,125902.74
20,3,632800.07,2,5,3,3,4,31640.0035,9,1,0,2,Spiral,87.41,697691.75
53,43,1114253.52,3,5,4,3,3,21023.6513,12,1,0,1,Spiral,3162.26,1270590.61
11,9,1256708.76,5,1,3,3,3,114246.2509,9,1,0,3,Agile,165.75,1301955.19
2,31,37781.12,1,3,2,1,3,18890.56,2,2,1,2,Iterative,52.46,48964.16
53,20,1417896.74,5,3,1,2,4,26752.7687,2,5,0,2,SAFe,687.35,1695373.73
44,45,592080.0,2,5,4,2,3,13456.3636,8,2,0,1,Scrum,2287.41,683344.25
53,35,1098000.04,2,4,4,2,1,20716.9819,8,1,1,2,Spiral,1987.81,1327634.24
65,18,572712.26,5,3,1,1,3,8810.9578,1,3,0,3,SAFe,959.9,626181.44
57,17,577340.0,1,5,3,1,1,10128.7719,3,4,1,2,SAFe,739.77,668594.85
13,5,976000.98,3,3,3,2,1,75076.9985,6,5,1,1,Scrum,43.55,692736.59
54,24,723158.23,5,1,4,2,3,13391.8191,8,5,1,2,V-Model,1215.02,940956.46
31,15,1199012.67,1,1,5,1,2,38677.8281,5,2,0,1,Agile,453.46,1341971.01
62,35,979305.52,1,1,5,1,3,15795.2503,5,2,1,2,SAFe,2880.47,1141304.56
42,22,389686.54,1,3,5,1,2,9278.251,5,5,0,1,Iterative,615.48,449606.31
15,46,295337.54,4,1,1,2,3,19689.1693,2,2,1,3,Waterfall,946.12,340988.3
71,30,255541.22,3,3,5,2,2,3599.1721,10,2,1,3,V-Model,2826.24,369320.19
39,9,1454738.75,4,5,2,3,4,37300.9936,6,3,1,1,Agile,237.89,1817953.81
67,26,678236.94,1,3,5,2,1,10122.9394,10,1,0,2,SAFe,1751.34,866118.96
45,18,1146873.39,3,2,4,2,3,25486.0753,8,5,0,2,Agile,740.95,1516848.78
30,25,1329291.47,1,1,5,1,3,44309.7157,5,3,1,2,Iterative,820.06,1490312.89
45,36,1295579.75,1,3,5,1,2,28790.6611,5,5,1,2,Agile,1109.1,1827951.16
72,4,107757.36,3,5,5,1,3,1496.63,5,4,1,3,Waterfall,342.89,134246.46
29,32,458444.33,4,5,5,1,2,15808.4252,5,2,1,2,Scrum,1188.1,597455.28
56,21,804371.39,5,2,2,2,2,14363.7748,4,4,1,2,SAFe,757.0,908385.13
28,8,1167398.09,1,1,5,3,2,41692.7889,15,5,1,2,Spiral,224.5,1453696.8
52,39,1408366.73,4,2,2,1,3,27083.9756,2,2,1,3,SAFe,2390.55,1918441.05
67,35,219287.9,2,3,1,2,3,3272.9537,2,4,1,3,SAFe,2656.18,277333.54
4,29,786030.23,5,2,5,1,2,196507.5575,5,3,0,3,Waterfall,133.71,1071178.04
61,36,1471798.09,1,4,2,1,3,24127.8375,2,5,1,1,Scrum,1225.46,1756434.11
65,7,324661.12,2,1,1,3,2,4994.7865,3,4,0,2,SAFe,356.76,377687.03
49,39,151332.16,1,4,1,2,2,3088.4114,2,5,1,3,Scrum,1500.64,156771.56
66,42,816217.09,5,4,2,1,2,12366.9256,2,4,1,2,SAFe,2133.0,893239.85
59,36,1431926.1,4,3,2,1,1,24269.9339,2,4,0,1,Waterfall,1007.83,1875785.38
23,11,504298.97,2,4,3,3,3,21926.0422,9,2,1,2,Scrum,374.9,708083.46
50,35,509352.8,4,3,5,3,2,10187.056,15,4,1,1,V-Model,1411.78,595435.02
27,39,217817.32,1,4,5,3,1,8067.3081,15,2,0,1,Spiral,959.37,268795.44
20,33,211837.16,5,1,5,1,4,10591.858,5,4,1,2,V-Model,542.79,255180.27
63,40,322886.71,2,4,3,3,2,5125.1859,9,5,0,2,Spiral,2299.15,410296.08
4,40,546586.17,4,5,4,3,4,136646.5425,12,4,0,2,Spiral,194.49,692146.87
61,20,651170.8,2,5,1,3,3,10674.9311,3,2,0,2,SAFe,1516.51,732884.12
32,34,636163.19,5,3,1,3,1,19880.0997,3,2,0,2,Agile,1165.36,796167.05
12,2,642315.86,2,1,2,1,2,53526.3217,2,5,0,1,Agile,12.86,152840.61
7,40,1047951.15,3,4,5,3,3,149707.3071,15,2,0,3,Spiral,594.29,1322923.69
28,42,847585.45,5,1,2,1,2,30270.9089,2,5,1,1,V-Model,720.5,1069003.4
39,20,650160.5,2,5,4,1,1,16670.7821,4,1,1,1,Scrum,735.4,772962.51
63,30,1177310.81,3,3,3,2,1,18687.4732,6,2,1,2,Spiral,1978.65,1126094.17
9,2,1107929.38,5,2,4,3,3,123103.2644,12,5,0,1,Agile,13.61,163384.61
48,34,882521.16,5,3,4,2,2,18385.8575,8,1,1,3,V-Model,2174.31,1116112.96
42,19,1384167.66,1,5,4,3,2,32956.3729,12,1,0,2,Spiral,1221.71,1677355.38
34,2,1451462.52,1,2,4,1,1,42690.0741,4,1,1,3,Iterative,84.79,1263287.05
60,48,382453.85,5,2,1,3,1,6374.2308,3,1,0,3,SAFe,3271.52,522010.89
9,11,1309271.27,1,4,4,2,3,145474.5856,8,5,1,3,Spiral,112.24,1439643.34
42,40,1399675.35,2,4,4,1,4,33325.6036,4,1,0,1,Agile,1959.69,1905145.31
66,47,452490.48,3,1,4,1,1,6855.9164,4,4,1,1,V-Model,1529.27,528685.84
38,28,669195.94,5,1,4,1,1,17610.4195,4,1,0,1,Waterfall,929.35,793147.93
19,34,1399477.34,4,4,3,3,4,73656.7021,9,2,0,3,Spiral,978.2,1678999.64
18,30,772623.76,4,5,5,1,1,42923.5422,5,5,1,1,Scrum,276.35,974271.28
59,28,522327.87,5,3,5,1,4,8853.0147,5,3,1,1,V-Model,1600.94,690423.45
64,17,1498857.77,2,5,3,3,4,23419.6527,9,5,0,2,SAFe,1021.52,2175733.24
25,32,1265738.01,3,1,5,3,2,50629.5204,15,5,0,1,Spiral,785.52,1516834.44
8,39,707428.05,2,4,2,3,3,88428.5062,6,3,0,2,Scrum,281.17,871966.82
69,10,335576.16,3,5,2,3,3,4863.4226,6,2,1,3,SAFe,893.18,439825.43
63,41,1042083.22,1,5,4,2,2,16541.0035,8,4,0,2,SAFe,2369.54,1152775.1
64,14,1483415.93,2,5,1,1,4,23178.3739,1,4,0,3,SAFe,604.81,1533173.9
74,9,1222852.44,1,4,5,3,1,16525.033,15,4,0,1,Spiral,467.73,1422180.65
75,19,1334350.81,3,2,4,3,4,17791.3441,12,5,1,1,Spiral,1174.61,1586077.82
26,14,606054.47,4,4,1,3,4,23309.7873,3,1,1,3,Scrum,577.33,756060.8
73,29,580293.25,5,2,5,2,4,7949.2226,10,2,1,2,V-Model,2491.69,577106.51
37,6,700318.24,5,4,3,1,2,18927.52,3,1,1,2,V-Model,252.55,992140.55
29,19,298689.61,5,1,5,1,2,10299.6417,5,4,1,1,V-Model,350.88,379141.36
30,26,130196.54,2,4,1,2,4,4339.8847,2,3,0,2,Scrum,831.13,163385.2
75,27,1267047.4,4,3,2,3,2,16893.9653,6,2,1,1,Spiral,2357.76,1163002.46
23,47,490418.57,4,4,2,2,2,21322.5465,4,3,1,3,Scrum,851.45,632042.77
16,46,1032765.34,1,4,1,3,3,64547.8338,3,5,1,2,Iterative,632.46,1302436.73
33,9,1474873.26,3,2,2,2,2,44693.1291,4,4,0,2,Iterative,240.81,1793211.88
10,35,1005371.13,2,5,2,1,1,100537.113,2,4,0,1,Scrum,144.44,1165368.35
56,23,1469492.73,2,4,3,1,3,26240.9416,3,3,0,2,SAFe,1111.74,1809464.74
63,31,372084.31,3,5,1,2,1,5906.1002,2,3,1,2,SAFe,1457.08,430401.28
45,24,1020250.19,4,3,3,1,3,22672.2264,3,4,0,1,Waterfall,775.06,1258277.0
44,44,651766.79,2,4,1,2,1,14812.8816,2,4,1,2,Iterative,1031.7,848507.99
45,35,421488.77,5,5,3,2,2,9366.4171,6,4,1,3,V-Model,1312.3,505715.97
44,34,1209656.83,1,1,2,2,2,27492.2007,4,3,0,2,Iterative,1217.44,1306241.67
3,46,786948.69,1,3,3,3,3,262316.23,9,5,1,1,Spiral,112.95,914202.7
28,40,705894.61,3,4,3,2,1,25210.5218,6,3,0,1,Scrum,842.22,792694.66
69,26,254629.36,4,2,1,3,1,3690.2806,3,4,1,2,SAFe,1508.96,275843.88
33,25,1257412.94,3,1,2,1,3,38103.4224,2,4,0,1,Iterative,514.51,1559242.12
5,5,51383.73,1,4,2,1,1,10276.746,2,4,0,1,RAD,15.0,118125.0
2,28,1343368.89,2,3,3,1,2,671684.445,3,5,0,2,XP,42.1,752259.31
13,33,326799.35,3,5,4,2,4,25138.4115,8,1,0,2,Scrum,577.14,386874.2
18,29,1365536.09,3,3,3,1,2,75863.1161,3,2,1,1,V-Model,425.8,1678367.57
58,7,1389894.65,3,5,2,3,3,23963.7009,6,4,1,3,SAFe,483.78,1487708.15
46,44,1087250.0,3,5,2,1,4,23635.8696,2,3,0,2,Waterfall,1643.23,1300922.13
10,27,211964.86,2,4,3,2,1,21196.486,6,5,0,1,Iterative,133.09,256985.91
11,46,1034320.76,2,4,2,3,4,94029.16,6,1,0,3,Scrum,717.94,1225856.72
48,7,1337210.18,5,4,4,2,1,27858.5454,8,4,0,1,Scrum,259.6,1480909.97
12,24,214194.06,2,1,4,2,4,17849.505,8,4,0,3,Iterative,347.76,4781700.0
11,46,1078045.25,2,1,4,3,2,98004.1136,12,1,0,2,Spiral,768.02,1308534.31
78,25,61897.96,1,1,1,3,2,793.5636,3,4,0,3,SAFe,1518.8,67216.13
6,33,518913.4,4,4,2,1,1,86485.5667,2,5,0,1,Waterfall,96.06,564290.93
25,18,1052267.94,1,3,4,1,1,42090.7176,4,2,0,1,Scrum,425.65,1234701.38
71,37,1052837.44,4,4,2,3,1,14828.6963,6,2,1,3,SAFe,174.4,345156.09
9,45,633202.43,1,5,2,3,4,70355.8256,6,4,1,1,Scrum,371.21,767954.95
60,31,1257781.62,1,5,3,1,2,20963.027,3,2,0,3,SAFe,1974.84,1547732.35
63,36,1125692.77,4,1,5,1,3,17868.1392,5,1,0,1,Waterfall,2450.05,1249746.04
14,21,618349.41,4,3,2,2,1,44167.815,4,4,0,3,Waterfall,273.8,698186.01
23,42,344445.28,5,2,3,2,2,14975.8817,6,1,0,2,Waterfall,1308.64,407071.76
18,24,394118.81,4,1,3,1,3,21895.4894,3,3,1,1,V-Model,345.95,7027109.38
8,36,442455.67,2,1,4,3,4,55306.9588,12,1,0,1,Spiral,353.08,473109.47
35,28,24670.7,5,5,4,2,4,704.8771,8,1,0,3,Scrum,1546.52,30072.31
42,37,1073355.43,1,2,3,3,1,25556.0817,9,5,0,3,SAFe,2807.97,1951335.97
2,6,24319.19,4,4,2,1,2,12159.595,2,2,0,1,Kanban,7.92,50490.0
64,10,47300.18,2,5,1,3,1,739.0653,3,3,1,3,SAFe,587.02,63626.93
66,36,517957.6,1,5,3,2,1,7847.8424,6,2,1,2,SAFe,2239.27,643354.51
32,13,1319495.4,4,5,5,1,3,41234.2312,5,3,0,3,Waterfall,608.32,1524692.23
37,8,1317521.11,1,2,3,1,3,35608.6786,3,1,1,2,Iterative,341.76,1727994.38
77,37,1014474.75,5,5,2,3,2,13174.9968,6,2,1,2,Spiral,3466.7,1326450.49
31,22,1369090.04,4,2,3,2,3,44164.1948,6,5,0,1,Agile,526.51,1589516.77
22,4,1422538.67,1,2,4,3,2,64660.8486,12,5,0,2,Spiral,89.77,1541733.4
30,48,67478.01,3,2,5,2,3,2249.267,10,5,1,1,Spiral,1203.72,70580.05
42,31,1574486.44,3,1,3,3,1,37487.7724,9,2,1,2,Spiral,1559.03,1802957.21
31,36,1344860.01,1,3,2,3,2,43382.581,6,1,0,3,Scrum,1585.79,1633804.36
36,43,656114.38,4,5,2,3,1,18225.3994,6,2,1,1,Agile,1353.08,771664.98
41,44,1163749.58,1,4,4,3,3,28384.1361,12,2,0,1,Spiral,2052.69,1547537.27
64,35,1382468.33,3,2,1,1,2,21601.0677,1,2,1,2,SAFe,2013.72,1714701.89
30,48,808002.34,4,1,5,2,3,26933.4113,10,5,1,1,V-Model,1210.95,29516906.25
26,31,780288.15,5,5,5,2,4,30011.0827,10,5,1,1,V-Model,632.89,878706.3
30,7,1119841.06,1,1,4,2,1,37328.0353,8,4,1,2,Iterative,139.7,1146264.42
56,20,600118.75,3,1,2,2,3,10716.4062,4,5,0,3,SAFe,899.07,640323.44
5,5,38599.53,5,3,1,1,1,7719.906,1,5,0,1,Kanban,13.2,84150.0
36,39,650368.97,3,4,2,1,4,18065.8047,2,4,1,3,Scrum,759.78,809511.42
27,44,959216.91,3,5,2,1,1,35526.5522,2,3,0,1,Scrum,789.55,1193702.31
58,33,513977.11,5,1,5,3,1,8861.6743,15,4,1,3,Spiral,2328.61,606561.41
16,34,281877.57,2,5,5,1,2,17617.3481,5,4,0,2,Scrum,528.24,314964.69
54,21,700379.48,2,1,5,3,1,12969.9904,15,3,1,2,Spiral,1036.81,868407.65
18,35,1148430.18,2,4,5,1,3,63801.6767,5,4,1,2,Scrum,549.76,1328196.08
39,8,1388140.56,1,1,2,1,1,35593.3477,2,4,1,3,Iterative,211.55,1673452.04
52,23,278980.33,4,3,4,2,3,5365.0063,8,1,1,3,V-Model,1792.03,356312.86
15,32,508275.18,2,4,1,1,1,33885.012,1,1,1,3,Scrum,482.62,638787.51
41,5,521184.87,4,3,1,1,2,12711.8261,1,2,0,2,Waterfall,138.9,664590.58
33,3,939635.14,3,1,2,2,3,28473.7921,4,1,0,3,Iterative,154.49,1048189.08
28,37,1384659.17,4,4,1,2,2,49452.1132,2,2,1,1,Scrum,749.61,1388461.98
2,8,1401430.87,2,3,4,1,4,700715.435,4,4,0,1,XP,11.21,196212.84
8,19,14242.05,3,4,5,1,3,1780.2562,5,2,1,1,Scrum,191.58,16155.18
47,26,890575.03,4,3,5,1,2,18948.4049,5,1,0,2,Agile,1255.52,930144.41
38,39,1326985.71,4,3,4,1,3,34920.6766,4,2,1,2,Agile,1324.41,1815319.72
17,44,260753.58,3,1,3,1,2,15338.4459,3,1,1,2,Agile,764.67,321925.07
12,12,676094.12,3,3,1,1,4,56341.1767,1,3,0,1,Iterative,107.99,572492.37
41,46,868841.04,4,3,2,2,3,21191.2449,4,5,0,1,Waterfall,1207.14,1238950.63
78,8,642463.01,2,4,1,1,3,8236.7053,1,1,0,3,SAFe,703.85,774897.81
67,29,1003094.93,2,2,1,3,3,14971.5661,3,5,0,1,Iterative,1695.14,1076454.36
46,33,1302146.98,1,3,5,3,1,28307.543,15,1,1,2,Spiral,1903.34,1712067.26
59,43,839571.31,5,5,3,1,4,14230.0222,3,4,1,1,V-Model,1530.71,1190428.58
2,41,250356.44,3,2,2,3,4,125178.22,6,2,1,2,Agile,77.31,311789.41
66,24,1386838.47,1,2,3,1,2,21012.7041,3,4,1,1,Iterative,1198.7,1834734.27
28,15,1126290.12,1,2,5,1,2,40224.6471,5,4,0,1,Iterative,320.7,1379156.13
27,18,565218.33,1,3,2,2,1,20934.0122,4,5,1,1,Agile,283.61,707076.77
56,15,561737.58,2,1,2,2,1,10031.0282,4,1,0,3,SAFe,957.36,731183.41
77,41,1143520.09,4,2,2,3,1,14850.9103,6,1,0,3,SAFe,3738.27,1339414.99
3,28,370368.07,2,4,3,1,3,123456.0233,3,1,1,1,Scrum,78.86,472198.37
44,32,1467181.21,2,2,1,1,2,33345.0275,1,1,0,2,Iterative,1216.21,1822118.44
36,27,1383389.05,2,5,4,3,1,38427.4736,12,2,0,3,Spiral,1625.14,1815471.35
66,42,1037865.34,1,1,1,3,1,15725.2324,3,5,0,1,Iterative,1833.27,1381110.39
30,48,93826.37,1,5,4,2,4,3127.5457,8,2,0,3,Scrum,1682.44,119181.11
33,13,162606.78,5,4,4,1,3,4927.4782,4,5,0,3,Waterfall,415.75,192683.35
71,5,824828.42,5,2,5,3,1,11617.3017,15,5,1,1,Spiral,252.09,1100022.47
74,34,1469423.67,1,1,2,1,1,19857.0766,2,3,0,3,SAFe,2040.93,1782801.82
30,46,208549.56,3,2,1,3,1,6951.652,3,2,1,2,Agile,1531.7,255689.96
36,34,445570.3,4,5,3,3,3,12376.9528,9,5,0,2,Agile,1057.01,443030.81
71,5,1296625.78,1,4,2,2,2,18262.3349,4,5,0,2,SAFe,227.22,1679099.93
42,43,1316861.17,5,1,4,3,1,31353.8374,12,4,0,3,Spiral,2120.19,1469910.13
44,23,431885.74,5,1,3,2,4,9815.585,6,4,0,1,Waterfall,956.15,495500.66
24,25,381511.0,1,5,4,2,4,15896.2917,8,2,1,2,Spiral,772.32,417104.84
44,33,729286.87,1,2,4,3,1,16574.7016,12,1,0,3,Spiral,1720.44,883291.54
74,15,626352.25,1,4,3,1,4,8464.2196,3,2,1,2,SAFe,1272.4,792088.93
76,30,418016.25,4,1,1,3,4,5500.2138,3,5,0,3,SAFe,2152.53,566136.53
34,27,206987.35,1,1,4,2,3,6087.8632,8,3,0,1,Iterative,976.83,246527.05
5,6,878542.5,3,2,5,2,2,175708.5,10,4,0,1,Agile,26.13,493513.82
49,30,1192713.51,1,2,1,2,4,24341.092,2,5,0,3,Iterative,1412.78,1368004.61
25,36,1187735.86,2,5,4,1,1,47509.4344,4,2,0,1,Scrum,748.96,1307655.64
79,46,1522654.71,5,2,4,1,4,19274.1103,4,3,0,3,SAFe,4395.86,1685506.37
12,30,669762.66,2,5,3,3,1,55813.555,9,3,1,3,Spiral,347.11,719768.57
61,38,1399949.07,3,5,4,2,2,22949.9848,8,3,1,3,V-Model,416.99,945959.6
69,14,307017.21,3,4,3,1,4,4449.5248,3,3,1,1,Scrum,824.66,336966.71
27,8,328131.34,1,5,3,2,2,12153.0126,6,2,1,1,Spiral,214.65,425278.88
58,6,545999.57,1,4,2,2,3,9413.7857,4,2,0,3,SAFe,485.84,651068.83
14,21,356614.29,3,3,4,1,3,25472.4493,4,4,1,1,V-Model,205.65,365759.71
29,8,29066.0,1,4,5,2,2,1002.2759,10,1,1,2,Spiral,327.17,35841.88
41,29,500909.48,3,2,1,1,2,12217.3044,1,2,1,3,Scrum,1155.28,651207.78
38,15,1155318.33,1,1,2,2,1,30403.1139,4,2,1,3,Iterative,529.36,1297422.84
36,31,967760.12,4,1,4,1,4,26882.2256,4,3,0,1,Agile,1021.22,1224644.65
39,10,535211.35,5,4,5,3,1,13723.3679,15,1,1,3,Spiral,529.65,705358.29
69,17,1107209.99,3,4,3,2,1,16046.5216,6,5,0,2,SAFe,810.67,1404233.56
38,32,889906.49,3,3,2,2,4,23418.5918,4,3,0,2,Agile,1200.55,1002834.63
2,6,24892.9,4,4,2,1,2,12446.45,2,2,0,1,Kanban,7.92,50490.0
64,5,1178445.5,2,4,2,3,1,18413.2109,6,5,1,1,Scrum,204.43,1181128.87
20,40,439167.07,2,1,3,3,1,21958.3535,9,2,0,3,Spiral,1043.71,481975.94
19,28,262068.04,1,3,4,1,2,13793.0547,4,1,1,3,Iterative,594.3,324347.04
58,35,277776.8,3,1,1,3,2,4789.2552,3,3,0,2,SAFe,1770.12,334639.98
76,45,1215816.01,4,5,3,1,2,15997.5791,3,3,0,2,SAFe,2197.33,1406621.99
4,12,100176.45,2,5,4,2,1,25044.1125,8,4,0,1,XP,28.98,452812.5
68,4,1457470.72,3,3,4,1,2,21433.3929,4,5,1,2,SAFe,207.12,2075215.01
74,26,912213.83,1,3,1,1,3,12327.2139,1,4,0,1,SAFe,1198.81,1126584.43
26,48,1385572.99,2,4,4,3,1,53291.2688,12,1,0,3,Spiral,2010.42,1385566.4
43,30,172434.51,2,1,4,3,3,4010.1049,12,4,1,2,Spiral,1559.52,229787.95
49,46,1210236.18,5,4,2,2,4,24698.6976,4,2,1,2,V-Model,2953.44,1489490.39
53,37,657211.4,2,1,1,3,4,12400.2151,3,1,0,1,Agile,2218.42,718082.6
53,42,528322.65,4,3,5,3,3,9968.3519,15,4,1,3,Spiral,3690.03,561899.84
12,17,706922.58,5,5,1,2,4,58910.215,2,5,1,1,Agile,122.87,837830.0
29,39,969732.87,3,1,1,1,4,33439.0645,1,1,0,1,Iterative,963.25,1481602.36
41,37,259228.0,2,4,2,2,1,6322.6341,4,5,0,3,Scrum,906.54,275119.26
3,30,948224.34,1,5,2,2,4,316074.78,4,3,0,2,Scrum,92.27,1057899.38
33,34,135244.58,5,1,4,3,1,4098.3206,12,3,0,2,Spiral,962.43,179091.39
12,8,382258.14,1,4,2,3,3,31854.845,6,4,1,3,Scrum,98.98,521351.25
53,5,293359.18,4,5,5,1,1,5535.0789,5,3,0,3,SAFe,231.66,392617.14
5,5,48753.56,1,3,3,1,1,9750.712,3,3,0,1,RAD,15.0,118125.0
13,24,978360.28,2,3,5,1,2,75258.4831,5,2,1,2,Iterative,337.33,1314898.72
64,24,1272822.82,1,3,1,3,3,19887.8566,3,5,1,1,Iterative,1087.62,1607834.39
29,12,846504.91,5,3,5,1,1,29189.8245,5,3,1,3,V-Model,348.33,972274.47
52,41,1432706.11,5,5,1,2,1,27552.0406,2,2,1,1,RAD,97.69,971639.58
67,33,1459204.12,5,3,1,3,1,21779.166,3,1,1,1,Agile,2071.21,1736428.27
76,5,663961.95,4,2,5,2,2,8736.3414,10,5,0,1,SAFe,268.8,826533.08
8,9,123239.57,1,4,3,2,2,15404.9462,6,4,0,2,Scrum,71.41,1071150.0
51,17,1202343.59,5,5,5,1,2,23575.3645,5,3,0,2,SAFe,778.22,1413835.81
80,36,897590.34,1,4,5,3,4,11219.8792,15,4,1,3,Spiral,4292.86,1141623.68
34,12,753399.05,5,5,2,2,3,22158.7956,4,5,1,3,V-Model,381.75,861308.37
11,19,325241.93,3,3,5,3,3,29567.4482,15,3,1,3,Spiral,262.48,385092.65
23,45,983166.07,1,5,4,3,2,42746.3509,12,5,0,3,Spiral,1002.34,1166505.52
3,34,431641.52,4,5,4,3,3,143880.5067,12,1,0,3,Spiral,146.03,484519.03
61,22,830975.27,4,4,3,2,2,13622.5454,6,3,1,1,V-Model,1028.82,1047261.14
3,27,1338403.54,1,4,3,1,2,446134.5133,3,5,0,3,XP,53.22,490391.26
57,39,1322457.39,2,2,2,2,3,23201.0068,4,4,1,2,SAFe,1892.07,1638799.41
48,32,80123.34,3,5,4,2,3,1669.2362,8,2,0,2,Scrum,1656.07,91803.0
76,22,631753.13,5,5,3,3,2,8312.5412,9,1,0,1,SAFe,1601.07,699445.07
49,16,1130386.16,5,1,2,1,1,23069.1053,2,1,1,2,Waterfall,610.23,1296837.65
5,30,1486808.32,4,1,5,1,1,297361.664,5,3,0,1,Waterfall,99.83,1235754.23
47,6,241622.68,1,1,2,2,3,5140.9081,4,3,0,1,Iterative,215.6,302579.61
20,17,194121.65,5,3,3,3,4,9706.0825,9,3,0,2,Agile,442.9,222425.09
76,48,1216111.05,1,1,1,2,2,16001.4612,2,5,0,1,SAFe,2129.75,1528260.49
49,47,1491451.69,4,5,2,2,3,30437.7896,4,1,0,3,Scrum,875.78,646134.54
8,39,962466.31,2,1,3,1,3,120308.2888,3,2,1,3,Agile,415.05,1126481.76
66,11,804845.34,1,2,3,3,3,12194.6264,9,5,1,3,Spiral,946.38,900932.39
77,26,1340810.49,3,3,4,1,4,17413.1232,4,3,1,1,SAFe,1592.28,1689236.54
38,40,469410.89,5,1,5,1,3,12352.9182,5,2,1,2,V-Model,2040.15,589409.51
37,6,241221.85,3,1,2,1,4,6519.5095,2,2,0,1,Waterfall,171.03,331614.45
25,45,221330.09,1,1,1,1,2,8853.2036,1,3,1,3,Iterative,781.29,275724.01
10,41,1022691.57,2,5,2,3,4,102269.157,6,3,0,3,Scrum,495.12,1355422.0
19,27,908136.0,1,4,1,1,3,47796.6316,1,1,1,1,Iterative,448.4,1157751.7
21,43,71157.92,2,5,5,2,1,3388.4724,10,1,0,3,Scrum,1259.99,86426.96
27,36,345912.93,3,1,3,1,4,12811.59,3,2,1,2,Agile,1151.16,406672.55
70,46,672060.74,4,4,2,2,1,9600.8677,4,2,0,3,SAFe,2808.14,812618.55
7,40,411410.21,2,4,2,3,4,58772.8871,6,4,1,1,Scrum,182.94,371967.53
73,12,1154241.13,2,5,2,2,3,15811.5223,4,4,0,3,SAFe,809.55,1073722.85
74,43,994794.66,4,1,5,2,1,13443.1711,10,4,1,1,V-Model,2696.13,1219306.69
28,7,276278.88,2,1,3,3,2,9867.1029,9,2,1,2,Iterative,232.69,346192.82
55,6,630681.96,4,5,3,3,1,11466.9447,9,2,1,2,Scrum,392.25,715418.15
34,24,1358249.67,2,2,4,1,3,39948.5197,4,3,0,2,Iterative,758.12,1569525.0
52,7,480867.25,5,3,3,1,2,9247.4471,3,3,1,3,V-Model,390.48,527730.69
73,12,255661.26,3,2,1,3,2,3502.209,3,1,1,2,SAFe,1035.03,258964.31
48,26,1026403.66,2,3,4,2,2,21383.4096,8,1,0,1,Scrum,1515.63,1378938.87
52,22,670927.84,5,3,2,1,1,12902.4585,2,2,1,3,SAFe,879.51,971211.19
72,19,1493172.33,4,1,3,2,2,20738.5046,6,3,0,1,SAFe,1197.73,1555364.17
51,12,1064273.22,2,1,4,1,3,20868.1024,4,1,1,1,Iterative,758.55,1236121.49
23,4,1127087.6,4,4,1,2,4,49003.8087,2,4,1,2,RAD,73.92,738342.33
11,35,784518.76,4,4,5,1,3,71319.8873,5,5,0,2,Agile,333.66,1007558.74
18,7,673634.9,1,3,5,3,4,37424.1611,15,3,0,2,Spiral,174.87,768370.5
35,29,153604.57,5,3,1,1,3,4388.702,1,4,1,2,Waterfall,840.39,179545.27
49,44,1075887.59,5,3,1,2,3,21956.8896,2,4,0,1,Agile,1464.18,1442750.31
18,46,490285.69,3,2,1,3,1,27238.0939,3,2,1,2,Agile,902.83,627878.67
25,21,1203216.53,1,1,1,1,3,48128.6612,1,3,0,3,Iterative,532.88,1543455.51
28,13,1067959.09,2,5,1,3,2,38141.3961,3,4,1,3,Scrum,396.11,1188365.01
23,28,73670.42,1,1,1,3,2,3203.0617,3,1,0,2,Iterative,687.25,78732.78
61,15,678961.31,4,4,5,2,4,11130.5133,10,3,0,2,SAFe,916.56,691122.37
25,42,1270924.06,1,1,3,1,2,50836.9624,3,5,0,1,Iterative,652.37,1548637.35
72,47,1141620.55,5,5,3,1,3,15855.841,3,3,1,2,V-Model,68.29,730884.49
31,8,60902.19,1,5,3,2,2,1964.5868,6,4,0,1,Scrum,207.17,71513.02
39,9,37441.61,2,3,3,1,4,960.0413,3,1,0,1,Agile,311.84,45851.73
38,37,231098.21,3,5,4,1,3,6081.5318,4,3,0,1,Scrum,1459.15,251619.57
13,39,146621.81,1,2,1,1,3,11278.6008,1,5,1,1,Agile,283.52,157136.02
23,21,314031.35,3,4,1,1,2,13653.537,1,3,1,2,Agile,355.3,278979.19
26,30,256558.9,1,2,5,1,3,9867.65,5,2,0,3,Iterative,964.41,288374.32
54,8,275571.21,5,3,3,1,2,5103.1706,3,2,1,1,V-Model,417.4,333918.97
9,8,539439.19,1,5,5,1,3,59937.6878,5,3,1,3,Scrum,71.02,701290.93
28,17,1249191.93,3,2,3,2,4,44613.9975,6,4,0,2,Agile,545.12,1406444.88
80,2,359396.09,1,4,4,3,1,4492.4511,12,2,1,3,SAFe,215.68,461264.12
22,43,731110.43,5,5,4,3,3,33232.2923,12,4,0,1,Spiral,1345.7,808082.8
60,46,1320908.38,2,5,2,1,4,22015.1397,2,3,0,1,Agile,2398.19,1626405.88
70,43,362639.05,2,5,5,3,4,5180.5579,15,5,0,3,Spiral,4065.84,433883.76
68,28,797379.25,4,3,5,1,2,11726.1654,5,3,1,1,Agile,1395.8,803197.58
55,44,1006573.91,4,2,1,3,2,18301.3438,3,2,0,3,SAFe,2267.95,1092114.38
72,24,1056908.85,3,2,2,1,4,14679.2896,2,1,1,2,SAFe,1743.58,1315528.99
37,14,839926.56,2,2,3,1,2,22700.7178,3,1,0,2,Iterative,608.87,1018987.99
34,29,765366.91,4,5,2,2,2,22510.7915,4,5,1,1,V-Model,600.17,991281.89
58,44,649985.71,4,3,1,3,1,11206.6502,3,3,0,2,SAFe,2251.43,683121.31
14,27,703435.66,4,4,5,1,4,50245.4043,5,2,0,3,Waterfall,397.4,957786.43
68,12,1296126.07,3,1,1,2,3,19060.6775,2,1,0,2,SAFe,837.01,1704210.81
61,46,1060943.01,1,5,2,1,2,17392.5084,2,3,0,1,Scrum,1834.63,1367483.72
46,5,1412436.37,4,2,5,3,4,30705.1385,15,4,1,1,Spiral,251.17,1673237.79
8,3,78852.29,2,5,3,1,2,9856.5362,3,3,0,1,RAD,13.94,109777.5
24,23,130546.24,5,2,1,1,2,5439.4267,1,4,1,3,Waterfall,449.56,164205.84
74,20,908386.4,5,5,3,2,1,12275.4919,6,2,1,3,V-Model,1936.75,1045867.43
15,12,178983.93,4,2,3,2,2,11932.262,6,3,0,2,Agile,165.77,1906355.0
21,35,1299484.24,3,2,1,2,1,61880.2019,2,5,1,3,Iterative,596.87,1668958.62
44,2,1363205.24,1,4,3,1,2,30981.9373,3,2,1,2,RAD,92.88,1450668.86
34,38,599422.03,2,5,4,3,1,17630.0597,12,2,1,1,V-Model,1433.55,766995.89
61,43,99122.35,4,1,4,1,2,1624.9566,4,4,0,3,SAFe,1853.88,136527.83
70,30,1207448.15,3,4,5,2,4,17249.2593,10,5,1,3,SAFe,2390.85,60518390.62
3,41,667672.93,5,5,4,2,3,222557.6433,8,4,1,1,V-Model,113.55,790305.64
22,42,93911.82,1,1,3,2,2,4268.7191,6,1,1,3,Spiral,1380.26,117598.94
24,19,1125290.96,1,3,1,2,4,46887.1233,2,3,1,1,Iterative,401.75,1274759.05
10,43,1194785.89,4,5,4,3,1,119478.589,12,3,1,3,Spiral,445.41,1365822.97
30,18,785036.58,4,5,3,1,1,26167.886,3,2,1,2,Waterfall,456.46,996445.13
46,47,912385.28,3,5,5,3,1,19834.4626,15,1,1,2,Spiral,445.04,1476407.91
42,16,392687.22,4,2,4,2,1,9349.6957,8,5,0,3,Agile,474.48,503536.31
64,31,23475.49,5,3,4,1,3,366.8045,4,4,1,2,V-Model,1806.48,29069.19
4,26,250087.79,5,3,5,3,3,62521.9475,15,4,1,2,Spiral,124.91,291428.2
76,46,387306.24,4,3,3,1,4,5096.1347,3,5,1,1,SAFe,2073.72,517636.84
76,43,625594.37,1,3,3,2,3,8231.5049,6,3,1,3,Spiral,3706.3,797879.75
51,46,1052497.92,2,4,5,3,3,20637.2141,15,2,0,2,Spiral,3489.67,1239588.86
66,24,1161019.78,5,1,5,1,3,17591.2088,5,2,0,1,Waterfall,1947.64,1304889.19
11,13,1203274.83,4,4,5,2,1,109388.6209,10,2,0,1,Agile,125.87,1573318.72
14,12,984171.17,5,3,4,1,2,70297.9407,4,3,1,2,V-Model,185.3,1148357.86
14,33,1373234.01,2,1,3,3,4,98088.1436,9,2,1,2,Iterative,464.31,1634688.11
15,7,917061.82,4,2,1,3,4,61137.4547,3,3,0,3,Agile,91.75,523068.09
9,43,51353.45,2,4,3,3,4,5705.9389,9,5,1,2,Spiral,358.81,51236.62
74,30,1538297.42,3,1,5,1,4,20787.803,5,3,1,1,SAFe,2188.6,1764253.66
65,48,233552.02,2,3,4,2,2,3593.108,8,2,1,3,Spiral,4872.27,298367.18
53,2,1258438.04,5,5,1,3,1,23744.114,3,5,1,1,Iterative,71.7,762857.57
62,16,838267.38,4,4,3,2,1,13520.4416,6,4,1,2,V-Model,624.95,915273.17
63,19,672801.55,1,2,3,3,1,10679.3897,9,1,0,3,SAFe,1541.59,806890.93
10,24,1261962.05,4,3,2,3,1,126196.205,6,3,1,1,Agile,159.75,1503430.65
36,24,90267.04,4,2,5,2,1,2507.4178,10,3,1,2,V-Model,944.53,110331.79
27,5,875444.21,3,2,1,1,1,32423.8596,1,1,1,2,Agile,114.96,863167.12
49,40,1215833.68,5,4,1,3,1,24812.9322,3,5,0,2,Agile,1551.35,1353531.27
34,28,407286.41,5,2,4,1,3,11979.0121,4,2,0,1,Waterfall,1073.16,486477.18
55,26,395767.05,5,2,5,1,4,7195.7645,5,5,0,2,SAFe,1147.19,431953.56
18,38,1293632.68,2,5,4,3,2,71868.4822,12,1,1,2,Spiral,1052.85,1388647.02
23,6,983350.49,1,3,2,3,3,42754.3691,6,4,0,3,Scrum,142.62,936991.2
8,21,1363910.12,2,3,3,2,3,170488.765,6,4,1,1,Scrum,158.59,1418711.14
49,18,728431.32,2,3,4,2,3,14865.9453,8,1,0,1,Scrum,1151.73,822711.4
5,34,9840.43,5,4,4,2,1,1968.086,8,1,1,2,V-Model,170.72,11231.82
16,22,545707.35,1,5,5,2,3,34106.7094,10,2,1,3,V-Model,538.72,542469.38
74,35,324292.88,4,2,3,1,2,4382.3362,3,4,0,2,SAFe,2048.67,411645.52
49,2,1104095.06,5,3,2,3,4,22532.5522,6,5,1,3,Agile,77.77,536458.35
26,14,1051091.65,4,2,3,2,4,40426.6019,6,5,1,3,V-Model,372.19,1146174.19
35,24,806949.84,1,2,2,3,4,23055.7097,6,3,0,1,Iterative,802.95,903817.96
30,39,671962.84,4,3,4,2,1,22398.7613,8,3,0,2,Waterfall,1084.21,674878.74
66,20,194916.6,3,2,1,2,3,2953.2818,2,2,0,3,SAFe,1705.99,249906.05
15,12,184918.04,4,2,4,2,2,12327.8693,8,2,0,2,Agile,165.77,1906355.0
26,17,54155.07,4,5,4,2,4,2082.8873,8,4,0,1,Scrum,420.83,71585.61
80,48,1203952.24,3,5,1,1,2,15049.403,1,1,1,3,SAFe,3938.9,1779042.98
16,31,1326349.53,3,3,1,3,4,82896.8456,3,1,1,3,Scrum,692.48,1769043.06
56,31,24443.51,2,3,1,3,4,436.4912,3,5,0,3,SAFe,1800.76,26955.29
77,7,237406.18,5,5,4,2,3,3083.1971,8,1,1,2,V-Model,734.53,279338.29
36,29,1054256.07,5,4,1,3,2,29284.8908,3,3,0,2,Agile,1023.42,1403097.1
16,11,1166158.4,3,5,2,1,2,72884.9,2,2,1,3,Scrum,195.14,1152386.94
26,33,1281081.99,2,1,5,3,2,49272.3842,15,1,0,1,Spiral,1121.07,1585341.02
68,28,578251.34,3,5,5,3,2,8503.6962,15,3,1,2,Spiral,1886.75,799906.05
48,20,1474850.79,1,4,4,3,2,30726.0581,12,3,1,2,Spiral,1083.57,1842515.61
72,7,1141459.96,3,5,5,3,3,15853.6106,15,2,0,2,Spiral,936.03,1257462.28
13,30,1439286.49,5,2,3,3,4,110714.3454,9,4,0,1,Spiral,413.9,1441781.97
66,19,1537018.65,5,2,3,2,2,23288.1614,6,2,0,3,SAFe,1291.57,1576119.69
53,17,941056.92,2,1,3,1,1,17755.7909,3,1,1,3,SAFe,1001.79,1281461.59
5,42,1129587.63,5,4,1,2,3,225917.526,2,4,1,1,XP,128.76,1543887.18
77,21,798630.55,4,3,1,3,4,10371.8253,3,5,0,3,SAFe,1442.67,1013119.11
22,47,351611.57,5,2,4,3,1,15982.3441,12,4,0,3,Spiral,1103.62,429119.2
30,48,842297.21,5,1,5,2,3,28076.5737,10,4,1,1,V-Model,1210.95,29516906.25
47,40,97212.17,4,3,3,2,2,2068.344,6,3,0,2,Scrum,2136.32,100789.28
36,18,1315331.26,5,4,4,3,3,36536.9794,12,3,0,3,Spiral,814.89,1727114.49
61,2,405205.26,4,1,5,3,1,6642.7092,15,3,0,3,Spiral,165.25,464644.25
35,42,807988.17,1,2,4,1,3,23085.3763,4,3,1,3,Iterative,2100.25,854230.37
65,45,935525.43,1,1,5,3,1,14392.6989,15,2,0,3,Spiral,4933.38,1167467.61
48,35,397669.03,2,4,3,2,4,8284.7715,6,5,0,2,Iterative,1138.21,526820.49
78,31,1356863.14,5,4,3,3,2,17395.6813,9,1,1,1,Spiral,2564.06,1443126.02
56,46,1252125.6,3,1,2,2,1,22359.3857,4,3,0,1,Iterative,1885.81,1599447.31
75,17,794680.93,4,3,2,1,1,10595.7457,2,3,1,3,SAFe,946.52,943048.91
29,4,1195282.93,1,2,4,2,3,41216.6528,8,5,0,3,Iterative,95.49,1049072.62
78,39,80947.82,5,1,1,2,1,1037.7926,2,5,1,2,Scrum,1974.43,80659.09
36,26,1350890.9,1,5,5,3,2,37524.7472,15,2,0,1,Spiral,1002.12,1387576.42
24,29,1426382.56,1,3,1,3,4,59432.6067,3,3,0,1,Agile,514.1,1849565.89
26,28,415319.75,3,5,4,3,2,15973.8365,12,1,0,2,Spiral,924.84,484358.21
75,46,488074.89,2,1,4,1,2,6507.6652,4,3,1,3,SAFe,3575.76,547953.06
70,32,1137725.49,4,2,3,2,2,16253.2213,6,3,1,1,SAFe,1495.78,1332458.16
79,25,1270110.54,2,4,2,2,2,16077.3486,4,5,1,1,SAFe,1318.24,1723616.55
38,3,1375819.82,5,1,4,1,2,36205.7847,4,5,1,2,V-Model,81.7,1533809.55
43,37,636678.92,1,3,5,2,4,14806.4865,10,2,1,1,Spiral,2234.13,705130.64
55,42,799142.6,2,1,4,3,1,14529.8655,12,2,1,3,Spiral,2862.57,968333.71
16,12,1498900.74,5,3,2,3,3,93681.2962,6,1,1,3,Scrum,286.91,1794592.11
49,31,263393.0,1,5,4,2,4,5375.3673,8,2,0,1,Scrum,1832.16,323033.14
22,29,1404672.09,4,5,4,1,4,63848.7314,4,3,0,3,Waterfall,626.83,1754660.88
63,1,304936.09,3,3,5,1,4,4840.2554,5,3,1,1,Agile,51.18,392922.1
51,4,661450.02,2,2,3,2,2,12969.6082,6,3,1,3,SAFe,177.67,632552.2
16,21,85280.19,1,4,3,2,2,5330.0119,6,4,1,3,Spiral,314.28,114776.59
54,36,356364.11,2,1,1,3,3,6599.3354,3,5,1,1,Agile,1388.11,431522.13
64,11,371761.21,1,1,1,3,1,5808.7689,3,2,0,3,SAFe,895.22,457742.84
42,5,1144691.85,1,5,3,2,2,27254.5679,6,4,1,3,Spiral,167.15,1354211.35
15,36,901829.54,3,5,3,2,3,60121.9693,6,4,1,1,Scrum,518.62,1024268.45
63,45,392954.51,5,1,1,3,4,6237.3732,3,2,0,3,SAFe,3269.24,543637.54
65,28,1182885.65,1,1,1,3,1,18198.2408,3,1,0,2,SAFe,1868.21,1402492.0
60,24,1088520.31,3,4,3,2,1,18142.0052,6,4,0,3,SAFe,1184.04,15984540.0
2,47,919203.85,1,1,2,2,4,459601.925,4,1,0,3,Iterative,127.87,677433.77
5,44,29518.72,4,4,3,2,4,5903.744,6,4,1,2,XP,160.25,35398.95
7,15,912394.47,3,2,2,3,2,130342.0671,6,5,1,3,Agile,79.73,566738.15
19,45,77838.68,3,4,4,3,4,4096.7726,12,1,1,3,Spiral,1499.57,98549.43
80,28,758211.17,2,1,5,2,2,9477.6396,10,2,1,1,Spiral,2906.15,877490.78
41,40,1192083.16,1,4,1,3,3,29075.199,3,5,1,3,Scrum,1563.77,1462015.7
10,6,280176.06,4,1,3,3,4,28017.606,9,4,1,1,Spiral,53.71,371201.48
2,22,1145165.69,3,5,1,1,1,572582.845,1,1,0,2,Scrum,42.45,404451.97
30,31,802641.55,4,3,4,2,4,26754.7183,8,1,1,3,Spiral,1522.24,995227.94
38,45,791313.58,1,2,4,3,3,20824.0416,12,2,1,1,Spiral,2165.37,939374.35
49,43,524394.98,2,1,4,1,4,10701.9384,4,4,0,1,Iterative,1629.8,630881.92
12,42,248474.05,4,4,3,3,3,20706.1708,9,3,0,3,Scrum,766.29,314244.31
80,21,463119.36,4,1,2,1,1,5788.992,2,4,1,3,SAFe,1238.55,585082.28
3,37,727319.94,5,2,3,2,2,242439.98,6,2,1,1,Waterfall,95.33,879308.63
78,7,928746.09,3,5,1,1,3,11907.0012,1,3,1,2,SAFe,415.69,1010203.03
40,18,56414.17,5,5,1,1,3,1410.3542,1,4,1,3,Waterfall,564.8,69177.57
75,5,438945.25,4,3,5,1,1,5852.6033,5,3,1,3,V-Model,357.81,574783.05
58,24,1392648.18,2,4,5,1,4,24011.1755,5,5,0,1,Scrum,924.9,1683847.21
40,44,709816.48,1,4,3,1,2,17745.412,3,5,0,3,Scrum,1161.09,871387.17
53,35,1463817.29,4,3,1,1,1,27619.1942,1,1,0,2,SAFe,1442.96,1725204.11
71,26,96959.69,4,5,3,2,4,1365.6294,6,5,1,2,SAFe,1291.26,102547.11
79,25,1515411.52,3,4,3,1,4,19182.4243,3,4,0,1,SAFe,1529.16,1641860.93
5,20,360598.1,1,3,1,2,1,72119.62,2,1,1,1,Iterative,81.66,457451.32
60,10,1149563.48,4,5,3,3,1,19159.3913,9,3,1,1,XP,489.33,1412681.98
29,26,84555.03,5,3,1,2,2,2915.6907,2,1,1,1,Agile,744.07,103986.12
21,41,1337092.47,4,4,3,2,1,63671.07,6,3,0,1,Agile,610.44,1393279.74
39,16,1205381.09,2,3,3,3,3,30907.2074,9,2,1,2,Scrum,722.89,1231020.79
17,14,174959.69,1,4,4,2,2,10291.7465,8,2,0,2,Scrum,287.67,277559.2
40,45,600954.6,2,3,5,2,2,15023.865,10,5,1,3,Spiral,1694.04,702953.12
8,44,747856.77,4,5,3,1,1,93482.0962,3,3,0,1,Scrum,229.43,933723.93
4,4,29534.54,5,3,1,1,1,7383.635,1,4,0,1,Kanban,7.74,32895.0
71,42,1398601.32,2,5,5,3,1,19698.6101,15,4,1,1,Spiral,2561.81,1403744.48
43,29,928613.21,5,5,1,3,2,21595.656,3,1,1,2,Agile,1532.85,992337.36
62,20,197822.0,1,5,2,1,2,3190.6774,2,2,0,3,SAFe,1041.66,213569.18
29,34,240267.53,5,2,5,3,4,8285.0872,15,1,0,2,Spiral,1610.63,274149.05
16,26,1144757.14,4,2,1,3,2,71547.3212,3,2,0,3,Agile,606.76,1370773.6
34,8,682422.39,4,3,4,3,4,20071.2468,12,3,1,1,Agile,247.46,660033.14
51,40,417892.03,3,5,1,1,1,8193.9614,1,1,1,1,Waterfall,1542.16,547072.35
22,15,1485733.12,4,2,2,2,3,67533.3236,4,3,1,1,V-Model,367.73,1960590.01
70,35,1335541.87,1,3,2,1,3,19079.1696,2,4,1,2,SAFe,1763.07,1724576.58
4,45,154033.4,4,1,1,1,2,38508.35,1,4,0,1,Waterfall,102.18,189820.74
21,31,345036.43,4,5,1,2,3,16430.3062,2,5,0,1,Agile,469.24,401697.4
22,17,1512177.81,5,2,2,3,1,68735.355,6,1,0,1,Agile,359.62,1751648.55
77,4,1447198.98,5,4,4,1,3,18794.7919,4,2,0,3,SAFe,431.8,1662649.89
23,47,1048919.11,4,5,1,3,1,45605.1787,3,1,1,2,Scrum,1150.97,1033411.67
32,47,344725.84,2,1,1,3,4,10772.6825,3,1,1,1,Agile,1749.57,383024.75
68,13,814160.31,3,2,4,2,2,11972.9457,8,4,1,2,Spiral,785.1,1025473.64
54,26,994270.72,1,3,2,2,3,18412.4207,4,2,1,1,Scrum,1472.31,1077487.48
37,18,240765.0,2,3,3,1,2,6507.1622,3,4,1,3,Scrum,687.09,310806.85
14,10,56848.42,2,5,4,2,2,4060.6014,8,2,0,2,Scrum,180.72,62512.06
3,44,1082598.33,5,2,4,2,3,360866.11,8,4,0,1,Waterfall,121.47,1211414.66
14,9,71707.2,5,3,4,1,2,5121.9429,4,4,0,1,Waterfall,92.25,97182.6
57,3,197331.29,2,4,3,2,1,3461.9525,6,3,0,2,SAFe,132.71,262145.34
16,12,1213071.11,2,4,4,3,3,75816.9444,12,2,0,3,Scrum,291.43,1637648.64
37,32,544262.11,4,3,4,3,3,14709.7868,12,2,1,1,Spiral,1588.47,608964.98
11,45,995586.92,4,5,1,1,4,90507.9018,1,1,1,2,XP,452.93,1110009.48
76,32,876566.07,3,5,5,1,4,11533.7641,5,4,1,3,SAFe,2423.0,1187424.22
70,9,1457507.45,5,5,3,3,2,20821.535,9,4,0,1,Spiral,659.94,1869600.99
33,40,1257771.51,3,1,3,3,3,38114.2882,9,4,1,1,Iterative,1172.08,1445468.27
3,33,118011.97,4,5,2,3,2,39337.3233,6,2,0,2,Scrum,123.64,132695.77
8,33,631039.35,1,1,2,2,3,78879.9188,4,3,0,1,Iterative,234.43,754374.04
26,45,1212516.17,2,1,2,1,3,46635.2373,2,2,1,3,Iterative,1524.35,1480010.35
65,20,693370.6,2,4,2,3,3,10667.24,6,1,1,3,SAFe,1938.38,865084.26
62,25,397418.01,3,5,2,1,3,6409.9679,2,4,1,2,SAFe,1095.52,459212.65
74,24,35650.91,3,2,3,2,3,481.7691,6,3,0,2,SAFe,2153.51,42227.86
22,25,38796.89,4,1,4,2,3,1763.495,8,1,1,3,V-Model,813.56,43461.51
74,48,1121866.88,4,3,4,2,4,15160.3632,8,4,0,2,SAFe,3953.71,1384366.31
58,38,177573.92,1,3,5,2,2,3061.6193,10,1,0,1,Iterative,2577.79,198556.58
46,15,872188.72,3,5,2,2,1,18960.6243,4,3,1,3,Scrum,502.98,867186.42
24,24,425327.74,1,5,2,3,3,17721.9892,6,4,1,3,Scrum,539.89,498816.88
15,24,308737.65,4,1,2,1,1,20582.51,2,3,0,1,Waterfall,216.0,1620000.0
20,30,503079.93,4,3,4,3,3,25153.9965,12,3,1,1,Spiral,669.24,18194962.5
64,8,171423.3,4,4,5,1,2,2678.4891,5,4,1,1,V-Model,408.47,218879.75
50,42,27737.47,4,5,5,2,3,554.7494,10,1,1,2,V-Model,3599.51,31055.69
35,21,631825.43,1,5,5,3,3,18052.1551,15,2,0,1,Spiral,857.6,772738.12
29,8,341615.68,3,3,1,2,3,11779.851,2,3,1,3,Agile,211.74,422283.72
19,38,1465239.76,1,3,1,3,1,77117.8821,3,5,0,3,Scrum,584.35,1849211.08
6,15,329345.62,4,2,2,1,1,54890.9367,2,3,1,1,Waterfall,43.97,230140.45
80,16,526530.42,5,2,2,2,2,6581.6302,4,4,1,3,V-Model,1302.7,625356.76
57,45,1066652.62,4,4,4,1,3,18713.2039,4,5,0,1,Agile,1710.73,1335283.35
63,20,498019.83,3,5,1,2,3,7905.0767,2,2,1,3,SAFe,1692.69,605145.12
25,36,778329.74,4,2,2,1,3,31133.1896,2,3,1,1,Waterfall,760.5,9506250.0
79,40,1313497.82,2,5,2,1,1,16626.5547,2,2,1,2,SAFe,2945.0,1595057.54
12,25,538526.32,5,2,5,1,1,44877.1933,5,4,1,2,Waterfall,197.51,593227.57
25,36,748753.66,4,1,4,3,3,29950.1464,12,5,1,1,Spiral,798.53,18091695.31
50,13,393336.86,5,1,1,2,1,7866.7372,2,2,1,2,SAFe,585.42,470405.88
4,4,30490.86,3,3,1,1,1,7622.715,1,5,0,1,Kanban,7.74,32895.0
73,36,323241.05,4,2,4,1,1,4427.9596,4,5,1,2,SAFe,1410.47,393724.57
3,3,19533.22,4,4,1,1,1,6511.0733,1,3,0,1,Kanban,5.4,34425.0
37,10,1029737.63,3,1,5,2,3,27830.7468,10,1,0,3,Agile,629.01,1237753.76
7,31,1479266.55,4,5,4,2,4,211323.7929,8,1,1,3,V-Model,376.59,1553532.04
61,43,448716.8,1,5,4,3,3,7356.0131,12,4,1,3,Spiral,3324.49,549807.84
8,3,78725.04,3,4,1,1,2,9840.63,1,3,0,1,RAD,13.94,109777.5
35,23,608008.2,5,1,1,1,1,17371.6629,1,2,0,1,Waterfall,576.18,708100.31
58,25,732033.95,5,2,2,2,1,12621.275,4,1,1,3,SAFe,1548.88,763334.06
64,14,612890.59,3,1,4,2,4,9576.4155,8,1,0,2,SAFe,1127.11,747190.01
26,48,86352.85,4,5,4,3,1,3321.2635,12,2,1,2,Spiral,1184.23,91147.38
23,10,588383.67,2,3,5,2,2,25581.8987,10,3,0,1,Agile,255.8,625386.03
18,6,1451490.99,1,5,4,2,1,80638.3883,8,3,1,3,Spiral,97.02,1795071.36
41,47,380574.42,4,1,1,2,1,9282.3029,2,5,0,1,Agile,1052.48,421455.23
70,8,85849.46,5,3,2,3,1,1226.4209,6,5,1,3,SAFe,422.83,114778.78
34,8,532394.35,1,5,1,3,1,15658.6574,3,3,1,1,Scrum,186.3,593531.29
79,12,1252685.12,4,4,5,1,4,15856.7737,5,3,0,2,SAFe,1112.94,1403108.14
14,46,1230432.29,4,1,1,2,4,87888.0207,2,4,0,1,Agile,462.32,1487964.98
17,22,1416846.39,3,4,4,3,3,83343.9053,12,3,1,1,Spiral,469.8,1524627.33
29,2,1034495.86,1,2,1,2,1,35672.271,2,2,1,1,RAD,39.83,377406.18
41,36,291240.72,3,5,4,1,4,7103.4322,4,3,1,3,Scrum,1405.82,329416.8
15,33,1433886.06,5,2,5,2,3,95592.404,10,5,1,1,V-Model,383.97,1898198.77
56,12,657487.96,2,3,1,2,1,11740.8564,2,5,0,1,Agile,326.69,799927.07
5,12,1323510.13,1,2,5,3,4,264702.026,15,4,1,3,Spiral,61.79,1462626.22
71,7,1097340.53,2,3,3,2,1,15455.5004,6,3,1,2,SAFe,431.66,1193270.82
12,16,36337.35,2,3,1,2,2,3028.1125,2,4,0,3,Scrum,171.67,46197.45
43,36,335120.98,5,4,3,2,1,7793.5112,6,5,1,1,V-Model,897.15,356388.64
30,36,215898.58,3,2,3,2,1,7196.6193,6,2,0,1,Agile,1158.65,252205.92
47,8,1460816.19,4,5,4,3,2,31081.1955,12,2,1,2,Spiral,472.53,1591057.15
75,32,544358.94,3,5,4,2,2,7258.1192,8,1,0,2,SAFe,3227.83,685507.13
78,10,287180.17,4,5,1,2,3,3681.7971,2,3,1,2,SAFe,592.74,348224.99
80,5,541944.99,2,2,3,3,2,6774.3124,9,5,1,3,SAFe,368.28,629752.31
37,30,589386.11,1,2,5,1,3,15929.3543,5,1,0,2,Iterative,1559.89,693613.3
65,43,296871.26,4,1,1,1,3,4567.2502,1,5,1,2,SAFe,1689.24,378622.24
79,31,843410.21,4,3,2,1,1,10676.0786,2,3,0,1,SAFe,1621.77,979700.18
24,45,835819.88,2,3,4,3,1,34825.8283,12,2,0,2,Spiral,1134.95,1087598.74
26,42,854738.39,3,4,3,3,2,32874.5535,9,5,0,2,Spiral,859.75,1057056.64
68,29,667764.6,2,1,5,2,4,9820.0676,10,1,1,2,Spiral,3124.3,719096.42
80,46,65250.34,2,1,4,3,4,815.6292,12,1,0,1,Spiral,4378.7,80151.99
57,11,1093783.93,1,1,1,2,2,19189.1918,2,5,0,1,Iterative,361.68,1329329.34
31,31,556495.86,2,2,3,2,1,17951.4794,6,1,1,2,Spiral,1089.82,699524.64
17,28,580577.4,3,3,1,3,4,34151.6118,3,1,1,3,Scrum,747.36,701575.86
62,32,1390517.78,1,1,1,3,4,22427.7061,3,2,1,1,Iterative,1917.16,1675698.85
32,11,919910.26,2,4,5,1,4,28747.1956,5,1,0,1,Scrum,432.07,1086765.67
26,25,969107.61,2,1,5,3,3,37273.3696,15,1,0,3,Spiral,1219.59,1284162.7
64,3,980085.68,3,5,3,3,4,15313.8388,9,4,1,1,Spiral,197.59,1184562.87
3,24,1212640.35,4,5,3,1,2,404213.45,3,4,0,1,Waterfall,49.89,413619.33
34,8,1097949.92,5,3,4,2,4,32292.6447,8,1,0,1,Agile,295.91,1023049.51
10,25,67194.05,1,2,5,1,3,6719.405,5,1,1,1,Iterative,303.55,93661.9
30,6,354833.2,1,3,4,2,2,11827.7733,8,4,0,3,Scrum,192.43,401087.45
44,40,490115.54,5,3,2,2,3,11138.9895,4,2,1,2,Agile,1886.34,637198.45
42,41,592861.06,2,4,4,2,3,14115.7395,8,2,0,2,Scrum,1888.83,613531.16
12,22,826312.74,3,3,4,1,1,68859.395,4,4,0,1,Agile,130.38,1076069.4
78,37,973529.54,4,5,2,3,2,12481.1479,6,5,1,3,SAFe,2388.18,1314073.53
77,37,887478.1,3,2,5,3,1,11525.6896,15,2,1,2,Spiral,3145.59,1259515.55
22,47,1401174.5,3,1,3,1,2,63689.75,3,2,0,1,Iterative,963.05,1561508.3
73,1,436759.78,5,1,1,1,4,5983.0107,1,2,0,2,SAFe,63.65,458169.9
68,17,1232204.42,1,3,3,1,1,18120.6532,3,3,0,2,SAFe,741.72,1381849.06
22,25,387878.17,5,5,4,3,2,17630.8259,12,2,1,2,Spiral,745.07,472251.3
13,18,1197654.46,3,1,4,1,2,92127.2662,4,1,1,3,Agile,284.2,1215216.21
57,37,1210920.14,4,5,1,1,2,21244.213,1,5,1,1,Waterfall,815.13,1309304.62
28,32,609653.54,5,4,2,2,2,21773.3407,4,1,1,1,V-Model,948.29,680083.86
6,42,222127.83,1,1,3,1,4,37021.305,3,3,1,1,Iterative,208.14,237266.04
31,21,1058307.01,2,5,3,1,3,34138.9358,3,4,1,1,Scrum,455.06,1265108.67
56,13,268329.43,2,2,5,1,4,4791.597,5,5,0,1,Agile,411.6,325144.51
8,20,122234.17,1,2,2,2,4,15279.2712,4,2,0,2,Iterative,160.74,1768140.0
46,48,1138202.67,4,1,4,3,4,24743.5363,12,2,0,2,Spiral,3392.53,1444025.69
48,37,381236.6,2,1,4,2,2,7942.4292,8,5,0,2,Iterative,1617.73,496527.05
72,39,197769.62,3,5,2,3,2,2746.8003,6,3,1,1,SAFe,2816.56,221867.89
41,29,1341304.15,1,3,5,1,3,32714.7354,5,3,1,1,Agile,1020.6,1498981.07
8,20,1106736.81,3,3,5,2,3,138342.1012,10,3,0,1,Agile,152.16,1309270.13
70,19,809909.16,5,4,1,1,3,11570.1309,1,2,0,1,SAFe,1199.8,1017577.3
54,1,1276850.08,4,4,3,3,1,23645.3719,9,1,1,3,SAFe,63.55,986303.68
17,32,636637.05,5,2,5,3,3,37449.2382,15,1,1,1,Spiral,798.57,757295.21
45,14,246306.88,1,5,5,1,2,5473.4862,5,5,1,1,Scrum,388.77,340924.81
48,28,968232.97,1,3,4,1,4,20171.5202,4,4,0,2,Agile,1333.7,1228793.97
5,27,128438.31,5,4,2,1,3,25687.662,2,2,0,2,Waterfall,143.51,163109.74
44,22,1035360.75,1,1,5,2,3,23530.9261,10,4,0,2,Iterative,1223.02,1219719.5
31,28,1099204.36,2,5,1,2,2,35458.2052,2,1,1,3,Scrum,1024.79,1315478.81
65,14,1264025.5,2,3,5,2,4,19446.5462,10,4,0,3,SAFe,1199.64,1623414.83
18,35,1447145.2,4,5,1,1,3,80396.9556,1,5,0,3,Scrum,449.11,1905806.9
29,23,1066700.01,5,5,3,2,3,36782.759,6,5,0,3,Scrum,690.26,1285166.68
14,48,1167686.64,3,2,4,2,3,83406.1886,8,4,1,1,V-Model,687.09,1409983.02
80,4,24219.43,2,2,4,3,3,302.7429,12,2,1,2,Spiral,620.2,22811.98
63,17,1209618.11,1,4,5,2,2,19200.2875,10,5,1,2,Spiral,781.15,1427859.21
14,39,519859.27,4,1,5,1,1,37132.805,5,4,1,3,V-Model,402.63,625558.04
54,8,30415.26,5,5,4,3,1,563.2456,12,3,1,2,Spiral,449.92,36446.54
40,38,717066.0,5,5,5,3,3,17926.65,15,2,1,3,Spiral,2552.69,862546.01
7,42,673381.68,3,3,3,1,1,96197.3829,3,1,0,2,Waterfall,228.82,849330.94
15,7,666827.36,1,4,1,1,2,44455.1573,1,3,0,1,Scrum,72.95,630263.92
77,30,474788.67,2,2,5,1,3,6166.0866,5,2,0,1,SAFe,2883.29,544234.25
75,2,1141592.44,2,4,4,3,3,15221.2325,12,4,1,3,SAFe,197.04,1436423.98
25,24,803216.23,1,3,2,2,3,32128.6492,4,1,0,1,Iterative,550.29,999601.03
31,34,128895.69,3,1,3,1,1,4157.9255,3,3,1,2,V-Model,662.51,138700.72
76,29,850575.9,5,3,3,3,1,11191.7882,9,2,1,1,SAFe,1557.01,1090628.36
45,23,849437.06,1,2,3,1,2,18876.3791,3,3,1,2,Iterative,616.61,1001343.95
22,44,36949.99,4,3,3,3,4,1679.545,9,5,1,1,Agile,660.75,39826.82
37,32,453146.38,3,1,1,2,1,12247.1995,2,5,0,2,Iterative,713.02,520639.46
26,40,459857.67,5,4,3,1,4,17686.8335,3,1,0,3,Waterfall,1149.49,554909.13
52,43,878355.15,5,5,2,2,4,16891.4452,4,4,0,3,Scrum,1494.74,1973011.81
46,1,616603.24,3,1,1,1,4,13404.4183,1,5,1,3,Iterative,30.21,236740.56
59,11,94028.18,4,5,3,2,4,1593.698,6,2,1,1,V-Model,763.58,90577.35
27,17,610540.13,5,1,2,3,2,22612.5974,6,2,1,2,Agile,528.38,789880.88
30,6,170723.12,3,4,1,3,2,5690.7707,3,3,1,2,Scrum,140.01,209180.63
65,30,1085660.29,3,2,3,3,1,16702.466,9,3,0,3,SAFe,1984.51,1096322.22
66,13,608824.79,2,1,2,2,1,9224.618,4,3,0,1,Agile,552.1,725548.97
73,42,818079.57,1,4,4,3,3,11206.5695,12,4,1,1,Spiral,2846.35,1143282.78
6,11,1129368.3,2,5,4,3,2,188228.05,12,4,0,3,Spiral,81.46,1434091.43
55,23,1241078.84,3,3,1,3,1,22565.0698,3,1,1,3,SAFe,1497.48,1528436.33
20,13,477296.47,5,2,2,3,3,23864.8235,6,2,1,2,Agile,326.68,625006.16
10,30,422489.56,4,3,3,1,4,42248.956,3,3,0,1,Waterfall,316.75,445398.27
52,29,390105.62,5,3,1,3,4,7502.0312,3,1,1,2,SAFe,1915.4,494596.09
20,45,447471.08,3,3,1,3,1,22373.554,3,4,0,3,Scrum,715.09,503430.27
6,2,1288241.9,3,4,5,2,3,214706.9833,10,1,0,1,RAD,17.83,271826.77
27,38,992581.51,4,3,3,2,1,36762.2781,6,3,1,2,V-Model,893.97,1239922.37
24,39,1485176.38,3,3,2,2,1,61882.3492,4,5,0,3,Scrum,518.31,1924572.82
70,23,940384.41,1,4,5,1,1,13434.063,5,2,0,1,SAFe,1343.28,939478.12
64,7,1316013.84,3,2,3,2,4,20562.7162,6,4,0,3,SAFe,411.11,1630877.76
69,42,665890.62,5,1,1,1,2,9650.5887,1,1,0,2,SAFe,2623.85,844081.69
40,31,754061.26,4,3,3,1,1,18851.5315,3,4,1,1,Agile,672.69,1046228.28
58,20,441169.46,1,5,3,2,1,7606.37,6,4,1,2,Spiral,925.9,552348.67
50,37,398986.69,2,2,5,1,1,7979.7338,5,2,0,3,SAFe,2162.97,569013.97
45,16,1492530.88,4,5,4,2,3,33167.3529,8,5,0,2,Scrum,594.97,1603249.83
78,29,160581.63,2,5,1,1,4,2058.7388,1,3,1,2,SAFe,1667.64,204360.78
80,36,1474534.71,1,5,2,3,4,18431.6839,6,3,0,1,SAFe,2694.23,1546455.71
80,3,888997.72,5,3,1,3,3,11112.4715,3,4,1,2,SAFe,232.39,1071353.69
24,30,360108.55,2,2,1,2,1,15004.5229,2,1,0,3,Scrum,643.51,371442.68
34,1,581799.1,3,1,5,1,3,17111.7382,5,1,1,2,Iterative,43.92,695455.13
52,7,1206238.8,3,5,5,2,4,23196.9,10,2,0,3,SAFe,576.42,1361603.67
49,12,572750.97,3,2,4,2,2,11688.7953,8,4,0,2,Agile,458.86,589862.65
4,48,404364.23,1,5,5,1,4,101091.0575,5,4,0,2,Scrum,201.46,457399.83
4,28,701634.27,1,2,5,1,3,175408.5675,5,2,1,2,Iterative,149.37,862691.33
80,24,278060.07,1,4,5,2,3,3475.7509,10,2,0,1,SAFe,2636.88,329668.8
78,30,1496390.33,5,2,1,3,3,19184.4914,3,1,0,1,SAFe,3157.29,1905495.56
18,42,236374.88,1,3,2,3,4,13131.9378,6,1,1,1,Scrum,839.82,262239.54
11,23,888342.28,3,5,4,3,4,80758.3891,12,4,1,3,Spiral,288.79,1031789.26
22,21,1146435.07,2,4,1,3,1,52110.685,3,4,0,3,Scrum,309.62,1326368.21
40,29,646521.77,2,3,2,2,2,16163.0442,4,1,0,2,Agile,1248.98,700037.97
44,35,17372.5,1,2,1,3,3,394.8295,3,5,1,2,Iterative,1429.15,20885.76
67,35,682047.63,2,3,2,2,2,10179.8154,4,1,1,3,SAFe,2590.34,801027.14
8,32,491104.69,5,5,5,3,1,61388.0862,15,5,0,1,Spiral,180.51,633027.61
15,31,726750.5,2,2,4,3,4,48450.0333,12,1,0,2,Spiral,785.63,823598.25
3,4,105757.77,3,2,2,1,1,35252.59,2,1,0,1,Agile,9.89,127336.55
28,11,610928.51,3,2,4,3,2,21818.8754,12,4,1,3,Spiral,308.43,612591.91
11,27,365186.32,4,5,4,3,2,33198.7564,12,2,0,2,Spiral,329.8,396640.78
54,22,123674.93,5,2,2,1,3,2290.2765,2,5,1,3,SAFe,831.32,130695.41
63,29,57334.83,1,4,5,2,2,910.0767,10,5,0,2,SAFe,1494.01,63726.11
29,45,463305.12,1,3,2,2,1,15976.0386,4,3,0,3,Scrum,1093.06,509125.4
69,43,226296.55,2,5,4,2,1,3279.6601,8,3,1,3,Spiral,2835.28,278247.28
76,32,309007.65,4,5,1,2,2,4065.8901,2,4,1,3,SAFe,1875.07,310327.67
70,42,910286.81,3,1,4,3,1,13004.0973,12,2,1,1,Spiral,3168.79,976195.51
38,17,556725.52,2,2,4,2,1,14650.6716,8,5,1,2,Spiral,509.76,679127.02
73,46,504968.48,1,4,2,3,1,6917.3764,6,3,1,3,SAFe,2819.78,592470.41
42,16,777187.97,4,5,4,1,3,18504.4755,4,5,0,2,Waterfall,587.23,1064502.48
4,9,735192.94,2,2,1,3,2,183798.235,3,4,1,2,Agile,36.4,391292.94
15,33,466009.52,2,3,3,2,3,31067.3013,6,4,1,3,Spiral,554.61,571955.68
42,34,1000792.34,3,4,2,2,4,23828.389,4,5,1,1,Agile,907.27,1298743.76
22,35,921309.39,3,4,3,2,2,41877.6995,6,2,1,1,V-Model,861.09,1005879.55
58,32,475642.47,4,2,1,2,1,8200.7322,2,4,1,3,Agile,1401.81,506369.19
55,20,417819.61,3,5,2,2,3,7596.7202,4,1,1,1,Scrum,1245.85,558043.91
78,7,20950.41,1,1,3,1,1,268.595,3,1,1,2,SAFe,480.94,27187.17
7,45,277177.09,1,4,2,1,3,39596.7271,2,1,1,1,Iterative,302.52,322144.75
76,16,1155162.62,2,1,2,2,2,15199.5082,4,4,0,1,SAFe,968.3,1276311.33
19,21,406860.79,2,5,4,1,3,21413.7258,4,4,0,3,Scrum,403.19,554539.87
78,29,1487420.55,1,2,5,3,1,19069.4942,15,2,1,3,Spiral,3024.45,1949761.24
6,18,89174.1,1,1,2,2,1,14862.35,4,3,0,2,Iterative,103.98,1143780.0
17,20,81648.24,2,1,5,3,2,4802.8376,15,3,1,2,Spiral,445.46,101321.83
29,11,1100453.56,1,2,2,3,2,37946.6745,6,3,0,1,Iterative,258.48,1217756.78
58,43,669013.97,1,4,5,3,1,11534.7236,15,5,0,2,Spiral,1975.01,854097.2
26,24,559105.74,1,2,3,3,3,21504.0669,9,2,1,3,Iterative,909.89,628503.25
59,8,28602.3,3,2,3,1,1,484.7847,3,1,1,3,SAFe,465.02,33942.86
54,3,1218752.4,3,2,4,3,1,22569.4889,12,4,0,1,Spiral,148.44,1601833.39
41,29,446469.48,5,5,3,2,1,10889.4995,6,3,0,2,Scrum,950.45,532613.96
66,26,875440.07,4,2,2,1,4,13264.2435,2,5,1,3,V-Model,1403.77,951619.27
43,9,976236.32,5,4,4,1,2,22703.1702,4,3,1,3,V-Model,485.1,1217097.15
18,39,1076607.48,5,5,3,1,4,59811.5267,3,2,1,3,Waterfall,756.07,1354608.92
73,17,571353.35,1,1,5,1,2,7826.7582,5,1,0,2,SAFe,1376.24,591902.28
6,33,1306254.73,3,2,1,1,4,217709.1217,1,3,0,2,Agile,133.55,739472.72
13,37,1030780.16,3,3,1,1,2,79290.7815,1,3,0,2,Scrum,275.53,1139428.98
25,24,552789.58,2,2,2,2,2,22111.5832,4,4,0,3,Iterative,535.49,683637.16
73,25,643023.18,5,2,5,1,2,8808.5367,5,2,1,3,V-Model,2428.74,871300.45
13,12,1417436.58,5,4,3,2,2,109033.5831,6,2,1,1,V-Model,125.57,1892950.89
40,43,484328.22,3,4,1,2,2,12108.2055,2,5,1,2,Agile,1033.02,630410.45
41,43,809724.46,3,4,2,1,4,19749.3771,2,4,1,2,Scrum,1465.24,1043085.27
33,42,1199884.46,2,2,3,3,4,36360.1352,9,4,1,2,Spiral,1518.32,1410255.7
75,1,838595.25,2,4,2,1,1,11181.27,2,5,1,2,SAFe,48.3,782140.2
52,27,1551354.36,2,1,4,2,2,29833.7377,8,1,0,1,Agile,1497.13,1527067.93
61,34,853487.45,3,5,2,3,1,13991.5975,6,5,0,2,SAFe,1369.57,1073104.33
47,27,959294.22,5,5,2,2,4,20410.5153,4,3,0,1,Agile,870.94,1273421.19
30,32,1054170.34,4,1,5,3,4,35139.0113,15,3,1,1,Spiral,1246.4,1425343.05
15,34,808474.32,1,2,1,3,1,53898.288,3,1,0,3,Iterative,551.98,914526.66
73,10,237438.27,3,5,5,2,1,3252.579,10,2,1,2,Spiral,822.15,291999.62
44,6,390848.6,4,3,5,3,1,8882.9227,15,3,1,1,Spiral,208.85,532732.46
33,15,717973.8,1,1,1,1,3,21756.7818,1,3,0,3,Iterative,418.96,825619.59
14,10,1093334.1,1,3,1,3,3,78095.2929,3,4,0,3,Scrum,115.71,652354.2
15,46,1411361.13,5,3,3,3,4,94090.742,9,2,0,1,Spiral,818.74,1562697.1
61,8,1350710.75,3,1,4,3,1,22142.7992,12,3,1,2,SAFe,467.78,1755241.3
54,14,315459.02,2,4,5,1,4,5841.8337,5,2,0,3,SAFe,1046.59,358855.01
52,15,799701.53,1,3,1,3,2,15378.8756,3,5,1,2,SAFe,509.58,973520.88
55,7,347351.04,4,2,1,2,4,6315.4735,2,3,1,1,Waterfall,349.12,406944.54
36,28,1427110.54,3,1,1,2,4,39641.9594,2,4,0,1,Agile,585.93,1813077.88
62,12,1372690.73,3,3,5,2,3,22140.1731,10,5,1,3,Spiral,760.56,1651620.79
59,4,45901.89,4,2,3,2,3,777.9981,6,3,1,2,Waterfall,287.23,48511.08
64,32,220295.85,3,2,4,1,2,3442.1227,4,3,1,1,Agile,1546.89,244544.67
75,34,938917.68,2,3,2,3,1,12518.9024,6,4,1,3,SAFe,2253.15,1024255.99
74,34,1409967.46,1,3,1,3,3,19053.6143,3,5,1,1,SAFe,1698.6,1626510.76
38,31,281112.58,2,4,1,2,3,7397.6995,2,4,1,3,Scrum,1359.72,303293.44
57,6,1016965.26,4,5,2,1,4,17841.4958,2,2,1,1,Scrum,263.65,1220344.34
36,24,723476.87,2,4,2,3,2,20096.5797,6,5,0,2,Scrum,679.31,801484.62
75,25,1199225.45,2,5,4,3,1,15989.6727,12,4,1,3,Spiral,1667.13,1519551.3
31,14,337180.48,5,4,5,1,3,10876.7897,5,2,1,2,V-Model,514.9,403765.18
11,29,1130913.31,1,4,3,3,4,102810.3009,9,1,0,3,Scrum,486.12,1082309.05
73,46,839131.39,2,4,1,3,4,11494.9505,3,1,0,3,SAFe,4417.68,903760.13
14,34,1447657.92,1,3,2,2,2,103404.1371,4,3,0,2,Iterative,486.56,2007056.96
75,42,133905.53,5,3,1,1,3,1785.4071,1,4,1,1,SAFe,1741.42,144769.76
25,14,714377.93,5,2,4,1,3,28575.1172,4,5,0,1,Waterfall,237.86,800157.12
65,16,651920.44,2,5,2,2,3,10029.5452,4,3,1,2,SAFe,1133.41,845456.31
50,27,1131630.06,4,2,3,1,1,22632.6012,3,3,0,3,SAFe,1203.92,1313830.03
76,7,424933.92,1,2,1,1,2,5591.2358,1,4,0,1,SAFe,261.85,605413.57
74,37,886763.73,5,2,4,1,4,11983.2936,4,4,1,1,V-Model,1328.76,1873398.79
53,32,832778.31,1,3,3,2,1,15712.7983,6,5,1,1,Spiral,1021.41,1006480.08
14,7,667408.23,2,3,1,3,1,47672.0164,3,3,1,1,Agile,79.92,552862.85
16,39,553720.57,2,3,2,2,2,34607.5356,4,4,0,3,Iterative,491.67,662044.11
68,37,523209.37,2,2,2,2,4,7694.2554,4,3,1,3,SAFe,2606.32,588372.01
21,39,639244.77,3,3,2,2,1,30440.2271,4,5,0,1,Scrum,500.2,852052.49
77,42,129245.68,3,4,2,3,1,1678.5153,6,4,1,2,SAFe,1879.38,170816.82
11,8,571500.69,3,1,4,1,4,51954.6082,4,2,0,1,Waterfall,75.64,655543.92
52,8,360200.08,1,3,5,2,3,6926.9246,10,1,0,1,Iterative,583.33,409710.2
56,33,678335.23,5,2,1,2,3,12113.1291,2,2,0,1,Agile,1490.83,804975.32
38,7,917654.05,1,4,5,2,3,24148.7908,10,1,0,1,Scrum,359.72,1129356.71
3,21,51216.3,1,3,3,1,1,17072.1,3,2,1,1,Scrum,38.71,54338.86
79,13,690290.08,5,5,1,3,1,8737.8491,3,3,0,2,SAFe,782.04,832209.75
30,41,793155.45,4,2,4,2,3,26438.515,8,2,1,3,V-Model,1568.47,870006.39
20,39,1171044.14,4,2,4,3,4,58552.207,12,5,1,2,Spiral,655.41,1385326.03
55,39,525212.27,1,4,4,3,3,9549.314,12,4,0,2,Spiral,2375.17,653398.17
79,17,591079.91,3,4,5,2,4,7482.0242,10,5,1,3,Spiral,1333.64,665205.01
69,13,1089976.4,3,3,2,3,3,15796.7594,6,5,1,2,SAFe,740.97,1131235.18
56,32,262389.84,5,2,2,2,2,4685.5329,4,3,1,2,SAFe,1331.71,321232.47
5,29,812036.21,4,5,3,2,1,162407.242,6,2,0,2,Scrum,178.6,762828.83
54,9,660591.52,1,5,4,1,4,12233.1763,4,1,1,2,Scrum,570.13,711982.05
55,28,984399.28,2,1,3,2,4,17898.1687,6,3,0,3,SAFe,1779.81,1287789.98
34,28,731009.67,5,3,1,1,2,21500.2844,1,3,1,2,Agile,568.62,841529.4
45,37,652731.02,1,4,4,2,2,14505.1338,8,1,0,2,Scrum,2009.14,768228.69
37,6,104828.95,5,5,1,3,3,2833.2149,3,2,0,2,Agile,267.54,126077.84
9,45,446950.32,1,2,4,2,4,49661.1467,8,2,1,2,Spiral,534.28,522318.96
6,33,1333287.53,1,4,3,3,4,222214.5883,9,5,0,2,Spiral,187.48,1960823.2
9,47,1487907.55,1,3,3,1,2,165323.0611,3,4,0,1,Iterative,262.26,1837986.06
65,14,1349285.5,2,2,1,3,3,20758.2385,3,1,0,3,SAFe,1314.05,1586863.56
29,16,588202.76,2,5,2,1,4,20282.8538,2,1,0,2,Scrum,445.64,778433.17
12,12,179502.34,5,3,5,1,4,14958.5283,5,4,0,2,Waterfall,138.9,224873.82
65,41,1037479.44,3,3,4,3,3,15961.2222,12,3,0,2,Spiral,4364.36,1198303.47
60,17,316794.87,3,5,1,3,2,5279.9145,3,3,1,1,Scrum,760.76,370796.44
44,35,315173.47,4,2,4,2,4,7163.0334,8,3,1,2,V-Model,1606.24,395510.62
23,19,542614.01,2,3,5,2,4,23591.9135,10,5,0,2,Iterative,378.83,666815.56
4,12,98421.57,3,4,4,2,1,24605.3925,8,5,0,1,XP,28.98,452812.5
64,42,1410858.25,4,1,3,3,2,22044.6602,9,5,1,3,SAFe,2366.39,1742426.51
34,23,299129.54,1,1,3,2,1,8797.9276,6,2,0,3,Iterative,831.14,359226.59
76,19,1341054.62,2,4,3,3,1,17645.4555,9,3,1,2,Spiral,1397.06,1624228.39
75,25,320052.5,3,2,4,3,4,4267.3667,12,3,1,2,Spiral,1824.33,386649.65
30,30,1019763.81,1,3,1,1,1,33992.127,1,5,1,1,Agile,439.14,1226929.41
45,44,1054247.08,3,5,5,1,2,23427.7129,5,3,1,1,Scrum,2009.0,1310517.02
12,40,215939.88,4,5,5,3,3,17994.99,15,3,0,1,Spiral,514.87,273867.45
36,21,87822.58,5,4,1,2,3,2439.5161,2,5,1,2,Agile,578.69,101451.33
71,25,865244.71,2,5,5,2,2,12186.5452,10,1,1,1,Spiral,1895.44,1129146.39
70,28,665889.48,4,1,1,2,2,9512.7069,2,3,0,2,SAFe,1828.8,794749.01
60,46,154383.06,4,1,4,2,4,2573.051,8,3,1,3,V-Model,4038.24,200029.59
78,45,918102.16,1,3,4,1,3,11770.5405,4,5,1,2,SAFe,2928.31,1026255.27
13,36,307044.82,3,5,4,3,4,23618.8323,12,2,0,3,Spiral,579.33,374235.85
24,9,489473.51,3,5,2,2,1,20394.7296,4,1,0,1,Scrum,171.84,669966.54
53,18,1241840.92,1,5,2,1,2,23430.9608,2,1,0,2,SAFe,790.9,1468915.19
13,13,884902.42,2,4,2,2,2,68069.4169,4,4,0,2,Scrum,118.51,1035807.56
13,46,48454.02,3,5,4,1,1,3727.2323,4,3,1,2,V-Model,532.99,60266.65
44,18,658971.52,1,1,1,2,2,14976.6255,2,5,1,1,Iterative,429.71,756115.45
9,20,94079.89,5,5,4,1,3,10453.3211,4,5,0,3,Waterfall,149.68,112605.64
9,14,1127125.23,3,1,4,2,4,125236.1367,8,3,1,1,Agile,96.45,1512592.26
66,18,909109.31,5,1,2,3,1,13774.3835,6,1,0,3,SAFe,1375.15,1193835.53
79,35,745082.87,2,1,3,2,2,9431.4287,6,2,1,2,SAFe,3255.27,889843.48
57,28,1079129.88,1,1,2,3,4,18932.1032,6,1,0,1,Iterative,1566.68,1421031.45
73,16,476735.01,2,1,3,1,4,6530.6166,3,2,1,2,Agile,952.4,497159.66
70,43,397623.6,1,3,4,1,3,5680.3371,4,4,1,1,SAFe,1893.92,501727.15
7,48,1252510.08,3,3,3,2,1,178930.0114,6,5,0,3,Scrum,279.3,1684498.13
53,43,50852.84,4,5,1,3,4,959.4875,3,2,1,3,SAFe,2911.06,49013.66
54,34,404006.79,2,3,5,1,3,7481.6072,5,2,0,2,SAFe,1796.07,516383.07
33,22,529926.7,1,5,1,3,2,16058.3848,3,1,1,2,Scrum,804.92,522568.64
80,35,495881.19,1,4,1,1,3,6198.5149,1,2,1,2,SAFe,2130.45,536753.98
80,22,1470695.1,1,2,1,3,2,18383.6888,3,1,0,3,SAFe,2254.85,1972085.62
38,5,1355019.76,2,1,5,3,3,35658.4147,15,2,1,3,Spiral,374.98,1778282.51
8,17,793064.77,3,3,4,3,3,99133.0962,12,2,1,3,Agile,240.26,947466.97
24,2,1053961.83,2,5,3,2,4,43915.0763,6,4,1,3,Spiral,48.11,923908.0
80,26,764572.42,4,2,2,1,4,9557.1552,2,2,1,3,SAFe,1849.98,849574.99
41,13,1486625.36,3,2,5,2,1,36259.1551,10,4,1,2,Spiral,447.43,1667310.3
39,24,604114.03,3,2,5,3,2,15490.1033,15,1,1,1,Spiral,1205.74,760169.61
20,30,496670.9,3,1,5,3,3,24833.545,15,4,1,1,Spiral,669.24,18194962.5
16,47,1296495.17,4,5,2,3,2,81030.9481,6,2,0,3,Scrum,956.5,1908228.66
72,11,436994.67,1,5,1,2,4,6069.3704,2,3,0,2,SAFe,580.89,468216.09
69,15,1050281.45,3,1,2,3,4,15221.4703,6,2,1,3,SAFe,1154.28,1301229.49
70,39,653337.58,3,1,1,1,2,9333.394,1,5,0,2,SAFe,1440.57,735337.29
63,41,1173963.35,2,3,5,1,3,18634.3389,5,4,0,3,SAFe,2371.04,1329421.96
30,15,42461.82,1,3,3,2,3,1415.394,6,1,1,2,Iterative,582.44,53745.46
20,34,154999.43,4,5,5,1,4,7749.9715,5,2,0,1,Waterfall,763.36,180424.21
70,35,132665.51,2,3,4,3,2,1895.2216,12,3,1,3,Spiral,2832.32,155746.48
18,10,868703.76,4,1,4,3,4,48261.32,12,5,1,3,Spiral,225.7,1079545.56
47,44,295999.45,4,4,5,1,1,6297.8606,5,4,1,1,V-Model,1138.66,360401.72
59,17,94169.61,5,2,1,2,1,1596.0951,2,2,0,3,SAFe,1127.7,137481.1
29,10,925353.75,5,4,1,2,3,31908.75,2,2,0,2,Agile,255.39,1063704.59
29,14,1246817.19,4,4,3,3,4,42993.6962,9,1,1,1,Spiral,534.63,1330700.64
18,23,1517647.7,4,3,3,1,4,84313.7611,3,5,0,1,Scrum,296.55,1972727.0
68,10,936303.99,4,4,4,3,1,13769.1763,12,1,1,2,Spiral,822.66,1067635.42
14,36,1428939.1,1,2,2,1,3,102067.0786,2,3,1,3,Iterative,387.45,1630688.19
32,27,1457358.34,4,2,4,2,3,45542.4481,8,2,0,3,Scrum,1172.76,1935883.07
74,19,1366704.53,3,3,1,2,1,18468.9801,2,2,1,1,SAFe,881.9,1753021.95
44,40,1271115.34,5,1,5,3,1,28888.985,15,5,1,2,Spiral,1364.94,1694799.29
59,45,1112989.4,5,3,5,2,2,18864.2271,10,2,0,2,SAFe,3320.45,1452418.38
21,32,513670.74,2,4,3,1,2,24460.5114,3,4,0,1,Agile,449.4,619966.99
15,35,958071.94,5,5,4,3,2,63871.4627,12,2,1,3,Spiral,653.14,1152981.04
65,36,64203.02,1,3,2,3,2,987.7388,6,3,1,3,Spiral,3194.4,71876.71
23,19,539962.9,1,1,5,2,4,23476.6478,10,5,0,2,Iterative,372.64,622867.15
79,46,808640.86,5,4,4,2,2,10235.9603,8,5,0,3,SAFe,3028.64,1010485.72
43,6,311018.22,4,2,2,3,2,7232.9819,6,2,1,1,Agile,257.27,414590.88
55,21,194817.61,5,3,4,3,2,3542.1384,12,1,0,3,Spiral,1702.39,225952.27
79,32,1044809.07,3,1,1,1,3,13225.4313,1,1,0,1,SAFe,2610.82,1368988.5
75,7,292117.27,2,4,3,1,2,3894.8969,3,1,1,1,SAFe,473.45,304210.19
69,33,534876.76,1,3,3,2,4,7751.8371,6,1,0,3,SAFe,3120.19,595566.13
57,2,725706.63,2,1,4,2,4,12731.6953,8,4,0,2,SAFe,116.03,775950.07
70,3,1345699.76,5,3,4,1,1,19224.2823,4,4,0,1,SAFe,143.03,1697879.3
3,4,21488.37,4,2,1,1,1,7162.79,1,2,0,1,Kanban,6.6,28050.0
62,36,382392.81,5,3,2,2,2,6167.626,4,2,1,1,Agile,2431.69,446673.69
15,24,393125.16,5,4,5,3,4,26208.344,15,3,0,1,Spiral,324.54,494007.7
79,43,516350.54,1,2,4,2,4,6536.0828,8,2,0,2,SAFe,4717.47,589538.55
3,11,66949.35,5,4,1,1,2,22316.45,1,4,1,1,Waterfall,20.78,80716.65
65,28,366549.96,4,5,1,1,1,5639.2302,1,4,0,3,SAFe,1097.51,410288.43
78,15,1347626.6,5,3,5,3,4,17277.2641,15,3,1,2,Spiral,1471.84,1453932.81
53,13,669600.19,5,1,2,3,4,12633.9658,6,2,1,1,Agile,702.47,871194.4
60,20,1416872.69,1,1,5,1,1,23614.5448,5,3,1,1,Iterative,717.54,1591030.54
74,29,1143575.48,2,1,2,2,1,15453.7227,4,2,0,1,SAFe,1696.36,1495957.51
55,8,296443.75,5,1,5,3,4,5389.8864,15,3,0,1,Spiral,568.7,294302.47
71,41,67069.11,1,4,4,1,2,944.6354,4,2,0,2,SAFe,2628.41,84193.47
40,3,1408944.21,3,3,1,2,1,35223.6052,2,5,0,3,Iterative,69.6,314377.55
47,43,656181.5,1,2,4,2,3,13961.3085,8,5,0,3,Iterative,2427.23,880628.86
79,27,929714.69,2,2,4,1,4,11768.5404,4,2,0,2,SAFe,2640.14,1131481.58
34,19,1013918.96,5,1,2,1,1,29821.1459,2,2,0,3,Waterfall,603.79,1125033.47
45,48,1323166.27,3,3,1,1,4,29403.6949,1,5,1,1,Waterfall,531.08,783584.57
29,5,430162.26,5,2,1,3,4,14833.1814,3,5,1,2,Agile,128.4,480428.56
26,45,1337849.38,4,3,4,3,4,51455.7454,12,2,0,1,Spiral,1149.39,1581482.31
11,45,1401150.45,1,3,2,2,4,127377.3136,4,1,1,1,Scrum,583.54,1799182.47
29,32,1126147.96,5,1,3,2,4,38832.6883,6,3,1,3,V-Model,1150.93,1303114.07
48,27,1111014.83,3,4,1,3,1,23146.1423,3,4,0,1,Iterative,795.61,1458180.55
5,9,91704.97,1,4,4,2,4,18340.994,8,5,0,1,XP,32.6,509375.0
38,18,1381986.22,3,1,1,3,3,36368.0584,3,4,1,1,Agile,669.55,1555067.24
52,28,642754.24,2,3,5,1,4,12360.6585,5,3,0,2,SAFe,1189.35,771553.02
68,16,1244535.53,1,3,4,1,1,18301.9931,4,3,0,1,Iterative,670.72,1525016.05
41,39,149123.25,5,1,1,2,2,3637.1524,2,3,1,1,Waterfall,1316.52,193014.6
68,27,1009960.35,4,4,5,3,3,14852.3581,15,1,0,2,Spiral,3290.73,1113054.28
59,43,754033.56,2,3,1,2,1,12780.2298,2,5,0,2,SAFe,1364.07,941678.15
24,47,663297.98,1,5,4,3,4,27637.4158,12,4,0,1,Spiral,1042.08,871742.57
16,41,1157129.31,2,1,1,3,3,72320.5819,3,1,0,1,Iterative,778.28,1482811.05
2,37,155847.1,3,3,5,2,2,77923.55,10,4,1,3,Spiral,59.49,171352.59
19,26,454078.96,1,2,3,3,1,23898.8926,9,2,0,2,Iterative,428.72,489548.43
46,2,1083931.22,2,3,1,1,1,23563.7222,1,2,1,3,RAD,72.57,750467.87
51,22,26861.72,1,4,3,2,2,526.7004,6,2,1,1,Scrum,1191.13,32356.28
51,45,943473.44,2,2,4,2,4,18499.4792,8,3,1,3,Spiral,2833.26,1235642.75
16,44,1402111.29,5,4,4,3,3,87631.9556,12,3,1,2,Spiral,864.36,1956819.89
70,47,629644.41,1,4,2,3,2,8994.9201,6,3,0,2,SAFe,2694.3,803425.47
50,47,1229627.59,4,4,5,2,2,24592.5518,10,4,1,2,V-Model,2395.61,1492169.16
31,41,738571.26,3,3,5,1,1,23824.8794,5,1,1,1,Iterative,1271.73,818037.86
7,42,1148126.74,3,1,5,2,1,164018.1057,10,3,1,1,V-Model,281.61,1411104.76
19,46,546373.65,4,5,5,2,3,28756.5079,10,3,0,3,Scrum,1073.99,653171.14
20,38,536920.52,2,2,5,1,1,26846.026,5,2,0,3,Iterative,774.96,662031.45
22,37,367701.76,2,5,5,3,4,16713.7164,15,1,1,2,Spiral,1137.37,493006.99
6,16,102921.47,5,3,1,1,4,17153.5783,1,1,0,1,Waterfall,75.46,108824.58
13,1,1394481.25,3,2,3,1,1,107267.7885,3,4,0,3,RAD,11.14,101829.37
32,15,485747.05,4,5,5,2,3,15179.5953,10,3,1,2,V-Model,620.9,525933.53
11,7,1517252.93,1,5,2,3,3,137932.0845,6,2,1,1,Scrum,89.98,1462652.4
54,25,170718.7,1,4,4,1,3,3161.4574,4,5,1,1,Scrum,1173.07,204692.67
79,31,921424.08,4,1,1,1,3,11663.5959,1,2,1,1,SAFe,2291.6,1027478.79
69,36,532825.09,2,4,5,3,4,7722.1028,15,2,1,1,Spiral,3412.35,689087.44
59,6,1390013.47,5,5,4,1,1,23559.5503,4,3,1,2,V-Model,291.74,1775266.3
17,24,1385406.86,5,5,4,1,3,81494.5212,4,5,1,3,V-Model,365.75,1719442.14
9,18,1166219.11,3,3,2,2,3,129579.9011,4,2,1,3,Scrum,176.64,1470685.04
48,3,1376628.26,1,4,5,3,3,28679.7554,15,1,1,2,Spiral,248.22,1802119.98
43,4,1216402.73,3,2,5,2,3,28288.4356,10,2,0,3,Agile,247.07,1629453.27
33,41,236902.32,2,2,4,2,4,7178.8582,8,5,1,2,Spiral,1222.2,253781.89
10,4,94093.81,3,3,2,1,2,9409.381,2,5,0,2,RAD,28.19,295995.0
70,11,738638.59,2,3,1,1,2,10551.9799,1,4,1,2,SAFe,451.11,927878.14
49,42,163535.12,1,2,1,3,4,3337.4514,3,5,0,2,Iterative,1492.35,228791.84
71,9,118662.65,2,4,3,2,3,1671.3049,6,5,1,2,SAFe,475.04,134741.76
39,31,320203.63,4,3,2,2,4,8210.3495,4,1,0,1,Iterative,1286.31,387916.11
66,15,1051906.11,2,5,2,2,3,15937.9714,4,4,1,2,SAFe,741.3,1229366.72
24,24,778296.54,3,5,2,1,2,32429.0225,2,2,1,1,Waterfall,387.31,1009404.92
10,15,1007972.77,3,1,4,1,4,100797.277,4,2,1,3,Agile,172.07,1232759.33
63,47,291807.28,2,1,1,3,4,4631.8616,3,3,0,1,Agile,2867.09,399043.31
2,47,926051.33,4,4,2,2,4,463025.665,4,4,0,2,XP,62.5,399571.22
66,20,112957.93,1,5,5,2,4,1711.4838,10,2,1,2,Spiral,1767.88,139845.4
19,21,166666.85,3,5,5,3,2,8771.9395,15,4,1,1,Spiral,410.03,215948.35
65,6,1111141.55,5,3,2,1,2,17094.4854,2,3,1,3,SAFe,340.8,1636969.12
7,3,72719.01,3,5,1,1,1,10388.43,1,3,0,1,RAD,11.09,87333.75
10,28,1328159.49,4,3,1,1,2,132815.949,1,3,1,3,Waterfall,238.65,1504401.69
3,20,647129.88,4,5,5,2,3,215709.96,10,4,1,3,V-Model,58.49,651387.71
36,46,141001.61,1,3,2,2,2,3916.7114,4,3,1,1,Iterative,1470.22,172696.31
15,47,421652.02,1,2,3,3,2,28110.1347,9,1,0,2,Spiral,893.67,544816.86
44,33,515403.46,3,3,2,1,2,11713.715,2,4,0,2,Agile,891.14,531150.05
34,30,557007.73,1,1,5,2,2,16382.5803,10,1,1,1,Iterative,1262.22,696408.78
26,46,1191125.0,4,1,1,3,3,45812.5,3,4,1,1,Agile,1018.79,1373934.64
23,36,731549.82,5,5,4,3,3,31806.5139,12,1,1,2,Spiral,1266.62,1032288.16
73,45,1080681.11,2,3,2,2,1,14803.8508,4,4,0,1,SAFe,1242.03,536510.83
36,2,668922.9,1,1,2,1,1,18581.1917,2,2,0,1,Iterative,41.94,355376.42
5,42,633372.24,3,2,1,2,4,126674.448,2,2,1,3,Iterative,216.98,744489.19
61,27,222532.88,2,5,5,3,1,3648.08,15,2,0,2,Spiral,2176.37,287079.38
78,16,80771.39,1,1,5,2,1,1035.5306,10,4,0,3,SAFe,1312.87,92415.05
43,17,792478.84,2,3,1,3,3,18429.7405,3,2,1,3,Iterative,939.68,949820.0
19,26,629596.02,1,4,4,1,3,33136.6326,4,4,1,1,Scrum,373.25,772941.83
3,48,93841.13,2,4,1,1,3,31280.3767,1,4,0,3,Scrum,125.84,124631.52
32,47,45498.07,1,5,5,1,3,1421.8147,5,5,1,2,Scrum,1282.25,51158.18
54,11,883340.14,1,1,3,2,4,16358.1507,6,5,1,3,V-Model,650.94,1086249.46
78,45,557622.86,2,5,4,2,3,7149.011,8,5,0,1,SAFe,2721.28,724919.21
20,6,412576.01,2,3,3,1,3,20628.8005,3,2,0,2,Iterative,135.86,507461.38
6,32,1481682.25,1,5,2,3,1,246947.0417,6,5,1,1,Spiral,146.59,1622367.22
30,37,304738.77,1,3,3,1,4,10157.959,3,5,0,2,Scrum,817.07,298396.74
13,11,1343027.48,1,1,2,1,1,103309.8062,2,3,1,1,Iterative,116.77,1510784.15
2,8,787132.28,4,2,2,2,1,393566.14,4,1,1,3,Scrum,17.15,261287.58
58,3,932738.85,4,3,5,1,1,16081.7043,5,1,1,3,V-Model,180.5,1080150.88
62,19,1211664.1,3,1,5,1,3,19542.9694,5,2,0,2,SAFe,1362.9,1570898.22
57,47,569401.63,5,1,5,3,3,9989.5023,15,2,1,2,Spiral,4619.41,635515.21
66,23,1068834.49,3,3,5,2,2,16194.462,10,4,0,1,Scrum,1440.66,1327417.6
6,4,61321.27,2,5,3,1,1,10220.2117,3,4,0,1,RAD,15.6,163800.0
3,46,814769.61,2,4,5,2,2,271589.87,10,2,1,3,Spiral,187.18,992417.73
8,28,1030495.68,2,2,1,3,1,128811.96,3,4,0,3,Iterative,186.91,971247.61
42,39,1071401.22,3,4,1,1,4,25509.5529,1,1,1,1,Waterfall,1199.45,1345778.73
71,6,962652.45,5,4,1,1,1,13558.4852,1,1,1,3,SAFe,388.98,1111521.45
44,24,976047.51,3,4,4,2,4,22182.898,8,4,1,2,Waterfall,1313.62,1192565.89
46,27,373893.08,2,3,5,2,2,8128.1104,10,3,1,3,Spiral,1338.87,481756.67
11,25,27186.66,3,4,4,1,4,2471.5145,4,1,1,1,Scrum,278.58,31515.97
29,25,421132.08,1,5,2,3,1,14521.7959,6,2,1,3,Scrum,853.11,504747.08
50,9,888854.05,3,4,5,3,4,17777.081,15,5,0,1,Spiral,347.84,1070261.96
3,10,933720.19,3,5,3,3,4,311240.0633,9,1,1,3,Scrum,49.42,756363.83
65,41,1162528.92,3,3,3,1,4,17885.0603,3,5,1,1,Agile,1645.54,1428690.39
43,33,463521.26,5,3,5,3,4,10779.5642,15,4,1,2,Spiral,1544.03,678399.88
67,15,517489.71,1,3,2,1,3,7723.727,2,1,0,3,SAFe,1220.41,647386.68
75,32,877331.82,5,1,1,2,1,11697.7576,2,4,1,2,SAFe,1230.24,1043917.77
32,28,1439777.98,3,5,3,3,2,44993.0619,9,5,1,2,Scrum,567.39,1708106.56
21,18,164271.95,1,5,4,1,3,7822.4738,4,2,0,2,Scrum,566.66,195593.09
7,8,935098.4,1,5,4,3,4,133585.4857,12,2,1,3,Spiral,93.53,1197287.67
30,9,1279726.67,3,5,5,2,4,42657.5557,10,5,1,3,Spiral,305.45,1408002.05
49,29,359453.4,2,2,2,1,2,7335.7837,2,5,1,1,Agile,696.81,376152.99
5,45,894933.6,3,1,4,1,2,178986.72,4,3,0,1,Waterfall,215.31,1158444.91
18,24,1456558.84,4,1,2,2,2,80919.9356,4,4,1,2,Agile,329.12,1667526.93
36,36,1073735.7,3,5,5,1,4,29825.9917,5,1,1,2,Scrum,1919.16,1326375.18
14,1,1142798.22,5,4,3,3,3,81628.4443,9,2,0,1,Agile,15.06,149126.96
71,2,133573.28,5,2,5,3,4,1881.3138,15,3,0,3,Spiral,174.33,160190.55
72,38,1314957.05,3,5,3,3,3,18263.2924,9,5,1,1,Agile,2032.21,1678181.58
9,30,1388823.27,5,3,3,3,1,154313.6967,9,5,1,1,Spiral,187.77,1556884.77
14,20,975560.55,3,2,2,3,4,69682.8964,6,4,0,1,Spiral,212.17,1214377.2
61,25,142430.48,4,4,1,3,1,2334.9259,3,2,1,2,SAFe,1531.29,191970.63
60,10,792140.52,3,3,2,3,4,13202.342,6,2,0,3,SAFe,857.76,936419.07
17,18,1192384.42,5,4,3,1,4,70140.26,3,3,1,2,V-Model,246.22,1564632.61
60,38,1105641.01,4,5,4,3,2,18427.3502,12,3,1,1,Spiral,2840.95,1220231.52
67,10,831322.35,3,1,4,3,3,12407.7963,12,4,0,2,Spiral,865.52,1224068.92
28,4,1176712.33,4,3,4,1,3,42025.4404,4,3,0,3,RAD,116.1,1301955.2
3,11,798145.77,5,3,2,1,2,266048.59,2,4,1,2,Agile,24.41,220403.51
39,21,997692.05,2,1,1,2,4,25581.8474,2,5,1,2,Iterative,616.99,1178119.24
65,3,906966.49,3,2,1,2,3,13953.3306,2,5,0,2,SAFe,149.76,1185364.03
20,32,372201.73,1,1,5,2,1,18610.0865,10,5,0,1,Iterative,524.9,455067.67
23,7,1312056.51,5,3,3,2,3,57045.9352,6,3,0,3,Agile,184.48,1425095.35
22,6,1532471.76,4,4,4,3,3,69657.8073,12,2,0,2,Scrum,199.92,1588713.39
58,43,1498488.4,5,3,1,1,3,25836.0069,1,3,0,3,SAFe,2358.32,1520957.14
65,4,1360637.34,3,5,1,3,3,20932.8822,3,5,0,1,Agile,199.01,1458206.72
70,45,1209443.37,5,1,1,1,1,17277.7624,1,5,0,3,SAFe,1771.55,1597405.65
77,41,1443128.96,5,3,2,3,3,18741.9345,6,1,0,1,SAFe,3706.78,1660810.25
53,44,102274.33,3,5,3,3,2,1929.7043,9,3,1,3,Spiral,2222.17,127942.48
14,39,745379.58,4,1,5,1,4,53241.3986,5,4,1,2,V-Model,397.52,841717.59
21,25,403742.63,1,3,3,3,3,19225.8395,9,1,1,1,Spiral,687.72,487125.95
10,12,156776.95,2,4,3,2,1,15677.695,6,4,0,1,Scrum,78.94,947280.0
18,13,1312974.64,4,5,3,2,2,72943.0356,6,4,0,2,Scrum,194.84,1471563.3
80,16,963461.04,2,3,1,2,2,12043.263,2,2,1,1,SAFe,1035.83,1190438.81
79,1,1489443.92,1,4,4,2,4,18853.7205,8,3,1,2,SAFe,75.41,1087054.53
34,33,1096522.74,5,3,2,1,2,32250.6688,2,5,0,2,Waterfall,807.49,1542964.68
29,31,536036.71,5,4,3,3,4,18484.0245,9,3,1,2,Spiral,990.14,611756.1
24,36,819997.75,3,1,4,3,2,34166.5729,12,4,1,2,Spiral,1012.85,1168035.54
44,28,996943.09,4,2,5,2,4,22657.7975,10,4,1,3,Spiral,1188.47,1211377.98
47,37,1277290.5,2,3,4,2,2,27176.3936,8,3,1,2,Scrum,1588.96,1418270.54
53,40,150439.59,4,5,2,1,1,2838.4828,2,3,1,1,V-Model,1353.17,191684.9
60,5,965650.12,1,3,1,2,2,16094.1687,2,3,1,2,SAFe,226.56,972177.44
62,46,15696.7,3,5,1,1,4,253.1726,1,3,0,3,SAFe,2836.0,20349.56
65,30,632330.61,3,2,1,2,2,9728.1632,2,2,0,1,Agile,1629.62,679695.47
3,3,19807.69,3,4,3,1,1,6602.5633,3,2,0,1,Kanban,5.4,34425.0
21,12,304197.73,3,1,2,2,2,14485.6062,4,3,1,2,Iterative,244.97,413662.78
59,28,1196365.98,5,2,2,3,3,20277.3895,6,5,1,3,Spiral,1697.84,1380637.81
43,30,1446325.72,2,3,2,3,2,33635.4819,6,4,0,3,Iterative,1235.43,1418866.96
16,19,750411.51,2,3,4,1,4,46900.7194,4,5,1,2,Iterative,229.96,938881.81
44,11,209506.72,5,1,2,3,1,4761.5164,6,3,0,1,Agile,330.54,252325.33
33,3,1343083.9,3,5,4,3,4,40699.5121,12,4,1,2,Spiral,85.83,1705356.67
33,48,1114935.9,5,2,2,3,2,33785.9364,6,4,1,2,Agile,1461.72,1301040.17
59,46,464727.32,3,1,2,3,1,7876.7342,6,3,1,1,Iterative,2347.52,529557.36
26,8,1595156.93,2,2,5,2,2,61352.1896,10,4,1,1,Spiral,143.19,1699337.54
47,42,626817.13,5,5,3,1,4,13336.5347,3,2,0,3,Waterfall,2728.63,702975.23
59,44,217732.55,3,4,1,3,2,3690.3822,3,3,0,3,SAFe,2409.6,285255.71
25,36,727740.57,2,2,3,3,3,29109.6228,9,5,1,1,Spiral,798.53,18091695.31
52,12,1198819.8,2,4,3,3,4,23054.2269,9,1,0,3,SAFe,1022.48,1588932.63
78,24,1249060.98,1,3,3,2,2,16013.6023,6,3,1,3,Spiral,2093.48,1441726.44
28,1,591711.26,2,3,2,1,4,21132.545,2,4,1,3,RAD,27.13,321741.05
58,5,714919.9,2,2,2,2,1,12326.2052,4,3,1,2,SAFe,256.79,840872.6
48,31,1113920.93,5,1,1,3,1,23206.686,3,3,1,1,Agile,1085.31,1246786.91
59,31,572175.84,5,4,4,2,1,9697.8956,8,5,0,3,SAFe,1544.09,738669.4
60,4,1076588.52,3,2,4,3,3,17943.142,12,1,0,2,SAFe,388.43,1563115.37
25,21,1457515.36,2,5,1,3,4,58300.6144,3,5,0,3,Scrum,428.33,1973007.43
27,2,34104.78,1,1,1,1,3,1263.14,1,1,1,2,Iterative,62.57,42397.52
72,47,1331854.05,1,3,3,1,1,18497.9729,3,5,1,1,SAFe,1758.22,1578533.65
77,10,1430066.97,4,5,2,1,4,18572.2983,2,5,1,2,SAFe,506.32,1612510.89
2,41,1062616.91,2,3,4,3,1,531308.455,12,3,1,1,Spiral,63.35,1429034.3
31,41,895614.27,4,5,3,3,1,28890.7829,9,5,0,1,Spiral,1010.58,1141681.07
3,11,1092965.49,1,3,5,3,3,364321.83,15,2,1,3,Spiral,65.08,1503947.4
53,44,838857.25,1,1,3,1,4,15827.4953,3,3,0,3,SAFe,2899.83,1019782.51
11,45,830301.64,3,3,4,2,1,75481.9673,8,5,0,1,Iterative,302.92,1189507.7
80,28,646265.24,5,4,2,3,3,8078.3155,6,3,0,1,SAFe,2415.31,753256.85
44,29,1300647.33,2,4,3,1,1,29560.1666,3,1,0,1,Agile,1125.88,1664238.78
79,33,100441.18,1,1,3,1,1,1271.4073,3,3,1,2,SAFe,1719.17,130928.0
62,3,1541380.32,3,5,3,2,2,24860.9729,6,1,0,1,RAD,227.22,1570848.58
61,34,633314.12,3,4,5,1,4,10382.1987,5,4,0,1,Scrum,1663.77,790063.54
42,23,812658.29,5,5,5,2,4,19349.0069,10,3,0,3,Scrum,1273.98,1054575.99
35,42,486907.0,3,2,5,1,3,13911.6286,5,4,1,2,Agile,1559.18,498932.57
41,13,174675.38,5,3,5,1,4,4260.3751,5,4,0,1,Waterfall,493.42,231308.65
80,15,920975.02,2,5,5,3,4,11512.1878,15,1,0,3,Spiral,2188.33,1091930.61
30,10,1211264.64,5,2,2,3,1,40375.488,6,4,1,1,Agile,185.57,1343325.54
67,42,926081.47,4,5,3,3,3,13822.1115,9,5,1,3,Spiral,2931.93,1150281.56
35,38,799113.16,2,2,2,1,2,22831.8046,2,5,1,1,Iterative,643.63,866948.3
38,14,1312231.89,1,4,5,2,4,34532.4182,10,2,1,1,Spiral,641.35,1467478.75
11,20,989132.89,2,4,4,3,1,89921.1718,12,2,1,2,Spiral,225.28,1334612.77
58,22,280516.72,4,4,4,1,4,4836.4952,4,5,1,1,V-Model,884.31,340932.58
50,40,699520.38,1,5,5,3,3,13990.4076,15,2,1,1,Spiral,2845.42,609771.2
55,9,33362.79,2,5,2,2,4,606.5962,4,3,1,2,SAFe,553.26,43208.03
47,22,1226608.55,5,1,4,1,4,26098.0543,4,3,1,1,V-Model,891.59,1472931.49
16,48,296930.52,4,4,2,1,2,18558.1575,2,2,1,2,Waterfall,775.77,360808.46
2,5,1267586.28,1,2,1,2,1,633793.14,2,3,1,2,Kanban,8.52,65761.85
8,43,867868.54,4,3,3,2,3,108483.5675,6,5,0,3,Scrum,373.08,900413.15
58,47,830360.62,4,2,5,2,1,14316.5624,10,1,1,3,V-Model,3566.66,1078741.61
44,24,432183.92,1,2,4,3,2,9822.3618,12,1,1,3,Spiral,1727.38,471575.8
18,15,1203093.57,3,5,3,2,4,66838.5317,6,1,1,1,V-Model,324.09,1611255.91
34,28,803507.92,2,4,5,2,2,23632.5859,10,4,1,2,Spiral,755.13,1018216.34
43,42,1486684.46,5,2,3,3,1,34574.0572,9,1,0,1,Iterative,1807.64,1539209.4
20,34,323064.97,2,1,4,3,4,16153.2485,12,2,1,1,Spiral,812.84,388839.83
53,28,208836.15,1,3,4,2,1,3940.3047,8,4,0,3,SAFe,1178.28,228850.78
24,31,456009.97,2,2,2,1,1,19000.4154,2,1,0,1,Iterative,617.59,576098.51
25,37,16569.24,4,4,1,1,3,662.7696,1,5,0,2,Scrum,548.28,21098.38
25,23,263871.02,5,1,4,1,2,10554.8408,4,5,0,1,Waterfall,338.42,297617.49
77,14,342322.33,3,4,4,1,3,4445.7445,4,5,1,1,SAFe,888.2,412840.68
24,41,744416.33,1,4,3,1,3,31017.3471,3,1,0,2,Scrum,1298.83,1000031.76
75,45,149056.45,2,3,5,2,4,1987.4193,10,1,1,1,Spiral,3870.18,126611.52
72,25,797171.3,5,5,1,3,4,11071.8236,3,4,0,3,SAFe,1931.21,1145640.86
34,20,843397.72,5,1,1,1,1,24805.8153,1,1,1,1,Waterfall,520.85,1216602.49
13,41,372896.57,3,5,1,2,3,28684.3515,2,3,0,1,Agile,437.51,416357.59
57,31,1137810.3,3,2,5,3,2,19961.5842,15,3,1,1,Spiral,1823.36,1260388.51
75,43,1235967.74,5,3,1,2,3,16479.5699,2,2,0,3,SAFe,1221.72,743710.19
2,14,930061.77,2,2,1,1,2,465030.885,1,2,1,1,Agile,18.46,179234.74
32,33,1090222.24,3,5,1,2,2,34069.445,2,1,0,1,Agile,1053.36,1203744.69
48,1,1106840.08,5,4,4,2,4,23059.1683,8,1,1,3,V-Model,63.88,1306854.46
52,15,410072.73,5,5,2,3,2,7886.014,6,2,1,3,SAFe,918.17,532262.95
22,45,1365264.1,3,2,3,2,3,62057.4591,6,1,1,3,Scrum,1367.18,1879451.63
28,24,961853.73,4,2,5,1,3,34351.9189,5,2,1,2,V-Model,913.98,1148223.52
8,39,44825.82,2,3,1,2,2,5603.2275,2,4,0,1,Scrum,231.95,53166.95
35,38,820000.83,1,3,1,3,4,23428.5951,3,1,0,3,Scrum,1902.31,961552.58
62,28,1222967.46,1,3,4,2,3,19725.2816,8,5,0,1,Iterative,1506.1,1356214.24
78,7,1070375.59,5,2,4,3,1,13722.764,12,2,1,2,Spiral,603.73,1359929.19
70,30,1231341.73,2,3,4,2,4,17590.5961,8,5,1,3,SAFe,2390.85,60518390.62
42,43,777569.89,1,4,3,1,4,18513.5688,3,1,0,3,Scrum,2024.62,909973.87
20,46,469114.47,4,2,4,1,3,23455.7235,4,2,1,1,V-Model,893.91,491756.6
14,20,839202.09,4,4,4,1,2,59943.0064,4,1,0,2,Scrum,305.72,1068123.23
27,27,514507.39,4,3,5,1,1,19055.8293,5,2,1,3,V-Model,682.4,694210.2
40,10,220055.11,5,2,3,2,2,5501.3778,6,3,0,2,Agile,437.31,278560.67
8,36,1257484.18,2,3,1,2,3,157185.5225,2,5,0,2,Agile,199.03,1075680.84
21,26,891637.12,5,3,1,2,1,42458.9105,2,3,1,3,Scrum,413.99,1107318.96
51,30,121230.65,3,1,5,3,3,2377.0716,15,2,1,2,Spiral,2338.31,141833.35
59,15,324206.84,1,2,5,2,1,5495.0312,10,1,0,1,Iterative,909.75,407657.73
12,26,663422.09,3,5,1,1,1,55285.1742,1,2,0,3,Scrum,274.73,840022.31
72,31,139991.16,1,3,5,1,3,1944.3217,5,3,0,2,SAFe,2849.09,150435.98
5,6,448438.83,1,5,3,3,4,89687.766,9,5,0,1,Spiral,24.0,478327.62
30,8,20156.75,3,3,2,1,3,671.8917,2,5,0,3,Scrum,199.93,25106.36
46,7,1469363.15,4,4,5,3,4,31942.6772,15,2,0,2,Spiral,581.06,1807257.66
71,1,25467.13,2,4,2,3,4,358.692,6,1,1,3,SAFe,105.34,30462.96
24,25,270251.42,5,3,1,3,2,11260.4758,3,1,0,1,Agile,613.82,302348.95
53,1,1231604.37,3,4,2,1,3,23237.8183,2,2,1,1,RAD,44.52,412171.55
47,33,1453385.7,2,1,5,2,3,30923.1,10,4,0,1,Iterative,1907.1,1775185.13
60,4,478345.77,2,4,1,1,3,7972.4295,1,3,1,2,SAFe,173.29,570954.27
74,21,526688.63,5,2,1,2,2,7117.4139,2,1,0,2,SAFe,1654.01,620924.3
67,44,456126.18,3,3,5,1,4,6807.8534,5,5,0,3,SAFe,2702.03,552702.63
72,36,1079802.41,3,2,4,2,2,14997.2557,8,3,1,3,V-Model,2441.12,1074384.78
49,41,442774.87,5,3,5,1,1,9036.2218,5,4,1,1,V-Model,1234.62,497862.36
56,9,787986.78,5,5,5,1,2,14071.1925,5,2,0,1,Waterfall,499.69,794977.95
56,44,760336.44,2,3,2,1,2,13577.4364,2,3,1,1,Iterative,1956.17,854549.32
63,25,1450940.45,2,2,1,3,3,23030.8008,3,5,1,3,SAFe,1787.97,2017479.88
19,7,108207.33,5,2,1,1,3,5695.1226,1,3,0,2,Waterfall,90.0,117563.91
11,39,449290.4,3,4,2,3,3,40844.5818,6,2,0,3,Spiral,717.79,546914.19
27,10,1214896.47,4,3,5,2,1,44996.1656,10,5,0,2,Agile,195.62,1499415.07
9,26,791271.66,4,2,4,1,1,87919.0733,4,2,0,3,Agile,245.98,1022482.6
62,31,779914.28,2,4,3,2,4,12579.2626,6,4,0,3,SAFe,1881.85,968341.78
8,3,79970.73,4,4,1,1,2,9996.3412,1,4,0,1,RAD,13.94,109777.5
63,39,1213132.77,5,4,2,1,1,19256.0757,2,2,0,2,Scrum,1601.84,1668784.69
72,42,571353.5,1,2,4,2,3,7935.4653,8,3,1,2,Spiral,4514.01,665927.88
37,17,808244.63,3,4,5,1,4,21844.4495,5,3,0,3,Waterfall,600.17,996355.4
8,12,145997.59,2,2,3,2,1,18249.6988,6,4,0,2,Agile,80.37,924255.0
10,41,213071.62,4,1,3,1,3,21307.162,3,3,1,2,V-Model,348.35,283756.29
42,19,451757.15,5,1,2,3,3,10756.1226,6,1,0,1,Agile,942.92,622902.64
71,35,169873.58,3,5,4,3,2,2392.5856,12,4,1,2,Spiral,1903.03,224628.46
40,8,866013.11,4,1,4,3,4,21650.3278,12,3,0,2,Agile,368.76,1015023.69
73,45,677475.18,3,1,1,3,3,9280.4819,3,1,1,2,SAFe,4420.91,850146.64
57,45,1209632.14,4,4,2,3,4,21221.6165,6,5,0,2,SAFe,2106.43,1524860.5
59,38,90997.51,5,1,1,2,3,1542.3307,2,4,1,3,SAFe,2055.97,108070.7
43,19,1439233.68,4,5,5,1,2,33470.5507,5,5,0,1,Scrum,477.46,1836829.22
46,27,1223862.98,3,1,4,3,2,26605.717,12,3,1,3,Spiral,2100.96,1565929.41
73,45,1447885.02,4,2,5,3,3,19834.0414,15,5,0,1,Spiral,1223.36,1572622.83
75,33,644213.01,4,2,4,1,4,8589.5068,4,3,1,1,Waterfall,2122.74,765065.44
10,4,93385.95,3,4,2,1,2,9338.595,2,4,0,2,RAD,28.19,295995.0
5,40,623949.71,5,4,4,1,4,124789.942,4,4,0,2,XP,178.39,724607.5
11,48,787902.46,3,3,2,2,1,71627.4964,4,4,0,2,Agile,292.68,1060112.0
6,26,971293.5,2,3,2,2,2,161882.25,4,2,1,1,Scrum,147.94,1113392.21
52,1,948887.28,4,2,3,3,1,18247.8323,9,3,1,1,Spiral,58.99,1020531.24
43,3,747161.69,3,1,2,3,3,17375.8533,6,3,1,3,Iterative,140.98,886270.46
26,24,948518.35,3,3,5,2,3,36481.475,10,4,1,1,Spiral,682.16,1188852.38
28,21,126632.66,1,4,1,2,4,4522.595,2,1,1,2,Scrum,616.43,134463.36
47,36,1255162.18,5,5,5,3,2,26705.5783,15,5,1,1,Spiral,1344.3,1626232.89
6,46,1418035.58,4,1,2,2,2,236339.2633,4,2,0,3,Agile,323.41,1483295.52
48,17,454207.15,3,3,2,1,2,9462.649,2,5,1,3,Waterfall,592.15,542553.19
62,23,1224635.06,2,1,4,2,4,19752.1784,8,4,0,1,Iterative,1292.96,1802370.21
13,42,842334.3,1,4,2,1,1,64794.9462,2,4,0,1,Scrum,244.64,1033097.0
54,4,733822.61,2,4,3,1,4,13589.3076,3,3,0,2,SAFe,173.96,865285.14
41,47,253150.41,3,2,2,3,3,6174.4002,6,2,0,1,V-Model,2502.08,351640.31
37,40,63883.2,2,3,5,1,2,1726.573,5,1,1,3,Iterative,1842.88,80892.41
57,5,1195534.98,4,2,3,3,4,20974.2979,9,3,0,3,SAFe,373.61,1538638.91
38,21,556111.57,5,3,3,2,2,14634.515,6,2,1,2,Agile,797.12,675394.88
69,15,321990.04,2,2,1,2,2,4666.5223,2,5,1,1,Agile,575.95,345451.54
30,48,776102.65,4,1,4,2,3,25870.0883,8,4,1,1,V-Model,1210.95,29516906.25
13,5,930688.93,2,1,4,2,4,71591.4562,8,2,1,1,Agile,73.04,1154842.04
65,32,1129489.52,5,2,2,1,1,17376.7618,2,3,0,3,SAFe,1478.37,1238312.98
48,43,634599.89,1,2,3,1,1,13220.831,3,3,0,3,Iterative,1498.24,843718.94
4,35,227511.01,1,5,5,3,1,56877.7525,15,4,0,1,Spiral,106.44,253534.02
53,27,264742.74,3,3,5,2,1,4995.146,10,3,1,3,Spiral,1388.13,302939.62
50,33,691233.31,1,2,4,1,2,13824.6662,4,3,0,3,SAFe,1508.19,802981.26
48,19,156825.91,2,5,4,3,1,3267.2065,12,2,1,3,Spiral,1313.17,206942.61
8,24,1272972.96,1,5,3,1,3,159121.62,3,1,0,2,Scrum,244.01,1485723.34
63,28,947978.37,4,4,2,3,2,15047.2757,6,1,0,1,Spiral,2358.48,1282793.4
65,6,285513.69,2,1,1,1,4,4392.5183,1,1,1,3,SAFe,433.74,312769.34
73,16,458773.73,2,1,1,2,3,6284.5716,2,3,0,1,SAFe,1038.61,573580.22
55,5,837789.51,3,1,3,3,4,15232.5365,9,4,0,2,SAFe,297.44,1043815.86
47,13,998066.31,3,3,1,3,1,21235.4534,3,2,0,3,Scrum,678.89,1293357.06
42,17,938138.77,3,5,3,3,4,22336.6374,9,5,0,2,Scrum,610.93,1121359.53
32,30,637772.77,1,4,3,3,2,19930.3991,9,4,0,2,Spiral,1130.04,738008.49
22,16,889388.97,5,3,5,1,1,40426.7714,5,1,0,1,Waterfall,310.33,1023636.92
22,12,666183.66,3,4,5,3,2,30281.0755,15,1,0,2,Spiral,375.34,776259.85
36,30,288192.2,4,1,4,3,4,8005.3389,12,3,0,1,Spiral,1215.92,318384.78
38,4,422889.85,5,4,3,1,3,11128.6803,3,5,1,3,V-Model,128.27,537010.61
55,39,388241.81,5,2,4,2,4,7058.942,8,2,0,1,Agile,1833.92,474272.6
3,3,1223203.86,5,4,1,3,2,407734.62,3,4,0,2,Kanban,6.8,35580.36
62,26,388473.48,5,5,2,2,2,6265.7013,4,5,1,1,Agile,906.86,490425.61
39,13,599043.98,5,2,2,2,3,15360.1021,4,3,0,2,Agile,531.64,819176.1
4,21,25449.06,2,3,4,2,3,6362.265,8,2,0,1,Scrum,107.25,29675.19
62,12,387410.34,5,5,3,3,3,6248.5539,9,5,0,2,SAFe,744.85,480380.41
8,12,764682.01,5,4,1,2,1,95585.2512,2,5,0,1,Agile,55.55,441738.47
48,44,1466898.76,1,2,3,1,4,30560.3908,3,3,1,2,Iterative,1892.25,1618300.81
2,25,883150.99,1,2,4,1,4,441575.495,4,3,1,1,Iterative,45.51,996812.0
79,1,66277.61,5,5,5,2,1,838.9571,10,1,0,3,SAFe,98.71,67875.71
25,10,1429068.42,4,2,4,1,3,57162.7368,4,3,1,3,Scrum,349.84,1824396.16
20,22,1318683.8,5,5,5,1,2,65934.19,5,1,1,1,V-Model,481.76,1498877.37
15,24,343033.67,2,2,4,3,3,22868.9113,12,4,1,1,Spiral,401.54,10916868.75
72,41,1341821.82,4,3,3,2,1,18636.4142,6,1,0,1,SAFe,2425.62,1563171.78
41,37,232398.59,4,3,4,3,4,5668.2583,12,4,1,3,Spiral,1729.22,244089.19
22,21,1269236.38,1,1,1,1,4,57692.5627,1,4,0,2,Iterative,330.16,1528860.15
28,37,1110246.13,4,3,3,3,1,39651.6475,9,5,1,2,Spiral,744.12,1323290.55
25,48,554734.45,3,5,5,3,3,22189.378,15,1,1,3,Spiral,2001.85,657904.48
51,16,335969.26,1,3,5,2,3,6587.6325,10,3,0,3,SAFe,1156.52,404957.75
23,40,983280.08,1,5,5,3,2,42751.3078,15,1,0,1,Spiral,1467.4,1208787.14
28,31,1048280.14,4,3,3,2,1,37438.5764,6,4,0,3,Scrum,775.3,1290116.64
46,7,684419.33,2,2,4,2,2,14878.6811,8,3,1,1,Spiral,338.73,853674.29
47,40,800108.73,2,1,2,2,2,17023.59,4,2,0,2,Iterative,2030.54,886148.53
2,19,258520.22,3,1,2,2,3,129260.11,4,2,1,3,Iterative,55.68,292769.73
66,39,1358025.92,5,4,4,3,3,20576.1503,12,4,1,1,Spiral,3392.37,1870097.66
28,18,697158.54,2,3,3,2,2,24898.5193,6,3,0,2,Iterative,526.11,905450.0
57,38,943085.29,1,3,3,1,2,16545.356,3,1,0,2,SAFe,2014.36,1176241.35
27,32,482327.77,1,5,2,1,2,17863.9915,2,4,1,2,Scrum,661.56,565768.43
23,12,327076.19,1,5,2,1,3,14220.7039,2,2,1,1,Scrum,288.33,412190.73
76,23,157682.3,5,5,3,3,3,2074.7671,9,4,0,3,SAFe,1604.03,186590.32
78,18,667040.5,2,1,5,2,2,8551.8013,10,5,1,2,Spiral,1073.76,829665.39
64,23,769354.91,3,1,2,3,4,12021.1705,6,2,0,2,SAFe,1814.11,1056886.91
27,31,1510541.37,5,5,4,1,3,55945.9767,4,5,1,2,V-Model,548.65,1954974.95
48,1,1190487.53,5,1,4,1,1,24801.8235,4,2,0,1,Waterfall,39.54,471387.96
58,2,459204.66,5,1,2,3,1,7917.3217,6,2,1,3,SAFe,114.08,532207.77
26,13,1035267.38,5,3,2,2,4,39817.9762,4,2,1,1,V-Model,301.63,1379158.03
4,45,878613.41,2,4,5,3,2,219653.3525,15,2,0,1,Spiral,255.8,911593.17
47,10,1217734.03,2,5,4,3,1,25909.2347,12,5,0,3,Scrum,309.3,1515721.36
43,41,1123309.12,4,4,5,3,2,26123.4679,15,5,0,2,Spiral,1764.92,1348819.63
2,11,137176.09,4,4,5,1,2,68588.045,5,1,1,1,V-Model,18.93,158691.26
27,32,461331.97,1,3,1,1,1,17086.3693,1,1,0,2,Iterative,701.1,466980.04
30,33,283811.47,3,4,2,3,1,9460.3823,6,4,1,2,Scrum,679.72,295002.06
53,23,1416540.79,2,1,5,1,1,26727.1847,5,2,0,1,Iterative,840.37,1879958.01
71,42,938074.74,4,3,3,2,1,13212.3203,6,4,1,2,SAFe,1932.95,1108302.72
61,22,693756.65,1,2,5,2,2,11373.0598,10,2,1,1,Spiral,1497.3,873923.47
35,29,133442.47,1,1,5,1,3,3812.642,5,2,1,3,Iterative,1367.52,176770.35
17,47,756977.5,4,2,5,2,3,44528.0882,10,1,0,1,Agile,998.29,1019524.32
27,26,1389339.08,3,3,5,3,1,51457.003,15,2,1,2,Spiral,935.27,1729469.26
45,28,38413.17,3,2,5,2,4,853.626,10,3,1,3,Spiral,1279.37,42050.74
12,22,451036.64,4,2,3,2,3,37586.3867,6,1,0,2,Waterfall,344.1,556845.88
38,15,924368.25,5,5,2,2,2,24325.4803,4,3,1,2,V-Model,419.0,1047660.98
63,7,56715.0,5,5,4,3,3,900.2381,12,4,0,3,SAFe,463.3,79311.44
2,6,26178.41,3,5,1,1,2,13089.205,1,3,0,1,Kanban,7.92,50490.0
35,33,1083708.09,4,3,2,3,1,30963.0883,6,4,0,2,Agile,751.22,1137890.34
2,4,554180.64,3,3,1,2,2,277090.32,2,2,0,2,Kanban,6.22,27302.51
62,18,755539.24,3,1,4,3,2,12186.1168,12,4,1,3,Spiral,1138.77,924247.88
39,30,587540.62,2,4,3,1,2,15065.1441,3,2,1,2,Scrum,972.64,691139.71
36,36,886417.33,3,1,5,3,4,24622.7036,15,1,1,1,Spiral,1665.59,1299547.98
36,48,1002639.45,1,2,5,1,2,27851.0958,5,3,0,2,Iterative,1704.11,1325381.77
20,10,992188.01,4,1,1,3,2,49609.4005,3,4,1,3,Agile,213.82,1063125.42
61,32,278341.1,1,3,4,3,4,4562.9689,12,2,1,2,Spiral,2323.73,377285.11
25,12,954099.15,4,1,3,1,2,38163.966,3,4,1,2,V-Model,223.43,1046311.22
50,5,371362.08,1,2,4,1,2,7427.2416,4,2,1,1,Iterative,198.43,420288.53
10,35,120545.59,2,3,5,1,2,12054.559,5,1,0,2,Agile,399.07,166272.86
66,6,770530.67,5,5,1,3,3,11674.7071,3,1,1,1,Agile,467.47,1012374.47
69,38,255892.62,4,2,1,2,1,3708.5887,2,1,1,2,SAFe,2319.72,314669.66
58,45,1056203.58,2,3,1,2,2,18210.4066,2,4,1,1,Iterative,1789.76,1286012.33
7,41,1147244.06,3,4,2,2,1,163892.0086,4,3,0,3,Scrum,232.27,1430145.12
19,44,830028.44,2,5,5,1,2,43685.7074,5,3,1,2,Scrum,716.69,960048.48
52,20,266050.51,4,2,4,3,1,5116.356,12,5,1,2,Spiral,838.21,320567.96
33,11,1214062.65,5,5,2,1,1,36789.7773,2,2,1,3,V-Model,408.1,1527621.42
10,21,1470893.91,1,5,2,2,3,147089.391,4,3,1,1,Scrum,230.16,1569473.69
45,23,1079254.18,3,5,3,1,3,23983.4262,3,1,0,3,Waterfall,1256.16,1355714.98
11,14,1198594.84,5,2,3,1,3,108963.1673,3,5,1,1,V-Model,107.95,1307154.38
35,47,280198.54,1,2,2,3,3,8005.6726,6,3,0,1,Iterative,1649.86,289134.34
55,15,495745.05,3,2,5,3,4,9013.5464,15,1,0,2,Spiral,1421.17,533459.86
32,42,176989.11,2,2,5,3,1,5530.9097,15,1,0,3,Spiral,2083.85,221353.06
16,4,1523048.81,1,3,1,2,3,95190.5506,2,1,0,2,RAD,69.0,402093.58
27,6,93582.48,1,5,1,2,3,3466.0178,2,4,0,1,Scrum,122.84,119840.72
30,22,38970.45,2,2,3,1,1,1299.015,3,1,1,2,Agile,546.2,49883.02
57,37,571076.27,1,5,2,1,3,10018.8819,2,1,1,2,SAFe,2143.1,655951.17
66,15,654286.62,5,4,4,2,2,9913.4336,8,2,1,3,V-Model,1312.98,832821.49
75,6,1335150.23,2,4,2,3,3,17802.0031,6,5,1,3,SAFe,485.58,1591417.63
65,2,853412.06,1,4,5,3,1,13129.4163,15,3,1,2,Spiral,143.76,931493.68
18,27,797655.7,5,5,2,2,2,44314.2056,4,1,0,1,Scrum,465.21,922237.33
44,8,55442.31,2,4,2,2,2,1260.0525,4,5,0,1,Scrum,225.27,73822.67
79,25,1538688.27,5,3,2,3,1,19477.0667,6,1,0,1,SAFe,1834.02,1792858.43
54,40,905777.03,2,4,1,2,1,16773.6487,2,5,1,1,Agile,835.43,627840.85
55,17,228169.74,2,5,1,2,4,4148.5407,2,1,0,1,Scrum,905.99,316328.08
56,25,1196885.18,2,4,1,1,1,21372.9496,1,3,0,3,SAFe,801.52,1352911.92
49,19,216859.04,1,2,4,3,1,4425.6947,12,3,0,2,Spiral,729.97,258262.79
24,17,527961.83,5,1,5,1,1,21998.4096,5,5,1,1,V-Model,227.8,623404.39
55,1,716327.28,1,5,2,2,2,13024.1324,4,1,1,2,SAFe,56.57,882169.57
79,37,817843.56,1,3,4,2,4,10352.4501,8,1,1,1,Spiral,3357.8,988497.5
7,8,57033.04,3,2,2,3,1,8147.5771,6,3,0,1,Agile,43.57,72159.15
25,2,650396.2,1,1,2,3,1,26015.848,6,1,0,2,Iterative,55.5,646657.18
6,4,61769.45,2,5,4,1,1,10294.9083,4,2,0,1,RAD,15.6,163800.0
13,27,1490414.71,1,3,2,2,1,114647.2854,4,1,1,1,Scrum,332.56,1599317.58
35,18,412981.05,2,3,5,3,3,11799.4586,15,4,0,3,Spiral,1003.98,482353.45
64,20,296473.27,3,3,2,1,4,4632.3948,2,4,1,2,SAFe,943.55,300423.68
3,21,1287212.69,2,3,1,1,3,429070.8967,1,4,0,1,Scrum,44.99,280333.19
78,4,1443307.43,3,1,2,1,1,18503.9414,2,5,1,3,SAFe,154.17,1425516.46
48,23,1185186.64,3,4,5,2,3,24691.3883,10,5,0,2,Agile,1041.17,1340301.91
64,5,15640.94,5,1,2,2,1,244.3897,4,2,1,3,SAFe,303.06,18179.99
25,13,1211679.55,2,1,5,3,4,48467.182,15,5,1,3,Spiral,393.12,1583249.57
69,43,381272.51,5,3,5,2,2,5525.6886,10,3,0,1,Agile,3033.2,558524.55
44,31,196583.64,4,3,5,2,4,4467.81,10,2,0,3,Scrum,1976.27,181435.58
7,12,98761.16,3,4,3,2,1,14108.7371,6,4,0,3,Scrum,78.49,941880.0
64,25,1142749.86,1,3,5,1,2,17855.4666,5,2,1,3,SAFe,1527.46,1560492.17
69,31,1302230.32,4,4,3,1,3,18872.9032,3,3,0,1,Waterfall,1822.53,1400549.15
32,24,33144.72,1,1,1,1,1,1035.7725,1,5,1,1,Iterative,313.46,42816.13
53,2,327028.51,2,5,5,2,1,6170.3492,10,4,1,1,Spiral,68.62,434306.49
4,17,426825.19,4,2,5,1,1,106706.2975,5,4,0,3,Scrum,61.01,427704.83
15,2,1354485.13,5,3,3,2,3,90299.0087,6,2,0,1,RAD,36.72,485251.85
79,13,1467345.14,3,1,4,2,3,18573.9891,8,3,0,1,SAFe,1170.82,1597188.45
42,13,865523.96,4,3,1,3,1,20607.7133,3,1,1,2,Agile,558.21,944522.37
73,43,866852.84,4,3,3,2,4,11874.6964,6,3,0,2,SAFe,3167.27,1094566.31
6,28,293186.47,4,5,3,1,4,48864.4117,3,1,0,1,Scrum,155.3,333787.14
61,36,1322068.33,4,1,3,1,1,21673.2513,3,2,1,2,SAFe,1842.02,1518127.67
43,43,964730.35,2,5,3,3,3,22435.5895,9,2,1,1,Scrum,2055.42,1111099.75
33,15,33067.13,4,5,1,1,3,1002.0342,1,5,1,1,Waterfall,278.17,38959.95
72,37,790565.84,1,3,4,1,4,10980.0811,4,1,1,3,SAFe,2967.77,798972.84
77,8,952022.0,5,5,5,1,3,12363.9221,5,2,0,1,SAFe,700.77,1038006.13
78,36,199084.87,4,3,2,2,3,2552.3701,4,2,0,1,SAFe,3431.07,251519.84
33,33,1134754.64,3,4,4,1,1,34386.5042,4,3,1,3,V-Model,1057.55,1382355.62
77,47,1325114.5,3,2,3,1,2,17209.2792,3,4,1,1,SAFe,2267.42,1448725.4
18,15,466108.16,3,1,1,3,3,25894.8978,3,1,1,1,Agile,345.27,501488.55
11,42,1227480.37,4,5,2,3,1,111589.1245,6,2,0,1,Agile,283.65,1381880.75
49,24,32082.09,2,3,1,3,2,654.7365,3,2,1,1,Iterative,962.35,45086.5
65,40,1127913.52,4,5,3,1,4,17352.5157,3,4,0,3,Waterfall,825.18,125633.0
50,17,803860.96,3,5,2,3,2,16077.2192,6,3,1,2,SAFe,801.32,831329.41
33,38,1271916.62,1,5,2,2,3,38542.9279,4,1,1,3,Scrum,1856.01,1350640.68
56,4,91630.73,5,4,5,1,1,1636.263,5,5,0,1,RAD,117.2,116004.93
5,29,444336.35,3,1,3,1,3,88867.27,3,3,1,3,Iterative,137.84,571834.46
55,48,532750.88,1,3,1,1,2,9686.3796,1,5,1,2,SAFe,1541.09,691625.96
52,20,1095807.49,3,2,5,1,3,21073.221,5,3,1,2,SAFe,1169.01,1188120.02
5,39,24922.96,3,3,3,2,2,4984.592,6,2,1,3,Scrum,250.8,30384.26
66,20,1150273.1,4,1,3,2,1,17428.3803,6,5,0,2,SAFe,803.13,1385076.03
42,14,664377.93,3,3,3,2,1,15818.5221,6,3,0,2,Iterative,561.43,817221.81
58,22,72057.33,5,2,2,3,4,1242.3678,6,1,0,1,Spiral,1514.93,74539.85
56,7,165825.57,5,4,4,2,4,2961.1709,8,5,1,3,V-Model,345.74,200808.5
21,41,332676.01,3,4,1,1,4,15841.7148,1,1,0,3,Scrum,986.45,385952.77
14,28,1455585.65,4,2,4,1,1,103970.4036,4,5,1,2,Agile,282.09,1806448.3
9,1,344660.35,4,1,3,2,3,38295.5944,6,1,1,3,Waterfall,13.47,135168.18
43,28,809307.27,3,2,3,3,4,18821.0993,9,4,1,2,Agile,923.51,914394.06
80,19,887646.0,2,5,5,3,2,11095.575,15,1,0,2,Spiral,2258.72,1001051.93
39,36,427375.32,5,1,5,2,3,10958.3415,10,2,0,2,Scrum,1754.32,556257.51
75,42,378894.19,3,5,1,3,4,5051.9225,3,4,0,3,SAFe,3394.54,476472.43
8,9,119986.33,2,3,3,2,2,14998.2912,6,2,0,2,Scrum,71.41,1071150.0
40,46,1231268.15,2,3,4,3,2,30781.7037,12,3,0,1,Spiral,1509.11,1676093.24
6,48,1261018.51,3,4,3,2,4,210169.7517,6,3,1,2,V-Model,333.41,1262423.02
55,35,1547281.89,3,5,2,2,2,28132.398,4,3,1,3,SAFe,1577.93,2052980.62
31,38,526279.87,4,3,1,2,2,16976.77,2,3,1,2,Agile,1119.26,652964.06
48,10,1366241.75,2,2,4,3,3,28463.3698,12,5,1,2,Spiral,501.99,1446732.66
32,19,371798.72,2,1,5,1,3,11618.71,5,1,0,3,Iterative,754.29,496678.32
23,36,411840.65,2,5,5,1,1,17906.1152,5,5,1,2,Scrum,577.96,509360.41
4,7,220777.33,1,3,2,2,1,55194.3325,4,2,0,1,Iterative,23.97,281846.88
15,2,949008.1,4,5,2,2,4,63267.2067,4,4,1,3,RAD,26.07,335032.39
7,3,71655.62,1,5,3,1,1,10236.5171,3,5,0,1,RAD,11.09,87333.75
49,34,868226.42,2,3,2,2,4,17718.9065,4,2,0,2,Scrum,1833.76,1091679.54
4,15,1410609.21,3,4,1,2,2,352652.3025,2,2,1,1,Agile,47.88,352478.44
25,15,307517.61,2,4,2,3,3,12300.7044,6,5,1,3,Scrum,380.87,384824.79
15,6,1296514.39,5,5,3,1,2,86434.2927,3,5,0,1,Waterfall,45.34,448890.2
14,14,223386.35,3,2,1,3,2,15956.1679,3,2,0,1,Agile,152.06,309249.71
59,44,1059823.81,5,5,2,3,2,17963.1154,6,3,1,2,Spiral,2262.09,1071312.26
16,9,1293499.08,2,4,2,2,3,80843.6925,4,1,1,3,Scrum,182.53,1305179.22
3,20,1440192.11,4,5,1,1,1,480064.0367,1,3,0,1,Waterfall,41.07,291935.84
56,46,104076.62,5,5,3,3,3,1858.5111,9,4,0,2,SAFe,2547.29,117831.09
36,30,922145.93,4,1,2,3,3,25615.1647,6,3,1,3,Agile,1166.24,1176078.11
24,8,197976.35,4,5,4,1,4,8249.0146,4,5,0,1,Scrum,126.3,221148.55
36,41,1307983.72,3,5,4,2,1,36332.8811,8,5,0,1,Scrum,902.14,1402522.96
51,18,209124.53,3,2,4,2,1,4100.481,8,3,1,1,Spiral,795.07,270993.72
17,26,302339.34,1,1,4,3,1,17784.6671,12,5,1,3,Spiral,391.06,361426.21
31,9,793596.24,1,1,4,2,3,25599.8787,8,5,0,3,Iterative,277.04,935346.0
50,39,1090857.48,4,1,2,3,4,21817.1496,6,5,1,1,Agile,1302.8,1232271.96
65,31,602420.87,4,1,2,3,4,9268.0134,6,5,1,1,Agile,1362.56,718721.43
55,16,202250.18,1,5,2,3,2,3677.276,6,3,1,3,SAFe,869.09,235537.82
5,34,157214.54,4,1,4,3,1,31442.908,12,5,0,1,Spiral,148.0,175291.4
6,6,112285.39,1,3,5,2,2,18714.2317,10,5,0,2,XP,26.78,418437.5
10,12,752414.86,3,3,1,1,2,75241.486,1,1,0,3,Waterfall,120.27,636731.61
38,39,16030.27,1,1,4,2,4,421.8492,8,4,0,1,Iterative,1206.02,21602.75
34,23,999711.18,1,1,5,3,3,29403.27,15,4,0,2,Spiral,994.16,1103273.81
27,10,323744.04,5,2,5,3,2,11990.52,15,2,0,1,Spiral,299.49,382874.11
36,15,458266.02,4,4,5,1,4,12729.6117,5,5,1,3,Scrum,528.26,534135.8
35,30,610912.84,3,1,5,2,2,17454.6526,10,3,0,2,Iterative,1049.56,856023.07
4,3,1237251.6,5,5,3,2,2,309312.9,6,2,0,1,Kanban,9.72,63182.11
4,10,533745.1,1,5,2,2,2,133436.275,4,1,0,2,Scrum,41.78,273658.39
49,48,333480.57,3,4,3,1,1,6805.7259,3,1,1,3,Scrum,2098.31,389473.9
54,1,579945.42,3,5,4,3,4,10739.73,12,4,0,2,SAFe,45.1,591943.79
48,6,829369.34,3,4,3,1,4,17278.5279,3,4,0,2,Scrum,185.45,921489.98
66,21,1082845.24,2,5,2,3,4,16406.7461,6,4,0,3,Spiral,1811.22,1122935.61
16,8,1307146.05,4,2,3,2,2,81696.6281,6,3,0,2,Agile,98.61,1250326.34
55,13,190742.98,2,3,5,3,2,3468.0542,15,5,0,2,Spiral,602.0,219065.74
11,37,729516.19,4,2,1,2,3,66319.6536,2,4,0,2,Waterfall,369.77,869450.3
23,14,73097.74,4,3,3,2,1,3178.1626,6,4,1,2,Agile,204.35,84039.03
59,26,763677.31,3,5,5,3,1,12943.6832,15,3,1,2,Iterative,1921.1,961950.46
33,37,887475.42,2,3,2,1,2,26893.1945,2,3,1,2,Scrum,729.4,989280.91
36,23,653694.41,3,4,3,2,3,18158.1781,6,1,0,1,Agile,892.85,715668.38
80,31,943121.19,2,5,2,1,3,11789.0149,2,2,0,1,SAFe,2162.77,1232960.04
70,4,192452.35,4,5,1,3,1,2749.3193,3,4,1,3,SAFe,275.95,211066.57
11,46,1212802.87,5,4,4,3,1,110254.8064,12,2,1,3,Spiral,663.14,1367729.07
7,22,349190.18,2,3,2,1,2,49884.3114,2,5,0,3,Scrum,86.95,453754.19
50,15,1517166.44,5,3,4,3,4,30343.3288,12,2,0,1,Agile,1029.75,1877180.89
7,23,432084.29,3,2,1,2,1,61726.3271,2,2,0,1,Agile,138.01,506063.57
46,41,25142.63,4,4,2,3,2,546.5789,6,1,1,3,Scrum,2231.87,31299.06
43,30,368553.22,2,3,1,3,2,8571.0051,3,4,0,3,Agile,979.34,425264.22
9,21,1459497.85,2,1,1,2,2,162166.4278,2,1,0,3,Agile,241.95,1872618.24
74,10,459570.38,2,3,2,2,4,6210.4105,4,1,1,3,SAFe,1123.58,503562.97
60,46,60046.84,3,1,5,1,4,1000.7807,5,1,0,3,SAFe,3666.96,67644.84
17,1,883994.59,1,1,2,1,4,51999.6818,2,5,0,2,Iterative,10.49,94029.6
46,41,841351.47,3,3,1,1,2,18290.2493,1,2,0,3,Scrum,1828.76,924676.09
9,19,290692.76,2,4,5,1,4,32299.1956,5,2,0,2,Iterative,187.44,409731.46
25,4,805385.41,3,4,1,3,2,32215.4164,3,3,0,1,Scrum,85.32,526724.39
25,15,9820.14,2,5,4,1,1,392.8056,4,1,1,1,Scrum,331.65,10617.8
30,36,685089.05,5,5,2,2,4,22836.3017,4,1,1,3,Scrum,1319.35,884396.61
13,34,1396186.55,3,5,4,3,1,107398.9654,12,4,1,2,Spiral,377.33,1606010.07
36,2,606684.09,2,5,2,2,2,16852.3358,4,5,1,1,RAD,43.08,557148.38
53,10,477578.45,4,4,5,1,4,9010.9142,5,2,1,2,V-Model,598.35,644189.8
71,32,1330344.71,2,5,3,3,2,18737.2494,9,4,0,1,Spiral,1902.23,1560435.02
56,13,1421512.3,2,5,1,3,3,25384.1482,3,2,0,3,SAFe,1260.14,1808904.94
23,29,560552.27,5,2,1,2,2,24371.8378,2,3,1,1,Waterfall,436.78,685379.78
64,45,781883.64,5,2,1,3,1,12216.9319,3,4,0,1,Agile,2192.53,900892.68
71,7,821351.76,2,3,1,2,4,11568.3346,2,4,1,2,SAFe,343.78,1104802.94
62,39,122138.41,5,5,5,1,2,1969.9744,5,1,1,2,V-Model,2774.11,155456.96
55,12,243282.6,1,2,2,2,3,4423.32,4,4,1,3,SAFe,577.59,313350.97
40,14,1452257.96,5,2,2,2,4,36306.449,4,2,1,1,Waterfall,530.75,1872084.34
22,27,1178527.29,3,4,3,3,4,53569.4223,9,3,0,2,Spiral,640.53,1300327.84
48,26,873806.01,3,5,2,3,3,18204.2919,6,4,0,1,Scrum,954.38,1230403.58
47,41,511291.0,5,1,2,1,4,10878.5319,2,1,0,2,Waterfall,2154.88,558241.24
23,4,980670.78,3,1,1,1,3,42637.86,1,5,0,3,Agile,69.47,619150.8
25,43,309444.47,2,3,1,2,4,12377.7788,2,5,0,3,Iterative,844.38,419386.74
19,15,1277480.48,1,3,2,3,2,67235.8147,6,4,1,2,Agile,193.82,1360390.86
56,30,547234.29,1,3,4,2,3,9772.0409,8,3,0,1,Scrum,1831.61,657032.16
69,24,1317619.37,4,2,5,2,4,19095.9329,10,2,1,2,V-Model,1931.56,1425272.16
57,43,133045.37,5,1,1,1,1,2334.1293,1,5,1,2,SAFe,1127.63,168544.72
50,18,502954.77,4,4,5,2,4,10059.0954,10,1,1,2,V-Model,1353.99,576049.07
49,3,1487684.13,1,3,1,2,2,30360.9006,2,4,0,2,Iterative,85.2,502539.39
37,28,527082.95,5,4,3,1,3,14245.4851,3,2,0,2,Waterfall,1212.91,709253.74
27,26,1333898.11,5,4,4,1,1,49403.6337,4,1,0,3,Waterfall,792.03,1428787.85
25,25,762698.23,2,2,3,3,4,30507.9292,9,5,0,3,Spiral,766.96,882388.05
2,48,1547890.95,1,3,2,1,3,773945.475,2,3,0,3,Scrum,80.19,524638.88
65,27,25172.34,3,2,5,2,4,387.2668,10,5,0,2,SAFe,1736.88,28898.53
28,9,183056.83,1,1,5,2,2,6537.7439,10,3,1,3,Spiral,275.49,237516.97
68,36,1352717.84,5,1,1,3,1,19892.9094,3,1,1,3,SAFe,2984.18,1602243.89
10,17,1120575.83,5,2,5,1,4,112057.583,5,3,1,3,V-Model,204.45,1431121.32
68,40,1418043.54,5,5,1,3,1,20853.5815,3,2,0,2,SAFe,1794.83,1762938.49
41,10,1126728.06,3,5,3,1,4,27481.1722,3,5,0,2,Agile,245.41,1489864.91
62,33,1391163.94,2,2,3,2,1,22438.1281,6,3,0,3,SAFe,1652.31,1528393.48
35,22,116624.43,3,2,1,2,3,3332.1266,2,5,1,3,Agile,758.09,130042.26
61,7,727780.77,4,4,5,2,3,11930.8323,10,5,1,3,Spiral,483.76,931818.13
65,12,936861.64,1,3,2,3,4,14413.256,6,2,1,3,SAFe,1377.1,1033769.87
76,9,95610.21,4,5,2,3,2,1258.0291,6,5,1,1,SAFe,464.23,120321.11
13,5,1507785.27,2,1,3,1,3,115983.4823,3,3,1,3,Iterative,64.67,1078957.38
58,8,737879.23,5,1,3,3,2,12722.0557,9,4,0,2,SAFe,472.82,902078.16
35,30,1357350.71,4,4,5,1,2,38781.4489,5,3,1,1,V-Model,910.69,1547452.1
72,37,454995.29,5,5,5,3,3,6319.379,15,1,1,3,Spiral,4839.59,533575.24
15,44,289243.62,4,1,3,3,3,19282.908,9,2,1,2,Spiral,1050.89,368086.07
6,16,1069179.0,4,4,4,2,4,178196.5,8,2,1,2,Spiral,106.33,1180839.68
6,37,1447704.93,3,1,5,3,2,241284.155,15,3,1,2,Spiral,308.5,1639083.68
26,1,1110604.62,2,3,1,1,2,42715.5623,1,5,1,3,Agile,19.98,224908.16
61,23,684418.11,4,3,3,2,3,11219.969,6,5,1,2,V-Model,1169.09,768982.57
71,11,1064555.06,4,2,4,2,2,14993.7332,8,2,0,2,SAFe,824.92,1345395.74
58,36,1452170.67,5,5,1,3,1,25037.4253,3,1,1,1,Agile,1883.42,2016564.36
27,44,1019312.73,4,3,5,1,4,37752.3233,5,1,0,2,Waterfall,1427.0,1055604.47
14,32,183148.19,4,4,1,2,2,13082.0136,2,4,1,1,Agile,204.76,189313.18
62,23,1259759.02,2,2,4,2,1,20318.6939,8,3,1,2,SAFe,1004.52,1599807.42
52,29,958682.77,5,3,2,1,3,18436.2071,2,1,1,3,SAFe,2200.68,1028676.37
6,16,1188732.58,2,3,4,3,1,198122.0967,12,2,1,1,Spiral,117.18,1368079.37
57,29,1108509.83,1,2,4,2,3,19447.5409,8,2,0,1,Iterative,2392.21,1353763.89
77,1,715621.29,2,2,3,1,2,9293.783,3,3,0,2,SAFe,48.7,533930.32
40,45,1000008.41,5,5,2,2,2,25000.2102,4,3,1,3,Scrum,1893.37,1120386.44
70,4,251225.01,5,3,3,3,3,3588.9287,9,2,0,1,Spiral,437.92,299849.26
22,43,440599.54,2,1,1,1,1,20027.2518,1,2,0,1,Iterative,618.38,494431.66
35,39,971938.29,5,2,1,3,3,27769.6654,3,2,1,3,Iterative,1540.06,1233483.58
10,3,1314022.87,3,5,3,2,1,131402.287,6,5,1,2,RAD,22.84,312847.23
30,48,759175.43,5,1,5,2,3,25305.8477,10,4,1,1,V-Model,1210.95,29516906.25
28,25,634504.06,4,4,3,3,4,22660.8593,9,4,0,1,Agile,644.43,711647.79
33,15,1039939.14,4,4,1,2,1,31513.3073,2,1,0,2,Scrum,402.06,1389698.24
37,47,872322.27,4,3,2,2,1,23576.2776,4,5,1,1,Agile,979.73,1020126.77
71,42,858290.42,2,4,4,3,4,12088.5975,12,5,0,2,Spiral,3202.5,912367.48
36,40,294591.79,4,1,5,1,1,8183.1053,5,5,1,1,V-Model,939.04,337269.93
52,12,477302.01,2,4,5,2,4,9178.8848,10,3,0,2,SAFe,833.03,570844.12
12,19,784233.01,1,3,3,2,2,65352.7508,6,5,1,1,Spiral,155.62,989257.95
27,48,535290.43,5,1,5,2,3,19825.5715,10,5,1,1,V-Model,1031.87,599992.27
61,40,225422.23,1,5,5,2,4,3695.4464,10,4,0,2,SAFe,2678.96,298795.34
69,25,27795.01,1,5,1,1,3,402.8262,1,2,1,1,Scrum,1203.97,29555.67
35,23,749128.49,4,3,5,2,4,21403.6711,10,4,1,3,Spiral,718.06,860663.94
23,35,1371548.69,1,4,4,3,3,59632.5517,12,4,1,1,Spiral,944.12,1610825.42
77,29,268625.68,4,5,1,3,3,3488.6452,3,2,0,1,SAFe,2794.09,301565.18
35,2,1381051.0,5,3,4,3,3,39458.6,12,2,0,2,Spiral,100.72,1682012.88
62,41,393349.62,5,1,1,3,1,6344.3487,3,2,1,3,SAFe,2543.84,462560.86
67,33,499044.93,4,3,4,1,3,7448.4318,4,1,1,1,V-Model,2207.03,650334.68
2,5,1376681.21,3,3,5,3,4,688340.605,15,3,0,1,Spiral,13.09,258540.74
11,7,333420.82,5,4,5,1,3,30310.9836,5,4,0,2,Waterfall,59.42,359649.62
28,30,948769.39,1,5,5,1,1,33884.6211,5,1,0,3,Scrum,960.58,1161761.99
71,12,831160.37,3,3,4,2,2,11706.4841,8,4,1,2,SAFe,626.05,973420.06
31,12,23918.42,3,3,1,3,1,771.5619,3,1,0,1,Agile,316.27,24334.88
74,27,980761.02,4,4,4,3,4,13253.5273,12,1,0,2,Spiral,2905.17,1357923.12
15,27,849131.71,1,5,1,2,2,56608.7807,2,1,0,3,Scrum,479.59,938424.89
22,27,1027479.07,3,1,4,1,4,46703.5941,4,2,1,3,Iterative,826.33,1279314.63
22,38,85717.91,3,2,5,1,2,3896.2686,5,1,1,2,V-Model,1044.76,104611.29
29,18,453268.43,3,5,3,1,4,15629.9459,3,4,0,3,Waterfall,487.07,563833.63
12,13,1437655.56,1,3,5,1,2,119804.63,5,5,1,2,Agile,97.64,1697621.65
27,14,966374.37,1,5,1,3,4,35791.6433,3,2,1,2,Scrum,474.93,1094005.5
3,45,933613.96,4,2,1,2,2,311204.6533,2,5,1,3,Scrum,117.69,1188709.72
40,32,830943.57,1,4,2,2,3,20773.5892,4,1,1,1,Iterative,1477.37,1137112.74
35,10,182696.92,5,2,3,3,3,5219.912,9,1,1,1,Agile,432.35,199957.06
20,7,36412.53,4,2,3,1,3,1820.6265,3,2,0,1,V-Model,133.67,43065.54
27,11,307164.05,3,5,4,1,2,11376.4463,4,4,1,1,V-Model,215.25,369349.37
20,10,682032.7,1,5,5,3,2,34101.635,15,1,1,3,Spiral,327.99,765311.76
79,27,192953.25,2,5,3,2,3,2442.4462,6,4,1,2,SAFe,1835.86,276691.3
61,41,428795.73,5,1,1,3,4,7029.4382,3,1,1,1,Agile,2635.81,536190.2
29,9,771329.15,1,2,2,2,3,26597.5569,4,1,1,2,Iterative,314.87,794935.51
8,21,219591.77,5,3,2,2,2,27448.9712,4,3,0,2,Agile,146.12,262601.68
32,20,1464185.87,3,5,1,3,4,45755.8084,3,2,0,3,Scrum,911.19,1491065.09
16,12,33803.03,5,3,5,1,2,2112.6894,5,2,1,2,V-Model,185.95,44103.84
37,13,662733.21,1,4,1,2,1,17911.7084,2,1,0,2,Scrum,478.99,700109.75
3,48,1426113.02,5,2,5,1,1,475371.0067,5,4,1,2,V-Model,98.74,1751732.48
40,19,581869.65,1,4,4,3,4,14546.7412,12,3,0,3,Spiral,983.34,794914.11
5,24,543514.09,4,2,1,1,3,108702.818,1,1,0,3,Scrum,139.5,665490.73
70,28,915492.61,4,3,3,3,4,13078.4659,9,5,1,1,SAFe,1447.28,1270821.28
49,48,927573.55,2,3,2,1,3,18930.0724,2,2,1,2,Scrum,2868.67,1181406.12
17,6,166202.25,1,4,5,3,1,9776.6029,15,1,1,1,Spiral,118.05,199442.39
76,18,971873.2,5,3,5,3,1,12787.8053,15,2,1,2,Spiral,1643.65,1257842.32
80,45,1204032.2,5,4,5,2,4,15050.4025,10,5,0,3,SAFe,4209.57,1353129.71
24,6,1496596.26,4,5,5,2,4,62358.1775,10,3,0,3,Scrum,151.34,1946830.85
38,36,1016230.28,4,2,5,2,4,26742.9021,10,3,0,3,Agile,1880.7,1389950.04
62,45,1358386.14,3,2,5,1,4,21909.4539,5,4,1,3,SAFe,2069.89,1765491.3
20,21,1002419.95,2,2,4,3,1,50120.9975,12,2,0,3,Spiral,566.73,1122392.63
25,15,671161.99,2,1,4,3,1,26846.4796,12,2,1,2,Iterative,454.71,765774.41
42,35,1236042.63,1,1,3,1,2,29429.5864,3,2,1,1,Iterative,1400.55,1602377.31
58,45,1406705.44,3,3,2,2,4,24253.5421,4,4,0,2,SAFe,2165.97,1802766.49
31,22,384101.05,5,5,3,1,2,12390.3565,3,5,1,3,V-Model,503.61,467435.98
54,41,444455.5,1,4,1,1,4,8230.6574,1,1,1,2,SAFe,2232.46,452541.66
78,34,1103780.67,4,1,4,2,1,14151.0342,8,2,1,2,V-Model,2680.26,1402480.05
44,32,1172296.45,3,4,2,3,1,26643.1011,6,2,0,1,Scrum,1155.66,1436007.15
75,47,1395582.04,5,4,3,1,1,18607.7605,3,1,1,1,V-Model,2740.28,1777143.54
71,22,1355843.02,5,4,1,2,4,19096.3806,2,4,1,2,SAFe,1046.34,1664752.1
57,1,782544.77,1,5,2,1,3,13728.8556,2,1,0,3,SAFe,62.07,608430.96
40,20,216059.39,2,5,1,3,1,5401.4848,3,5,1,3,Scrum,621.77,251031.14
68,33,1012346.51,5,3,4,2,3,14887.4487,8,5,0,1,Agile,1755.96,1188501.01
44,48,703614.29,2,2,3,2,1,15991.2339,6,1,1,3,Iterative,2552.84,788383.85
9,14,290093.26,5,5,5,2,3,32232.5844,10,2,0,1,Scrum,147.16,353512.36
8,36,1195547.31,5,5,2,3,3,149443.4138,6,1,0,1,Spiral,395.17,1599570.04
76,11,870241.05,2,1,5,2,1,11450.5401,10,3,1,1,Spiral,731.21,1020703.2
33,2,1022522.42,3,1,1,3,4,30985.5279,3,4,1,1,Agile,38.51,269233.67
9,43,583687.57,3,3,4,3,3,64854.1744,12,4,0,3,Spiral,422.94,651391.3
49,31,298889.66,2,5,1,1,2,6099.789,1,1,0,3,Scrum,1643.82,313119.81
26,26,530241.84,3,2,2,1,3,20393.9169,2,1,1,1,Iterative,752.58,618039.48
51,14,546819.46,3,5,3,3,1,10721.9502,9,1,0,3,Spiral,931.26,644329.49
48,6,1020850.85,2,4,2,2,1,21267.726,4,4,0,1,Agile,170.42,1240448.51
29,45,1461828.41,2,2,4,3,4,50407.8762,12,3,0,2,Spiral,1428.82,1924023.3
51,31,389947.25,1,1,1,2,1,7646.0245,2,4,0,3,SAFe,1281.17,549408.67
61,41,757538.16,3,3,1,1,1,12418.6584,1,4,0,3,SAFe,1455.93,1083450.71
3,4,21389.11,4,2,1,1,1,7129.7033,1,2,0,1,Kanban,6.6,28050.0
42,25,134904.01,2,1,3,2,1,3212.0002,6,1,0,3,Agile,1402.88,163089.45
17,9,1155468.23,3,5,1,3,4,67968.7194,3,4,1,3,Scrum,137.6,1548794.33
52,41,648163.06,3,5,3,2,3,12464.6742,6,1,0,2,SAFe,2624.58,833712.02
40,3,500167.57,3,5,1,2,3,12504.1892,2,2,1,1,RAD,132.23,640297.85
10,43,33796.05,3,5,3,2,1,3379.605,6,3,0,1,Agile,329.61,38209.3
16,13,422001.54,2,2,5,1,3,26375.0962,5,1,1,2,Iterative,235.21,557265.21
21,29,180991.9,1,4,1,3,3,8618.6619,3,4,1,1,Scrum,437.37,211635.35
26,41,131699.33,1,1,1,1,2,5065.3588,1,1,1,1,Iterative,814.48,158176.33
30,40,1436535.36,1,3,2,1,1,47884.512,2,1,0,2,Scrum,1111.91,1732538.79
35,39,1286406.73,1,3,3,1,2,36754.478,3,4,0,2,Scrum,842.31,1631258.71
24,22,279173.28,4,4,2,1,3,11632.22,2,2,0,3,Waterfall,492.69,308952.43
5,45,1231674.22,4,2,1,1,1,246334.844,1,4,0,2,Agile,140.72,928355.55
11,3,687718.54,5,5,4,3,4,62519.8673,12,4,0,1,Spiral,33.44,743891.02
69,21,1315023.1,1,2,5,3,4,19058.3058,15,2,1,1,Spiral,1699.08,1481830.6
79,30,544580.46,2,3,3,2,2,6893.4235,6,2,0,2,SAFe,2220.76,647154.67
10,10,136223.92,5,1,2,2,2,13622.392,4,4,1,2,Agile,74.67,170988.64
80,19,747009.82,3,4,5,2,4,9337.6227,10,4,1,2,V-Model,1474.04,832825.52
58,30,568142.65,3,4,4,1,4,9795.5629,4,3,0,2,Scrum,1559.63,674853.62
29,25,1039576.47,1,3,5,3,4,35847.4645,15,3,1,2,Spiral,801.63,1393678.91
49,18,281940.15,2,2,5,1,1,5753.8806,5,5,0,3,Iterative,630.73,329666.47
27,43,936811.89,5,4,3,1,2,34696.7367,3,1,0,2,Waterfall,1193.75,1061130.21
58,23,1221916.91,1,2,1,1,1,21067.5329,1,2,1,2,SAFe,1122.45,1586386.98
51,47,523914.92,4,4,2,3,2,10272.8416,6,1,0,1,Spiral,2632.81,606268.63
4,31,449589.43,1,2,4,1,4,112397.3575,4,5,0,2,Iterative,98.09,558569.07
4,44,1205881.49,2,1,5,3,3,301470.3725,15,1,0,3,Spiral,333.63,1771937.12
18,3,1281655.27,1,4,1,1,1,71203.0706,1,3,0,2,RAD,36.07,197666.84
31,45,678948.96,2,5,2,1,4,21901.5794,2,1,1,1,Scrum,1325.85,892434.76
51,7,658254.75,2,5,1,1,2,12906.9559,1,4,0,2,SAFe,194.51,739020.72
16,13,385524.92,4,3,4,1,3,24095.3075,4,2,0,3,Scrum,225.29,386073.37
78,39,765820.43,1,1,1,3,4,9818.2106,3,1,1,2,SAFe,3706.53,897372.53
78,41,1330910.24,3,1,4,1,4,17062.9518,4,2,1,3,SAFe,4163.32,1741780.64
22,38,1123871.12,4,4,5,1,1,51085.0509,5,2,0,3,Waterfall,990.9,1115015.13
57,13,754648.43,5,1,3,1,1,13239.4461,3,4,1,2,SAFe,394.14,879617.52
28,46,1003842.75,2,3,5,2,4,35851.5268,10,1,1,3,Spiral,2014.9,1170077.4
36,5,917425.15,2,5,4,2,2,25484.0319,8,1,1,3,Spiral,250.86,1030310.37
9,14,681331.52,1,2,4,2,2,75703.5022,8,4,1,1,Iterative,76.43,827205.03
53,29,175360.04,2,1,5,3,2,3308.68,15,3,0,3,Spiral,2236.77,236905.12
46,26,849695.49,5,4,4,2,1,18471.6411,8,1,1,1,V-Model,1353.35,1061157.35
54,46,473437.57,2,4,2,1,2,8767.3624,2,2,1,1,Agile,2053.08,563911.88
46,42,966468.34,4,1,5,2,2,21010.1813,10,3,1,3,V-Model,2554.67,1211175.01
57,21,466941.93,3,5,5,2,1,8191.9637,10,4,0,1,Scrum,742.33,525706.04
29,10,1094996.05,3,2,2,2,2,37758.4845,4,1,1,1,Iterative,279.73,1253647.88
72,35,479027.01,1,2,2,1,3,6653.1529,2,3,0,1,SAFe,1668.7,629963.2
65,47,209755.4,2,3,3,1,2,3227.0062,3,1,0,2,SAFe,2525.91,212961.23
46,23,1450906.67,5,1,4,3,3,31541.4493,12,4,0,1,Spiral,822.08,1580588.33
71,8,492507.05,2,4,4,1,1,6936.719,4,2,1,3,SAFe,543.3,540779.4
66,28,1167824.2,3,2,3,3,4,17694.3061,9,4,0,1,Spiral,1581.64,1421278.15
62,24,154439.71,3,1,1,1,4,2490.9631,1,3,0,3,SAFe,1185.22,174354.87
71,47,136004.43,4,5,1,1,4,1915.5554,1,4,1,3,Agile,2752.73,144070.28
19,18,1335299.0,5,5,1,3,3,70278.8947,3,2,0,1,Agile,405.26,1764731.56
61,11,792312.01,4,3,2,1,2,12988.7215,2,3,1,1,V-Model,479.24,1042564.71
47,41,257478.46,1,3,3,2,2,5478.2651,6,5,1,3,Scrum,1377.44,275280.55
15,24,354680.89,2,3,5,3,3,23645.3927,15,5,1,1,Spiral,401.54,10916868.75
25,29,473295.23,5,5,2,1,1,18931.8092,2,2,1,1,Waterfall,438.44,624753.93
35,31,460795.83,2,3,2,2,1,13165.5951,4,1,1,2,Iterative,1110.09,578406.96
5,36,736033.79,5,1,2,2,4,147206.758,4,4,1,3,Agile,181.1,959881.39
34,37,668751.54,1,3,2,2,2,19669.1629,4,4,0,3,Scrum,837.35,774003.97
58,26,1423857.43,1,4,5,1,2,24549.266,5,3,1,2,SAFe,1467.73,1493343.13
27,26,1287553.14,5,1,5,1,3,47687.1533,5,1,0,1,Waterfall,814.86,1698039.05
64,29,198649.75,5,2,2,1,4,3103.9023,2,1,1,3,SAFe,2062.8,273411.96
10,36,676947.57,5,4,5,3,4,67694.757,15,5,0,1,Spiral,307.95,828907.3
12,11,665015.17,3,4,3,3,4,55417.9308,9,5,0,2,Agile,120.78,790766.7
29,43,116021.2,5,2,3,2,1,4000.731,6,3,0,3,Waterfall,1126.57,151696.41
13,45,211821.66,3,1,1,1,1,16293.9738,1,1,1,1,Agile,471.61,244726.12
21,38,1099236.61,2,2,3,2,1,52344.6005,6,4,0,3,Iterative,535.91,1270633.61
65,4,95907.42,4,2,4,3,4,1475.4988,12,3,0,3,Spiral,345.22,129441.86
22,36,297490.69,4,5,5,3,2,13522.3041,15,4,0,2,Spiral,845.07,298115.01
29,7,219789.54,4,3,1,3,4,7578.9497,3,2,0,2,Agile,210.31,241559.93
13,3,1303998.88,3,1,5,3,4,100307.6062,15,1,0,1,Spiral,63.85,1563137.54
21,29,164526.37,2,4,4,3,2,7834.589,12,4,1,1,Spiral,569.68,173061.39
55,29,1035437.51,4,1,5,3,4,18826.1365,15,1,1,3,Spiral,2811.15,1350533.05
45,33,151655.36,3,4,2,1,1,3370.1191,2,5,1,3,Scrum,959.37,163300.37
2,32,1122456.75,5,5,1,3,4,561228.375,3,5,0,3,Scrum,60.48,378645.78
47,24,1447678.98,4,3,5,2,4,30801.6804,10,2,0,1,Scrum,1110.21,1694407.12
71,48,559859.37,5,1,2,1,2,7885.3432,2,3,0,2,SAFe,2578.78,682699.13
68,16,243127.41,2,2,2,2,1,3575.4031,4,4,0,1,Agile,649.2,331488.26
60,14,878198.14,2,4,2,3,3,14636.6357,6,3,1,2,SAFe,767.3,977008.15
29,45,103211.62,4,5,3,1,3,3559.0214,3,3,1,2,Waterfall,1382.4,132501.44
50,15,665343.26,3,2,2,3,2,13306.8652,6,1,0,3,SAFe,1041.12,838536.89
75,4,442272.76,3,3,4,1,3,5896.9701,4,3,0,2,SAFe,296.53,608053.31
76,14,335889.08,3,5,5,1,1,4419.5932,5,3,0,3,SAFe,854.0,439096.55
4,41,495186.09,1,4,4,3,3,123796.5225,12,1,1,3,Spiral,333.5,563831.02
30,16,289980.33,3,5,5,3,3,9666.011,15,1,0,2,Spiral,805.33,382681.5
42,27,786530.51,1,3,5,1,1,18726.9169,5,1,1,1,Iterative,1138.48,965994.9
73,26,280943.31,4,5,5,1,3,3848.5385,5,3,1,3,V-Model,2047.42,315854.9
8,42,1063286.97,2,5,3,2,1,132910.8712,6,3,1,1,Spiral,271.31,1371270.82
71,30,642445.37,4,3,1,1,4,9048.5263,1,1,0,2,SAFe,2054.88,707629.8
67,17,1206038.97,4,4,1,1,1,18000.5816,1,4,1,3,SAFe,818.41,1362205.35
78,16,1380222.54,4,2,3,2,4,17695.1608,6,2,1,3,Waterfall,1771.66,1653331.85
4,23,1523959.34,2,5,2,1,4,380989.835,2,3,1,2,Scrum,58.75,442344.75
21,41,356938.85,3,1,5,3,3,16997.0881,15,3,0,2,Spiral,1415.87,418486.94
31,46,913039.4,3,3,3,1,1,29452.8839,3,5,1,1,Iterative,912.96,1108401.43
24,3,1183570.24,4,1,2,2,1,49315.4267,4,2,0,2,Agile,69.66,703430.6
26,13,929590.06,4,2,1,2,4,35753.4638,2,4,0,3,Agile,268.8,1154377.22
48,10,751341.35,3,1,1,3,3,15652.9448,3,2,0,1,Agile,577.5,848491.66
36,8,491107.54,5,5,2,3,3,13641.8761,6,4,1,3,Scrum,304.32,483593.59
76,6,474837.73,3,3,5,3,1,6247.8649,15,2,1,3,Spiral,580.0,563701.81
14,43,1335992.07,4,1,5,2,3,95428.005,10,2,0,2,Agile,845.03,1689739.34
70,2,229399.42,4,3,4,3,3,3277.1346,12,5,0,3,Spiral,189.43,233737.26
10,46,1190565.36,3,3,2,2,1,119056.536,4,3,1,1,Agile,375.74,1642766.04
29,23,374131.55,1,5,1,3,2,12901.0879,3,5,0,3,Scrum,498.01,465757.61
7,35,473307.13,2,3,4,1,4,67615.3043,4,2,0,3,Scrum,248.61,515090.79
69,8,463882.62,2,3,5,3,2,6722.9365,15,1,0,2,Spiral,801.87,503313.7
65,40,113095.55,1,1,3,2,2,1739.9315,6,4,0,1,Iterative,2377.43,145635.06
45,32,22564.83,2,2,3,2,4,501.4407,6,3,1,3,Spiral,1552.41,23706.22
24,13,1253243.68,4,3,2,2,4,52218.4867,4,5,0,3,Agile,272.67,1516010.66
17,14,1351108.97,5,3,3,2,1,79476.9982,6,1,0,3,Scrum,247.37,1755955.63
48,20,195758.48,5,3,1,3,4,4078.3017,3,4,1,3,Scrum,708.42,218756.26
14,33,219445.05,3,5,3,1,3,15674.6464,3,1,1,3,Scrum,594.9,253135.84
60,39,470782.52,2,5,5,2,2,7846.3753,10,3,0,1,Scrum,2479.85,629742.02
64,5,421444.86,1,5,4,3,2,6585.0759,12,4,1,1,Spiral,350.2,452675.57
27,46,809720.92,5,3,1,1,4,29989.6637,1,5,1,1,Waterfall,590.74,756359.71
40,23,1278247.5,3,1,2,3,4,31956.1875,6,4,1,1,Agile,645.05,1554037.68
59,9,114297.63,4,4,3,2,1,1937.248,6,3,1,1,V-Model,357.48,140612.17
39,2,357071.88,5,2,1,1,1,9155.6892,1,3,0,3,Waterfall,62.01,400661.15
10,2,736252.87,3,2,4,3,4,73625.287,12,3,0,3,Spiral,30.99,585892.84
71,11,375648.24,4,5,4,2,3,5290.8203,8,2,0,2,SAFe,1050.41,471134.32
71,13,1487488.51,5,1,5,1,3,20950.5424,5,4,0,3,SAFe,1132.39,1742853.16
58,30,1132920.02,3,2,5,3,4,19533.1038,15,1,1,2,Spiral,3024.77,1466943.81
42,7,696090.22,4,1,1,3,4,16573.5767,3,4,0,3,Agile,283.96,761106.76
51,21,612637.49,4,3,4,1,2,12012.4998,4,1,0,3,SAFe,1375.16,723697.06
9,25,1456022.0,2,2,4,2,4,161780.2222,8,4,0,1,Iterative,220.63,1937859.57
9,24,78237.39,4,4,1,3,1,8693.0433,3,2,1,3,Scrum,252.49,82137.71
15,12,178133.82,4,2,3,2,2,11875.588,6,4,0,2,Agile,165.77,1906355.0
18,8,1521230.47,4,1,4,1,4,84512.8039,4,4,0,1,Waterfall,110.09,1053806.47
61,25,1423482.86,1,4,3,2,3,23335.7846,6,4,0,2,SAFe,1164.51,1672853.24
68,6,1252859.46,1,3,5,2,1,18424.4038,10,2,1,2,Spiral,410.74,1720666.72
63,15,1189022.93,2,3,1,2,2,18873.3798,2,5,1,3,SAFe,777.91,1222338.26
66,23,345011.52,4,4,4,1,1,5227.4473,4,2,0,3,SAFe,1922.38,423683.84
78,17,1303735.39,5,5,1,1,3,16714.5563,1,1,1,2,SAFe,1246.96,1590101.51
34,26,988845.74,1,5,1,2,2,29083.6982,2,2,0,3,Scrum,990.67,1252311.86
31,31,687355.95,1,1,1,1,2,22172.7726,1,2,0,3,Iterative,749.12,740017.53
6,18,1470047.91,2,5,5,2,3,245007.985,10,5,1,3,Spiral,135.86,1916710.27
3,8,660220.93,3,1,1,3,4,220073.6433,3,1,0,2,Iterative,31.16,186757.62
25,16,281128.25,1,5,3,3,3,11245.13,9,3,0,2,Scrum,614.95,338986.19
35,20,95153.16,3,4,3,1,4,2718.6617,3,1,0,3,Scrum,952.53,96215.73
23,42,1340105.05,1,5,3,3,1,58265.437,9,5,1,1,Spiral,638.85,1652291.0
6,6,829194.53,5,2,1,3,3,138199.0883,3,1,0,1,Agile,41.49,262731.0
7,38,1100922.5,2,2,5,1,4,157274.6429,5,2,1,3,Iterative,328.26,1240331.78
16,9,450187.9,5,5,1,3,4,28136.7438,3,4,1,3,Scrum,119.06,545367.82
32,33,559727.53,1,2,1,2,4,17491.4853,2,5,0,3,Scrum,1034.02,628242.0
15,12,183104.25,4,4,2,2,2,12206.95,4,3,0,2,Agile,165.77,1906355.0
5,9,86828.66,2,5,4,2,4,17365.732,8,4,0,1,XP,32.6,509375.0
5,10,1437448.88,4,1,1,3,3,287489.776,3,2,0,1,Agile,62.36,505508.15
61,27,877628.67,1,1,3,1,1,14387.3552,3,4,1,1,Iterative,968.0,890118.54
26,4,292119.84,3,5,2,3,2,11235.3785,6,3,0,3,Scrum,98.26,341412.29
25,36,794446.58,5,2,2,1,3,31777.8632,2,2,1,1,Waterfall,760.5,9506250.0
8,22,387450.98,3,5,2,1,4,48431.3725,2,3,0,2,Waterfall,140.22,474662.78
48,24,1205380.52,4,1,4,2,1,25112.0942,8,4,1,2,V-Model,905.07,1381297.75
13,39,1044728.7,2,5,4,3,2,80363.7462,12,5,1,1,Spiral,387.04,1364228.0
46,28,1363741.0,4,5,5,2,3,29646.5435,10,5,0,1,Scrum,1078.67,1692236.02
28,16,807656.42,2,1,1,1,1,28844.8721,1,4,1,3,Iterative,311.09,1098129.18
33,38,105955.13,3,1,2,2,4,3210.7615,4,4,0,2,Agile,958.33,128064.98
58,21,401074.18,2,3,3,2,3,6915.0721,6,3,0,1,Scrum,945.49,502898.96
18,45,444133.2,1,2,3,1,4,24674.0667,3,5,1,1,Iterative,491.09,538964.88
69,18,652471.36,1,2,3,2,2,9456.1067,6,1,0,1,Iterative,1230.86,716445.69
18,18,683338.67,1,3,2,3,4,37963.2594,6,1,0,3,Iterative,511.82,904930.66
65,46,304579.7,5,3,4,2,2,4685.8415,8,3,0,3,SAFe,3264.15,392308.07
31,13,885944.4,1,1,4,2,4,28578.8516,8,4,0,2,Iterative,470.73,1110789.13
40,34,1404815.14,1,3,1,1,2,35120.3785,1,1,1,2,Scrum,1236.85,1618696.78
43,35,890410.3,4,3,2,3,1,20707.2163,6,2,0,1,Spiral,1584.86,1142942.26
57,27,1303270.76,2,3,3,2,2,22864.3993,6,5,0,2,SAFe,1060.54,1672801.72
50,32,1011100.63,5,4,3,1,2,20222.0126,3,5,1,1,V-Model,841.74,1324962.29
39,47,319796.01,1,5,3,3,1,8199.8977,9,2,0,1,Spiral,1811.19,362112.33
21,1,718023.55,3,1,4,2,1,34191.5976,8,4,1,3,Agile,13.9,217214.85
74,41,1406356.56,5,3,5,1,1,19004.8184,5,3,0,1,SAFe,2445.51,1620165.53
75,42,418346.31,3,1,3,3,3,5577.9508,9,5,1,3,Spiral,4136.55,472768.03
65,9,1104924.12,2,3,4,3,4,16998.8326,12,3,0,2,Spiral,633.67,1391335.12
27,33,1230491.11,1,3,2,1,3,45573.7448,2,5,1,2,Scrum,604.02,1395118.72
30,23,1143542.99,1,4,2,1,2,38118.0997,2,1,0,1,Scrum,474.71,1129836.14
20,46,671617.65,1,5,5,3,1,33580.8825,15,4,0,1,Spiral,732.54,799321.09
40,48,908063.41,5,2,4,1,3,22701.5852,4,3,1,1,Waterfall,1537.54,24024062.5
45,2,194107.33,4,3,3,1,2,4313.4962,3,2,0,2,RAD,89.4,226027.51
25,36,593278.99,5,3,4,2,3,23731.1596,8,5,1,1,V-Model,706.39,14348546.88
30,15,1268353.86,2,1,5,2,3,42278.462,10,3,0,3,Iterative,546.25,1580386.31
78,24,630039.35,1,2,5,1,4,8077.4276,5,3,0,2,SAFe,1983.32,721056.76
10,44,874679.29,5,5,2,1,3,87467.929,2,3,1,2,Waterfall,384.57,935753.06
16,38,1031810.86,5,4,3,2,3,64488.1788,6,1,0,1,Agile,739.02,1026621.98
73,18,38947.61,5,2,3,2,1,533.5289,6,2,1,1,V-Model,931.48,42567.91
44,27,1537557.19,2,3,4,2,3,34944.4816,8,4,1,2,Spiral,1234.63,1892359.96
52,35,161625.12,3,5,2,3,4,3108.1754,6,1,0,1,Agile,2075.18,181436.32
14,36,1389140.99,3,2,5,3,1,99224.3564,15,2,1,3,Spiral,828.29,1580850.92
16,31,1347499.27,3,3,2,1,4,84218.7044,2,4,1,1,Agile,270.81,1535934.96
55,36,1385617.33,2,5,1,1,4,25193.0424,1,4,0,2,SAFe,1412.68,1604324.24
5,31,219187.15,1,3,2,1,1,43837.43,2,4,0,1,Scrum,85.48,287535.72
24,13,974306.81,4,5,2,1,1,40596.1171,2,5,1,2,V-Model,160.91,1502393.39
22,35,328216.49,5,2,1,3,3,14918.9314,3,4,1,1,Agile,745.58,383263.29
36,8,846150.98,5,2,3,3,4,23504.1939,9,3,0,3,Agile,371.58,1051173.18
72,18,301439.09,2,5,1,1,2,4186.654,1,4,0,3,SAFe,982.86,414376.94
79,16,901262.53,2,1,4,3,2,11408.3865,12,3,0,3,Spiral,1709.04,982478.48
44,33,214586.64,4,3,1,2,1,4876.9691,2,3,0,2,Agile,1162.68,255765.0
27,23,1413761.45,1,1,4,2,2,52361.5352,8,3,1,1,Spiral,515.48,1906260.18
14,48,1085232.88,4,4,4,3,1,77516.6343,12,4,0,1,Spiral,501.41,1163701.0
72,29,1133264.33,1,2,4,3,1,15739.7824,12,2,1,3,Spiral,2157.16,1460580.63
50,31,696880.93,4,1,3,1,2,13937.6186,3,1,0,1,Agile,1215.84,809527.76
54,13,1036632.72,5,4,1,2,2,19196.9022,2,3,0,1,Agile,427.59,1128445.96
63,19,952742.76,2,3,2,1,2,15122.901,2,3,0,2,SAFe,881.14,1013744.17
71,18,687813.87,3,5,3,1,4,9687.5193,3,2,1,2,V-Model,1182.86,815353.49
21,42,1201027.63,5,2,5,1,4,57191.7919,5,5,0,1,Waterfall,697.67,1328334.25
80,13,1183844.47,2,2,5,3,1,14798.0559,15,5,1,3,Spiral,964.38,1391346.42
80,8,62100.98,4,1,5,2,4,776.2622,10,4,1,3,V-Model,730.43,86816.15
30,1,931794.42,1,3,2,3,4,31059.814,6,3,1,3,Scrum,36.8,280945.7
52,42,301261.02,3,4,1,3,2,5793.4812,3,3,0,1,Scrum,1767.52,355181.9
24,28,88835.13,1,5,4,3,3,3701.4638,12,2,0,2,Spiral,1064.28,106091.16
11,9,1335242.57,4,3,2,2,3,121385.6882,4,4,0,1,Agile,103.67,1153046.02
18,39,970048.04,3,5,3,2,3,53891.5578,6,2,1,3,Scrum,882.55,1122573.82
2,30,1180855.49,1,5,5,2,2,590427.745,10,1,0,1,Scrum,57.52,819309.08
78,24,861884.11,4,2,2,2,3,11049.7963,4,5,1,2,SAFe,1345.41,927034.09
27,21,1151717.31,2,5,2,1,3,42656.1967,2,3,1,2,Scrum,581.8,1324202.78
69,44,456821.39,1,2,2,3,4,6620.5999,6,4,1,2,SAFe,2318.12,545771.51
51,39,906396.38,5,4,1,2,2,17772.478,2,5,1,3,SAFe,1338.59,1088047.96
10,22,850627.03,1,1,3,3,3,85062.703,9,2,0,3,Spiral,372.32,837374.01
25,19,181948.03,3,1,4,2,1,7277.9212,8,2,1,3,Iterative,480.4,243145.31
63,44,578924.47,2,1,2,3,1,9189.2773,6,3,0,2,Spiral,2095.77,665799.39
12,6,284009.08,2,5,4,2,2,23667.4233,8,4,1,1,Scrum,50.01,363960.08
36,3,1441268.05,1,2,4,1,2,40035.2236,4,5,1,3,Iterative,73.55,1051261.26
20,35,1250774.01,5,5,3,1,2,62538.7005,3,4,1,1,Waterfall,372.5,1509024.0
74,29,1258491.28,3,4,2,2,1,17006.6389,4,2,1,1,Scrum,1630.06,1428442.81
17,41,637347.0,2,2,3,2,1,37491.0,6,3,0,1,Agile,572.82,776000.86
10,4,610394.51,2,4,5,3,4,61039.451,15,3,1,1,Spiral,52.81,814220.74
31,3,144251.02,4,3,5,2,2,4653.2587,10,1,1,1,V-Model,104.7,204428.4
58,43,1117683.31,4,1,2,3,2,19270.4019,6,4,0,3,SAFe,2344.79,1294402.69
3,47,171629.27,3,4,5,2,1,57209.7567,10,4,0,1,Agile,94.94,217367.3
11,32,519333.1,4,4,4,1,4,47212.1,4,4,1,3,Scrum,257.62,612136.74
5,40,176177.19,2,1,3,3,1,35235.438,9,1,1,2,Iterative,280.37,219714.42
26,12,1032743.62,4,2,4,3,2,39720.9085,12,3,1,2,Spiral,453.32,1334875.44
12,47,677317.9,3,1,5,1,1,56443.1583,5,2,0,2,Scrum,531.79,653211.65
36,28,178648.6,4,3,3,2,3,4962.4611,6,1,0,3,XP,1660.56,184778.55
14,39,585388.57,2,2,3,1,2,41813.4693,3,1,0,1,Iterative,482.27,708913.76
77,11,874599.94,4,4,2,2,4,11358.4408,4,1,1,2,SAFe,988.04,1069239.53
15,35,190649.57,3,4,2,2,4,12709.9713,4,3,0,2,Agile,515.17,239116.98
41,1,994471.33,3,4,2,1,2,24255.3983,2,2,0,2,RAD,36.69,198343.88
65,25,1377075.12,1,3,5,2,4,21185.7711,10,5,0,1,Scrum,1182.1,1732047.59
49,32,557164.77,1,5,1,2,3,11370.7096,2,5,0,2,Scrum,1154.42,675935.53
23,22,556544.06,3,2,1,2,2,24197.5678,2,3,1,2,Iterative,478.89,754775.95
52,46,703303.45,1,5,3,1,2,13525.0663,3,2,1,3,SAFe,1956.45,766527.35
74,33,400787.07,4,2,1,2,2,5416.0415,2,2,0,2,SAFe,2022.58,526853.47
48,47,593448.12,3,4,1,3,2,12363.5025,3,1,0,3,Scrum,3045.57,768384.76
51,32,643846.12,3,3,1,1,3,12624.4337,1,5,1,3,SAFe,1192.61,814227.97
62,16,441347.43,5,1,5,3,2,7118.5069,15,5,1,1,Spiral,765.81,513746.87
64,30,1085692.52,5,3,4,3,3,16963.9456,12,4,0,1,Spiral,1794.45,1205514.81
39,37,200467.43,2,1,1,3,1,5140.1905,3,1,0,3,Iterative,1719.54,240656.99
79,17,306344.7,2,5,4,2,3,3877.781,8,4,1,3,Spiral,1873.79,418420.09
30,39,1287240.26,5,5,1,2,4,42908.0087,2,1,0,2,Agile,1347.22,1490570.03
4,8,1194703.36,2,4,3,3,3,298675.84,9,4,0,2,XP,26.94,313560.42
21,31,609093.86,1,5,3,1,4,29004.4695,3,4,1,1,Scrum,495.53,758389.76
76,24,1008473.87,1,4,5,1,3,13269.393,5,4,0,3,SAFe,1541.06,1169852.56
37,6,910087.71,4,4,2,3,1,24596.9651,6,5,1,1,Agile,136.8,1103136.78
44,32,1049838.61,5,5,2,1,1,23859.9684,2,3,0,3,Waterfall,1107.69,1182614.05
69,46,960232.04,2,1,2,2,4,13916.4064,4,1,1,1,Iterative,3763.61,1281535.33
71,5,1323778.14,1,3,4,1,1,18644.7625,4,2,0,1,SAFe,271.37,1452063.83
10,14,121922.97,5,1,2,2,1,12192.297,4,1,1,1,Waterfall,101.59,144587.38
43,43,780153.5,2,2,3,2,3,18143.1047,6,2,0,3,Iterative,2848.77,848321.99
50,34,236310.2,2,2,2,3,1,4726.204,6,4,0,1,Agile,1302.46,309257.23
25,12,714983.77,4,4,3,2,1,28599.3508,6,2,1,3,Spiral,339.37,827492.18
42,19,987509.79,2,1,1,2,4,23512.1379,2,2,0,2,Iterative,693.03,1194194.45
27,21,1137680.88,2,2,4,1,2,42136.3289,4,1,0,3,Iterative,579.89,1447474.31
66,17,1247954.46,5,1,3,3,2,18908.4009,9,5,1,2,SAFe,824.09,1416217.13
32,24,1304690.71,2,3,1,3,4,40771.5847,3,3,1,2,Scrum,730.44,1486061.71
77,36,317886.35,5,1,3,2,4,4128.3942,6,4,1,3,V-Model,3098.62,375794.08
6,42,214226.62,2,3,4,1,4,35704.4367,4,2,0,2,Iterative,251.64,232398.52
73,40,1129438.15,1,3,4,1,3,15471.7555,4,4,1,1,Agile,398.99,1255262.51
68,17,100240.43,5,4,1,3,2,1474.124,3,2,1,1,Agile,1399.67,130219.68
15,29,832278.05,2,5,2,1,3,55485.2033,2,1,1,3,XP,418.82,866143.6
44,31,323557.59,2,4,1,3,3,7353.5816,3,5,1,1,Scrum,1079.43,390511.89
53,12,916764.99,1,3,5,1,4,17297.4526,5,5,1,1,Agile,427.67,1053193.58
17,12,469227.58,5,5,5,3,4,27601.6224,15,5,0,3,Spiral,264.15,642133.8
67,14,202454.92,3,1,4,3,2,3021.7152,12,4,0,1,Spiral,992.67,251840.59
76,15,834743.13,3,2,2,2,4,10983.4622,4,5,0,1,SAFe,688.92,1026950.09
14,44,1144533.32,2,5,4,2,3,81752.38,8,1,1,3,Spiral,1128.62,1362066.69
61,34,98961.6,5,5,2,2,4,1622.3213,4,4,0,3,SAFe,2506.12,127786.75
56,16,187482.57,5,3,2,1,1,3347.903,2,4,0,3,Agile,528.86,243105.73
34,28,1125385.29,4,4,1,2,3,33099.5674,2,2,1,2,Agile,850.2,1376234.06
38,29,601529.64,5,1,5,1,4,15829.7274,5,3,1,3,V-Model,1129.85,729454.69
54,7,869350.91,2,4,4,3,1,16099.0909,12,1,0,1,Scrum,389.45,868979.96
4,33,1241998.9,5,2,4,3,3,310499.725,12,4,0,3,Spiral,163.76,1337537.9
59,45,1020802.16,3,2,3,1,2,17301.7315,3,3,0,2,SAFe,2199.03,1350972.37
19,15,663667.69,2,4,2,3,1,34929.8784,6,2,0,1,Scrum,335.46,894082.11
74,14,337529.38,1,4,2,2,3,4561.2078,4,5,0,2,SAFe,822.56,392202.08
19,45,32830.9,4,2,2,2,2,1727.9421,4,3,1,1,Agile,597.07,44996.65
28,33,587151.67,3,2,1,1,1,20969.7025,1,2,1,2,Agile,548.51,580692.45
40,1,21304.95,5,1,4,2,1,532.6238,8,1,0,2,Waterfall,43.08,27137.66
20,13,812771.97,1,5,1,1,3,40638.5985,1,1,1,1,Scrum,251.52,805340.78
4,8,594761.63,4,3,4,3,3,148690.4075,12,4,1,3,Agile,41.98,606189.35
70,6,770879.7,5,1,1,2,2,11012.5671,2,3,0,3,SAFe,297.57,1017992.16
37,1,621894.51,5,5,2,1,3,16807.9597,2,3,1,1,RAD,27.0,171442.19
10,31,919669.74,4,1,4,1,3,91966.974,4,4,1,3,V-Model,345.11,1154227.22
60,25,171497.17,4,3,2,2,1,2858.2862,4,3,0,1,Agile,976.05,208666.96
50,3,1345389.18,1,3,3,3,3,26907.7836,9,3,1,3,SAFe,220.0,1595743.83
42,6,330602.71,5,1,2,2,3,7871.4931,4,1,1,1,V-Model,306.92,407031.05
25,8,997953.89,3,2,4,1,3,39918.1556,4,3,0,2,Agile,193.9,1113168.44
67,2,110652.81,2,5,2,2,2,1651.5345,4,4,0,1,RAD,84.11,131506.08
80,22,692788.32,4,5,2,3,2,8659.854,6,1,0,1,SAFe,1906.71,817133.6
66,35,346941.16,5,4,1,2,2,5256.6842,2,5,0,2,SAFe,1320.78,429819.74
16,48,1104833.37,5,4,4,1,3,69052.0856,4,3,0,3,Waterfall,1088.29,1384286.57
57,36,535432.78,1,1,3,2,2,9393.5575,6,5,1,3,Spiral,2151.75,723397.7
15,19,1297541.09,4,1,2,1,3,86502.7393,2,4,1,3,V-Model,238.56,1516216.72
13,29,208594.79,3,1,2,3,1,16045.7531,6,3,0,3,Iterative,408.8,231090.92
48,15,582907.21,2,1,4,3,2,12143.9002,12,4,1,3,Iterative,754.59,658286.99
77,2,101452.27,1,5,1,3,4,1317.5619,3,3,1,1,SAFe,130.17,129789.55
57,5,1212000.99,3,5,5,3,1,21263.1753,15,1,1,1,Spiral,352.88,1533599.23
3,36,951958.13,2,4,5,2,2,317319.3767,10,4,0,1,Agile,86.18,1087347.4
72,3,561971.3,4,5,4,1,2,7805.1569,4,5,1,1,V-Model,119.09,703603.29
11,13,828835.71,1,2,5,2,4,75348.7009,10,3,1,2,Spiral,146.24,1068644.09
80,6,918253.02,4,3,2,2,3,11478.1628,4,1,1,2,V-Model,659.68,972634.3
16,33,1021622.81,1,4,5,3,1,63851.4256,15,1,0,1,Spiral,639.73,1175424.81
18,32,1473332.34,3,3,4,1,2,81851.7967,4,2,0,1,Agile,504.55,1751562.47
39,31,1024910.42,3,3,3,2,4,26279.7544,6,2,1,1,Spiral,1402.16,1185903.99
57,40,322259.63,4,2,5,2,1,5653.6777,10,2,0,1,Agile,2356.48,373938.39
23,46,1471961.73,3,3,5,1,1,63998.3361,5,5,1,1,Scrum,567.55,1526922.6
20,42,109787.29,1,1,2,3,2,5489.3645,6,3,1,1,Iterative,770.53,134121.34
67,3,843506.94,5,3,4,3,1,12589.6558,12,4,0,1,Spiral,207.44,1033717.07
22,16,1329810.15,4,3,5,2,3,60445.9159,10,5,0,1,Scrum,270.23,1705558.14
3,5,492152.51,1,2,4,3,2,164050.8367,12,3,1,2,Spiral,16.32,356364.45
10,29,1167658.22,5,3,1,1,4,116765.822,1,2,0,3,Waterfall,261.87,1698570.89
29,33,1234753.29,4,2,1,1,2,42577.6997,1,4,1,2,Waterfall,655.04,1761329.14
52,19,1197793.65,3,4,2,3,1,23034.4933,6,2,0,2,SAFe,1148.9,1470964.47
60,1,906707.48,4,4,1,1,2,15111.7913,1,2,0,3,SAFe,60.41,717099.04
32,14,520835.65,3,3,2,3,1,16276.1141,6,4,0,3,Scrum,354.81,622591.35
53,22,682155.22,1,1,3,2,3,12870.8532,6,4,0,1,Iterative,833.67,858074.56
12,34,263878.41,1,3,4,1,3,21989.8675,4,2,1,2,Agile,454.39,339180.48
65,26,479245.09,5,1,2,1,1,7373.0014,2,3,1,1,Waterfall,796.55,574374.02
27,32,238708.79,1,5,1,3,3,8841.0663,3,2,1,2,Scrum,1086.14,281331.07
6,48,529584.4,3,5,4,1,4,88264.0667,4,5,1,1,Scrum,198.57,703141.13
57,6,1397023.33,5,3,5,1,4,24509.1812,5,4,1,3,V-Model,270.35,1463465.49
27,16,1110833.07,4,4,1,2,3,41141.9656,2,4,1,3,Scrum,413.41,1256352.34
76,3,720377.28,5,4,5,1,2,9478.6484,5,2,0,1,SAFe,248.74,899371.44
41,30,1230351.45,5,3,5,2,1,30008.572,10,5,1,2,V-Model,905.58,1145930.37
62,35,184273.5,3,2,1,2,4,2972.1532,2,2,0,3,SAFe,2549.66,275078.9
41,25,1173611.73,5,1,2,3,3,28624.6763,6,4,0,1,Agile,719.3,1306927.87
21,29,327343.91,3,3,3,1,1,15587.8052,3,3,1,1,V-Model,373.23,345234.81
5,5,610261.01,3,4,2,1,2,122052.202,2,4,0,2,RAD,17.62,210449.54
9,32,1025481.62,3,3,2,1,1,113942.4022,2,5,1,2,Iterative,147.34,955805.44
74,16,64542.22,5,2,4,2,2,872.1922,8,4,0,1,SAFe,1094.78,76766.97
21,5,572305.65,2,1,3,2,1,27252.65,6,3,0,1,Iterative,75.7,702471.04
30,21,749868.04,4,5,2,2,3,24995.6013,4,3,1,3,Scrum,631.09,1058277.96
58,9,208021.73,3,4,2,2,4,3586.5816,4,5,1,1,Scrum,427.09,261021.78
65,2,1428783.02,5,4,4,1,3,21981.2772,4,4,0,3,SAFe,149.76,1879536.94
20,10,251153.67,1,2,4,2,2,12557.6835,8,4,1,1,Iterative,168.87,294450.03
30,35,893297.18,3,2,4,3,3,29776.5727,12,1,1,1,Spiral,1505.8,952659.93
60,29,1348201.63,4,1,3,2,4,22470.0272,6,2,0,3,SAFe,2028.47,1506501.92
50,29,77967.72,1,1,2,2,4,1559.3544,4,5,0,2,SAFe,998.84,91727.15
38,36,184149.71,4,1,4,1,4,4846.045,4,2,0,1,Agile,1438.21,237163.25
33,36,912219.91,5,5,2,3,3,27643.0276,6,5,1,1,Agile,939.64,1133294.1
65,46,13681.98,5,2,4,2,3,210.492,8,5,1,2,V-Model,2833.75,17453.54
46,11,1443263.57,5,4,2,3,4,31375.295,6,1,1,1,Agile,698.34,1962430.23
54,47,1178619.28,3,4,3,3,1,21826.283,9,1,1,2,Spiral,3254.68,1451206.63
21,15,401253.2,4,2,2,3,4,19107.2952,6,4,1,3,Agile,345.53,489133.97
40,38,1078433.48,2,4,5,3,3,26960.837,15,2,1,1,Spiral,1918.9,567792.82
78,12,412841.65,3,2,1,2,3,5292.8417,2,3,1,2,SAFe,991.89,433689.21
79,41,202853.41,2,4,4,1,4,2567.7647,4,5,0,1,SAFe,2553.06,256205.89
11,24,1341364.58,5,4,3,1,3,121942.2345,3,1,1,3,Waterfall,321.67,1511946.74
42,44,457667.71,4,1,5,3,1,10896.8502,15,4,1,1,Spiral,1790.05,572557.15
18,23,371069.81,2,4,2,1,3,20614.9894,2,2,0,1,Scrum,396.5,438226.15
64,22,911510.51,2,1,2,3,1,14242.3517,6,5,0,1,Iterative,787.32,997423.09
36,42,1097383.45,4,5,1,2,2,30482.8736,2,2,1,2,Scrum,1563.8,1256148.41
3,3,19891.57,3,3,2,1,1,6630.5233,2,3,0,1,Kanban,5.4,34425.0
35,22,210805.27,4,4,1,3,3,6023.0077,3,5,0,1,Agile,539.68,248508.78
59,5,882050.08,4,4,2,3,2,14950.0014,6,1,0,3,SAFe,397.28,1050919.09
5,38,1263305.67,4,2,5,3,2,252661.134,15,2,1,3,Spiral,257.66,1682813.83
22,31,1387529.7,2,2,3,1,1,63069.5318,3,2,0,1,Iterative,433.05,1604291.62
40,3,1107407.23,2,4,5,2,2,27685.1808,10,5,1,3,Spiral,103.19,1427238.29
71,10,1347062.94,3,4,4,1,1,18972.7175,4,3,1,1,SAFe,543.78,1665867.86
51,43,147328.06,5,5,5,2,3,2888.7855,10,5,1,2,V-Model,1942.89,157226.91
47,25,110629.45,3,4,5,3,2,2353.8181,15,2,1,2,Spiral,1499.62,143500.2
75,47,272663.8,2,3,2,3,4,3635.5173,6,5,1,1,SAFe,2271.42,350596.46
61,12,979958.58,1,2,5,1,4,16064.8948,5,1,0,1,Iterative,870.99,1236609.49
16,46,322978.61,2,2,2,3,3,20186.1631,6,3,1,1,Spiral,783.73,418401.32
70,38,1288541.66,5,5,2,1,3,18407.738,2,3,0,2,SAFe,2349.9,1283341.26
11,40,479626.41,1,3,4,1,1,43602.4009,4,1,1,3,Iterative,518.83,636612.65
57,43,1038095.86,3,3,4,2,2,18212.2081,8,3,1,1,Spiral,667.13,643180.07
3,3,1418690.35,4,2,2,1,3,472896.7833,2,5,1,3,Kanban,7.09,45991.5
29,8,184860.22,5,4,4,2,3,6374.4903,8,2,0,2,Scrum,376.59,205011.03
5,29,1141390.88,5,3,3,3,3,228278.176,9,1,0,3,Spiral,222.57,1289303.58
18,24,393423.24,3,2,3,1,3,21856.8467,3,5,1,1,V-Model,345.95,7027109.38
71,20,1076845.11,4,5,4,3,2,15166.8325,12,5,1,2,Spiral,1307.22,1157425.96
78,26,1364213.34,5,1,5,2,2,17489.9146,10,4,0,3,SAFe,2494.36,1737236.06
58,41,863576.29,2,5,2,1,4,14889.2464,2,5,1,1,Scrum,1495.75,1023229.31
55,21,122596.07,5,1,3,3,3,2229.0195,9,5,0,2,SAFe,1333.71,161394.3
33,47,257893.19,3,4,2,1,4,7814.9452,2,2,0,3,Waterfall,1444.94,323059.27
30,30,1274603.79,3,4,1,2,2,42486.793,2,3,1,2,Agile,801.34,1428826.21
31,10,885750.32,4,1,4,2,3,28572.591,8,1,1,3,Spiral,493.34,955210.54
48,21,1479883.87,1,1,3,2,2,30830.914,6,5,0,3,Iterative,734.98,1689081.89
23,42,829739.72,2,3,4,3,2,36075.64,12,4,1,2,Spiral,1037.52,1017442.1
73,26,1349803.38,5,4,2,1,1,18490.4573,2,1,0,2,SAFe,1466.58,1666791.8
75,6,1340265.51,5,2,4,3,2,17870.2068,12,3,0,2,Spiral,528.42,1711999.47
71,34,801467.19,1,4,1,1,3,11288.2703,1,1,0,1,SAFe,2351.17,1046149.55
51,9,838700.37,2,1,3,2,1,16445.1053,6,3,0,3,SAFe,371.0,874805.58
33,5,15532.57,1,5,4,3,4,470.6839,12,5,0,1,Spiral,131.42,21420.39
46,3,1158586.67,1,3,1,1,3,25186.6667,1,1,0,3,Iterative,153.56,902622.65
50,60,1215572.53,5,1,5,1,3,24311.4506,5,5,1,1,Waterfall,2047.5,31992187.5
35,6,1268034.77,2,2,2,3,4,36229.5649,6,1,1,1,Agile,245.71,1320616.4
75,5,951952.13,4,4,4,3,1,12692.6951,12,5,0,3,Spiral,346.6,1040424.69
21,37,558571.21,4,3,2,1,1,26598.629,2,2,0,1,Waterfall,495.87,667243.37
29,45,761401.79,4,5,2,1,3,26255.2341,2,4,1,3,Waterfall,820.01,973454.63
18,46,912765.05,3,3,1,1,3,50709.1694,1,3,0,1,Agile,491.75,1003297.29
65,3,203692.17,5,1,3,1,3,3133.7257,3,2,1,3,V-Model,230.79,291172.89
60,18,438544.21,5,3,5,3,3,7309.0702,15,3,1,1,Spiral,1567.33,529436.3
12,24,194109.83,3,1,5,2,4,16175.8192,10,2,0,3,Iterative,347.76,4781700.0
26,5,142585.26,4,2,4,2,1,5484.0485,8,5,0,2,Agile,102.94,179426.56
80,44,1290742.05,3,4,1,2,4,16134.2756,2,1,1,1,SAFe,2985.63,1395204.95
8,28,1441099.09,3,1,3,1,1,180137.3862,3,2,0,2,Waterfall,153.73,1480032.03
35,35,370376.36,2,1,2,3,1,10582.1817,6,2,0,1,Spiral,1015.07,427759.6
6,6,106400.51,1,4,4,2,2,17733.4183,8,5,0,2,XP,26.78,418437.5
22,14,678912.86,2,3,1,3,3,30859.6755,3,2,0,2,Iterative,458.32,815692.29
45,7,1374535.29,4,2,3,3,4,30545.2287,9,3,1,1,Agile,324.67,1839036.6
19,29,19984.89,4,5,2,3,4,1051.8363,6,4,0,3,Scrum,506.72,22220.9
50,19,1069601.64,3,2,4,1,1,21392.0328,4,2,0,2,SAFe,1026.43,879121.65
47,7,1083194.12,2,4,1,3,1,23046.6834,3,5,0,2,Scrum,164.2,966378.67
17,45,1338757.34,3,2,2,3,1,78750.4318,6,3,0,1,Iterative,656.26,1403242.96
43,48,27469.3,4,2,3,2,4,638.8209,6,5,0,2,Agile,1500.74,32771.16
52,4,609952.8,2,5,2,3,4,11729.8615,6,1,0,3,SAFe,351.44,800688.85
17,15,1406106.49,3,4,1,1,4,82712.1465,1,1,0,2,Scrum,222.68,1365535.0
62,40,700942.4,4,3,3,2,3,11305.5226,6,2,0,1,XP,2363.06,909708.4
62,31,425835.38,3,4,4,3,3,6868.3126,12,1,1,2,Spiral,3619.6,548116.68
20,33,366131.67,3,2,4,2,1,18306.5835,8,1,1,3,Spiral,925.33,462365.58
67,43,1122651.54,4,5,2,2,1,16755.9931,4,5,0,3,SAFe,1748.47,1391260.87
80,37,531644.79,3,5,1,1,1,6645.5599,1,3,0,3,SAFe,1734.33,666872.26
67,48,831124.18,5,1,5,3,2,12404.8385,15,1,1,1,Spiral,4167.82,1022731.6
29,17,1170482.42,3,3,4,1,2,40361.4628,4,4,1,2,Agile,491.14,1572222.91
32,48,850304.4,2,4,2,3,1,26572.0125,6,5,1,3,Scrum,1189.69,1159232.97
79,14,490306.93,3,3,5,2,3,6206.4168,10,2,1,3,Spiral,1457.65,581824.51
19,32,1413324.88,4,3,2,2,3,74385.52,4,4,1,2,Agile,482.76,1612704.61
6,1,705168.64,5,5,4,2,3,117528.1067,8,1,1,1,V-Model,8.45,191736.07
23,25,1477613.62,3,4,5,2,4,64244.0704,10,5,1,1,V-Model,528.52,2076781.18
34,24,1383797.75,2,5,1,2,3,40699.9338,2,4,0,2,Scrum,645.2,1689901.18
15,22,755061.84,3,2,4,2,4,50337.456,8,2,1,1,Spiral,347.03,919141.34
74,23,1140858.31,4,2,3,3,3,15417.0042,9,5,0,2,Spiral,1758.22,1260196.7
30,47,1500857.28,5,2,2,3,4,50028.576,6,5,0,3,Scrum,1227.02,1895216.92
10,46,1043086.14,5,3,5,3,2,104308.614,15,3,1,1,Spiral,461.03,1372140.66
29,43,261276.83,5,3,2,2,4,9009.5459,4,1,0,1,Scrum,1426.04,342106.4
50,4,1099896.75,5,1,3,3,3,21997.935,9,2,0,2,SAFe,316.19,1566743.78
13,11,837631.71,3,3,4,3,3,64433.2085,12,4,1,2,Agile,159.62,1007449.12
80,30,1394599.67,5,5,3,3,3,17432.4959,9,2,1,2,Spiral,3482.72,1869176.27
79,18,812846.0,5,2,1,1,4,10289.1899,1,2,0,1,SAFe,1071.48,1164100.4
36,34,174448.44,1,5,5,1,3,4845.79,5,2,0,2,Scrum,1339.55,205934.51
23,35,220773.37,2,5,4,3,2,9598.8422,12,5,0,1,Spiral,750.43,273768.54
37,15,450224.27,3,1,4,1,2,12168.2235,4,1,1,3,Iterative,751.59,563789.23
27,3,221991.43,3,5,2,1,4,8221.9048,2,3,0,1,RAD,68.57,285057.7
45,48,1159960.76,3,1,3,3,4,25776.9058,9,2,0,3,Spiral,2605.97,1551829.24
25,33,327478.47,5,1,3,1,1,13099.1388,3,4,1,1,V-Model,533.5,374249.77
68,10,166824.44,4,1,4,3,3,2453.3006,12,2,0,1,Agile,813.51,203064.75
59,15,1037451.36,1,4,3,1,1,17583.9214,3,2,0,3,SAFe,795.29,1135508.37
18,40,799161.74,2,1,5,2,2,44397.8744,10,5,0,1,Iterative,507.84,876147.92
10,23,47111.73,3,2,4,3,3,4711.173,12,5,1,2,Spiral,235.98,57751.29
61,41,856812.58,5,1,2,3,3,14046.1079,6,2,0,1,Agile,3130.33,940024.38
28,17,807508.23,5,1,1,1,1,28839.5796,1,5,1,1,Waterfall,225.38,1035098.43
43,46,1077426.93,2,2,5,1,1,25056.4402,5,1,0,1,Iterative,2041.05,1289805.01
17,30,858529.78,5,3,1,3,3,50501.7518,3,4,1,3,Scrum,489.02,819706.07
40,24,907201.63,3,2,4,2,3,22680.0408,8,4,0,1,Agile,831.19,1098935.15
49,8,1129852.45,1,4,2,1,4,23058.2133,2,2,0,1,Iterative,369.89,1445339.32
7,33,459591.35,2,4,3,2,1,65655.9071,6,5,0,3,Scrum,187.64,627504.6
12,2,841880.73,3,1,1,2,4,70156.7275,2,1,1,1,Iterative,24.15,164481.31
15,12,316233.79,5,5,1,1,2,21082.2527,1,1,0,3,Waterfall,194.84,403211.96
35,27,604967.05,4,2,4,1,1,17284.7729,4,3,0,3,Waterfall,1004.12,793045.53
77,48,394727.7,3,2,3,2,4,5126.3338,6,3,0,3,SAFe,4409.06,429572.8
18,2,816905.42,2,2,3,3,2,45383.6344,9,3,0,3,Spiral,45.17,836199.27
62,30,1198013.31,5,1,1,1,2,19322.7953,1,2,1,2,SAFe,1287.56,1602531.66
80,41,475794.45,5,5,1,1,4,5947.4306,1,5,0,3,SAFe,2490.02,600329.61
20,43,836031.22,4,4,5,3,3,41801.561,15,3,1,1,Spiral,978.0,1076856.18
79,35,915692.83,5,1,5,3,4,11591.0485,15,2,1,2,Spiral,4606.62,1268075.84
33,6,985647.59,5,3,5,2,3,29868.1088,10,1,1,2,V-Model,324.18,1314778.4
53,9,235361.76,4,3,4,2,4,4440.7879,8,1,0,1,Scrum,649.99,267151.74
37,1,1173920.22,1,2,2,3,2,31727.5735,6,3,1,1,Iterative,26.37,152118.44
71,25,462887.98,5,5,3,3,1,6519.549,9,1,1,1,Spiral,1862.7,666035.95
22,31,1132549.56,1,5,3,2,4,51479.5255,6,2,1,1,Scrum,782.15,1238753.57
49,46,1474360.15,1,4,1,1,4,30088.9827,1,5,1,3,Scrum,240.65,351176.66
61,16,522266.4,3,4,5,2,2,8561.7443,10,3,1,1,V-Model,1052.17,692611.68
9,38,372362.3,5,4,3,3,1,41373.5889,9,4,1,1,Spiral,220.81,444672.53
47,10,690722.77,5,4,1,1,4,14696.2291,1,2,1,1,Waterfall,434.45,825826.83
77,20,852450.51,1,5,3,2,2,11070.7858,6,4,1,2,SAFe,958.95,1122480.95
45,14,653796.3,4,2,3,3,3,14528.8067,9,1,0,1,Agile,839.38,663650.91
52,21,1361044.94,5,4,5,3,3,26173.9412,15,4,0,3,Spiral,1107.43,1691873.91
61,41,306395.12,5,1,2,3,4,5022.8708,6,1,0,2,SAFe,3147.98,376750.34
52,15,187809.34,4,1,5,1,1,3611.7181,5,1,0,3,SAFe,764.74,206728.69
77,24,166302.88,4,2,1,2,3,2159.7777,2,5,1,2,SAFe,1520.84,204855.33
29,37,980254.63,4,4,4,3,1,33801.8838,12,3,1,1,Spiral,1012.89,1362758.48
18,25,111260.77,1,2,3,1,4,6181.1539,3,3,1,3,Scrum,410.93,128432.86
56,5,1504430.02,2,5,2,2,4,26864.8218,4,3,0,3,SAFe,262.99,1994457.04
10,47,685566.97,1,1,4,3,1,68556.697,12,4,1,1,Spiral,445.83,760073.88
49,32,797582.55,5,4,4,2,2,16277.1949,8,5,0,3,Scrum,1267.28,1201309.32
67,21,259218.9,2,1,5,3,1,3868.9388,15,5,1,2,Spiral,1128.73,288240.4
25,41,275433.92,1,5,5,2,2,11017.3568,10,5,0,1,Scrum,861.81,279211.6
6,11,1455028.99,4,3,3,2,3,242504.8317,6,1,0,3,Scrum,95.74,1185276.55
17,7,584855.74,4,3,3,1,4,34403.2788,3,1,0,2,Waterfall,133.73,679067.28
14,1,219102.43,4,1,2,2,3,15650.1736,4,3,0,2,Waterfall,15.6,120193.85
7,21,303934.53,1,1,5,3,1,43419.2186,15,5,1,2,Spiral,134.63,348403.35
7,7,147668.48,5,4,4,3,3,21095.4971,12,4,1,2,Agile,49.52,186832.24
63,19,71274.45,1,2,1,3,3,1131.3405,3,4,1,2,SAFe,1258.46,73936.36
54,15,149986.66,5,2,4,1,1,2777.5307,4,1,1,3,V-Model,788.78,184912.74
10,34,566191.76,1,3,3,1,3,56619.176,3,3,1,3,Iterative,380.18,608429.44
65,30,761816.51,5,5,5,3,3,11720.254,15,5,0,3,Spiral,2500.26,791521.95
80,36,1521603.59,3,2,3,2,4,19020.0449,6,4,0,3,SAFe,3060.29,51642393.75
53,8,750129.11,5,4,4,2,3,14153.3794,8,2,0,1,Scrum,472.08,1049807.14
44,42,1002580.91,3,4,1,2,2,22785.9298,2,4,0,1,Agile,1033.46,1523310.83
49,6,441606.56,4,2,4,1,4,9012.3788,4,3,1,1,Agile,211.84,561301.14
31,8,1044194.92,4,4,3,3,1,33683.7071,9,5,1,3,Scrum,215.8,1123638.46
23,20,109033.59,4,3,2,2,3,4740.5909,4,2,1,3,Scrum,770.22,137017.25
43,28,1440424.25,3,2,3,2,2,33498.2384,6,3,1,2,Iterative,867.81,1738111.0
80,27,1336775.43,5,5,2,2,2,16709.6929,4,4,1,2,SAFe,1902.75,1500463.8
65,32,1149650.21,1,1,5,1,4,17686.9263,5,1,1,2,SAFe,2616.02,1384710.04
64,5,972362.26,1,4,1,1,3,15193.1603,1,1,1,3,SAFe,334.86,1203674.41
72,32,566943.23,1,3,3,1,4,7874.2115,3,5,1,1,SAFe,1375.65,705372.37
50,20,867902.73,3,2,5,2,3,17358.0546,10,3,0,2,SAFe,1420.65,1001510.04
42,21,714508.43,4,5,5,3,2,17012.1055,15,2,0,2,Spiral,1299.03,1030855.68
69,26,789676.22,3,4,3,1,1,11444.5829,3,3,0,2,SAFe,1216.96,906264.25
18,48,1116420.05,4,5,2,2,3,62023.3361,4,5,1,2,V-Model,865.74,1380712.0
63,27,119353.68,5,5,1,2,3,1894.5029,2,4,1,2,SAFe,1582.85,135641.59
72,1,534392.89,2,5,2,3,3,7422.1235,6,4,1,1,SAFe,73.37,584186.15
58,18,335949.12,1,1,1,3,1,5792.2262,3,2,1,2,Agile,943.7,420907.48
66,48,1281167.43,2,4,4,1,1,19411.6277,4,1,1,2,SAFe,3549.44,1594848.91
43,6,522947.01,3,4,5,2,1,12161.5584,10,3,1,3,Spiral,242.02,677471.5
4,43,1027276.83,4,4,4,1,2,256819.2075,4,4,1,3,XP,153.89,1186210.47
63,34,973705.67,5,4,2,1,3,15455.6456,2,2,0,2,SAFe,2320.19,950495.94
69,40,836163.06,2,2,4,2,2,12118.3052,8,4,1,2,Spiral,1974.66,942439.09
35,22,1511451.71,1,3,5,3,4,43184.3346,15,5,0,1,Spiral,719.84,1724224.83
38,36,683138.53,1,4,4,3,4,17977.3297,12,3,0,2,Spiral,1968.99,812592.11
56,37,701992.85,4,5,4,3,1,12535.5866,12,5,1,3,Spiral,1776.75,809905.05
78,25,513527.13,2,1,2,1,4,6583.6812,2,2,1,2,SAFe,1658.34,553009.42
56,39,584374.78,4,1,1,2,4,10435.2639,2,3,0,1,Agile,1981.05,723781.36
43,11,1318384.76,5,5,3,3,2,30660.1107,9,2,0,3,Scrum,711.0,1660733.86
3,19,277481.15,1,4,5,2,2,92493.7167,10,2,1,1,Spiral,61.53,317406.75
4,29,466565.55,2,2,3,1,2,116641.3875,3,4,1,3,Scrum,104.29,565145.36
63,17,1201766.7,1,2,2,1,4,19075.6619,2,3,1,2,SAFe,978.26,1292675.32
20,30,606986.68,4,5,5,3,1,30349.334,15,4,1,1,Spiral,512.62,809136.09
48,9,1129764.85,3,1,4,3,2,23536.7677,12,2,0,2,Spiral,664.9,1117387.06
33,38,952972.67,3,1,4,2,3,28877.9597,8,4,0,1,Agile,1051.12,1267700.81
65,36,497609.55,1,4,4,3,2,7655.5315,12,3,1,3,Spiral,2724.89,663745.97
76,4,514048.98,2,3,2,1,4,6763.8024,2,1,0,3,SAFe,310.53,637038.97
23,31,1476241.96,3,1,2,3,1,64184.433,6,5,1,3,Spiral,519.64,1785825.51
64,8,347511.28,4,5,2,1,2,5429.8638,2,4,1,1,Waterfall,269.01,419318.73
68,32,382165.52,3,2,5,3,2,5620.0812,15,2,0,1,Spiral,3018.03,493313.71
63,18,779826.18,4,4,2,2,1,12378.1933,4,3,1,1,V-Model,863.25,805934.74
63,24,1379267.88,1,2,2,3,4,21893.141,6,4,1,2,SAFe,1265.77,1811218.06
32,26,595783.15,1,5,5,1,4,18618.2234,5,5,0,3,Scrum,591.15,616914.04
59,34,1206873.45,3,2,5,1,1,20455.4822,5,4,0,1,Agile,1151.06,1447197.46
37,39,127138.28,5,2,2,1,1,3436.1697,2,2,1,2,Waterfall,1118.35,151004.08
33,29,1522030.61,1,5,1,2,2,46122.1397,2,2,0,3,Agile,779.7,1827502.09
17,44,933745.9,4,2,2,1,2,54926.2294,2,3,1,3,Scrum,563.57,1166794.13
43,2,950148.31,2,5,1,3,2,22096.4723,3,1,0,3,Scrum,106.19,615378.97
80,23,1446753.13,1,1,2,2,3,18084.4141,4,5,0,1,SAFe,1289.53,1694314.7
72,16,203082.69,1,2,3,2,2,2820.5929,6,4,1,1,SAFe,816.53,237510.8
67,20,1431589.07,4,1,3,3,2,21367.001,9,3,1,3,Spiral,1626.86,1714152.31
48,30,544591.43,5,2,2,1,1,11345.6548,2,3,0,2,Waterfall,953.51,821664.05
59,15,1440060.9,4,4,2,3,3,24407.8119,6,1,0,2,SAFe,978.96,1615185.42
60,4,994531.37,5,1,4,3,4,16575.5228,12,5,1,2,Spiral,223.44,1154684.65
79,20,543597.72,2,4,5,2,4,6880.9838,10,1,1,3,Spiral,2674.68,704608.32
74,6,1270625.42,3,4,3,2,3,17170.6138,6,5,0,1,SAFe,288.19,1400581.28
42,34,1098913.31,2,3,3,3,1,26164.6026,9,2,1,1,Agile,1274.07,1206909.9
31,23,749699.93,4,1,1,2,1,24183.8687,2,5,1,3,Waterfall,399.24,835445.68
28,42,613496.49,3,5,4,1,2,21910.5889,4,2,1,3,V-Model,1474.86,799590.15
37,33,906443.41,2,2,5,3,2,24498.4705,15,5,1,2,Spiral,1394.01,1110667.63
58,3,925006.5,5,4,5,1,3,15948.3879,5,5,1,3,V-Model,152.29,1135178.4
17,24,1201437.86,5,5,2,3,2,70672.8153,6,4,0,1,Agile,238.8,1464254.11
7,39,1466882.61,4,3,2,2,2,209554.6586,4,4,1,3,Scrum,201.08,1695767.07
16,32,381878.28,5,4,1,2,4,23867.3925,2,2,1,1,Agile,476.74,428515.25
63,46,617083.19,2,2,3,2,2,9794.9713,6,5,0,2,SAFe,2258.38,742378.6
79,39,890853.79,1,4,1,2,2,11276.6303,2,4,1,2,SAFe,2213.04,1051692.56
72,24,264570.49,2,3,2,2,2,3674.5901,4,2,0,1,SAFe,1944.45,299475.63
70,9,1125942.14,1,3,4,2,1,16084.8877,8,2,1,1,Spiral,529.81,1351192.42
3,30,1170688.27,5,2,5,1,1,390229.4233,5,5,0,2,Waterfall,55.6,794233.5
45,31,1288835.43,2,2,5,3,1,28640.7873,15,2,0,1,Spiral,1839.21,1744970.83
41,10,779620.68,2,1,3,1,1,19015.1385,3,1,0,2,Iterative,448.58,993155.45
32,43,1219083.13,2,4,5,1,2,38096.3478,5,5,1,3,Scrum,1102.42,1275627.98
77,36,1217465.07,5,2,5,2,4,15811.2347,10,1,0,3,SAFe,4231.58,1311000.03
60,18,382961.8,3,2,2,2,1,6382.6967,4,4,0,3,SAFe,692.62,460112.79
8,17,510434.77,4,5,1,3,1,63804.3462,3,4,1,3,Scrum,136.41,691267.95
32,18,1303885.63,1,2,2,2,4,40746.4259,4,1,0,2,Iterative,649.98,1681547.13
5,41,946149.76,1,1,2,3,4,189229.952,6,2,0,3,Iterative,233.9,1285217.79
19,14,838727.83,1,5,3,2,2,44143.57,6,4,1,1,Scrum,208.33,920018.96
21,21,1432697.59,2,4,1,3,4,68223.6948,3,5,1,2,Agile,320.58,2031641.3
24,5,813465.01,4,2,1,1,1,33894.3754,1,4,0,3,Waterfall,73.94,376755.32
6,18,88822.5,1,1,3,2,1,14803.75,6,2,0,2,Iterative,103.98,1143780.0
50,2,835148.59,5,3,1,3,4,16702.9718,3,5,1,3,SAFe,81.69,626055.41
2,8,71545.79,4,4,1,1,3,35772.895,1,1,0,1,Waterfall,13.71,75149.96
75,34,1166516.28,1,5,1,3,4,15553.5504,3,4,1,3,SAFe,2505.6,1479121.33
3,35,399610.42,3,5,3,2,1,133203.4733,6,5,0,1,XP,66.17,460867.94
18,23,1012410.13,2,3,2,1,3,56245.0072,2,5,1,1,Scrum,274.36,1516524.9
53,30,1509601.21,1,3,2,1,4,28483.0417,2,3,1,3,SAFe,1681.69,1841724.28
26,27,942615.12,1,2,3,2,3,36254.4277,6,2,1,1,Iterative,641.47,1024588.81
34,9,614909.65,2,3,5,2,3,18085.5779,10,1,0,3,Scrum,566.16,705609.28
46,44,985837.77,5,1,1,1,2,21431.2559,1,4,1,3,SAFe,347.72,111990.74
63,15,735061.0,1,5,1,3,4,11667.6349,3,1,0,3,SAFe,1206.11,888096.45
50,46,1053883.01,1,5,5,3,4,21077.6602,15,5,1,3,Spiral,2488.55,1253910.23
58,9,237419.28,4,2,1,1,1,4093.4359,1,3,0,3,SAFe,399.0,277902.69
56,45,232000.96,3,2,5,3,2,4142.8743,15,1,0,2,Spiral,3268.16,206277.31
50,28,641552.56,5,3,1,3,2,12831.0512,3,2,0,1,Agile,1111.73,702888.36
78,9,757908.16,4,3,4,2,3,9716.7713,8,4,1,2,Spiral,683.02,958985.43
56,40,173067.39,5,1,2,3,4,3090.4891,6,2,0,3,SAFe,3268.57,166758.33
55,41,1049118.6,5,5,2,2,3,19074.8836,4,3,1,3,SAFe,2149.33,1242487.42
59,35,120721.96,5,1,3,1,3,2046.1349,3,1,0,3,SAFe,2975.53,150993.37
39,10,737651.27,2,4,5,3,2,18914.1351,15,2,0,1,Spiral,415.52,803692.75
32,39,1506522.69,5,5,1,2,4,47078.8341,2,1,1,3,Scrum,1688.2,1646059.92
52,41,1258342.79,3,3,1,2,1,24198.8998,2,5,1,1,Agile,250.78,908586.52
44,1,1023679.83,3,3,3,3,3,23265.4507,9,2,0,3,Iterative,76.23,614969.98
60,12,285070.52,4,4,4,2,4,4751.1753,8,5,1,2,SAFe,507.34,346299.55
54,27,866816.05,3,2,1,2,3,16052.1491,2,1,0,3,SAFe,1581.74,1135001.95
16,3,70215.67,4,4,4,2,2,4388.4794,8,4,1,3,V-Model,58.5,79029.15
62,3,894566.25,2,3,5,2,4,14428.4879,10,4,0,1,RAD,150.49,1150140.65
74,11,617052.0,5,4,2,3,4,8338.5405,6,4,1,2,SAFe,641.95,736496.1
18,5,613791.61,3,4,2,2,2,34099.5339,4,4,1,3,Scrum,60.99,467568.21
43,28,1304491.21,3,2,4,3,4,30337.0049,12,3,0,3,Spiral,1615.4,1519357.39
21,25,1288463.73,5,4,5,3,1,61355.4157,15,2,1,1,Spiral,522.93,1581887.91
49,6,548820.35,2,1,4,1,4,11200.4153,4,2,1,2,Agile,298.73,650780.1
70,22,858661.93,4,4,4,3,4,12266.599,12,5,1,2,Spiral,1381.59,919973.04
69,32,672741.1,3,2,3,3,1,9749.871,9,3,1,2,Scrum,1728.56,725842.28
21,2,143978.0,2,2,3,3,3,6856.0952,9,1,0,3,Agile,67.58,174446.08
34,9,1002242.26,3,5,3,2,1,29477.7135,6,4,0,3,Scrum,198.2,1209308.1
55,34,1497298.04,4,1,5,3,2,27223.6007,15,5,0,2,Spiral,1544.14,1593974.8
41,15,213988.27,2,4,4,3,3,5219.2261,12,4,0,2,Scrum,633.94,246352.13
18,7,1304622.73,5,4,1,3,3,72479.0406,3,1,0,2,Agile,169.57,1135198.38
29,40,1331907.06,4,2,3,2,4,45927.8297,6,3,0,3,XP,1604.85,1589710.16
12,42,1175643.25,1,2,4,3,1,97970.2708,12,3,1,2,Spiral,533.83,1497408.94
46,44,347983.03,2,3,4,3,1,7564.8485,12,2,1,3,Spiral,2366.96,438366.74
16,6,388388.7,3,4,4,1,3,24274.2938,4,5,0,1,Scrum,60.51,525094.14
48,23,1470729.38,2,2,1,1,4,30640.1954,1,3,0,3,Scrum,996.27,1798598.07
10,30,185777.95,1,3,2,3,4,18577.795,6,3,0,2,Iterative,340.7,3747700.0
5,23,1466468.59,3,3,4,3,3,293293.718,12,3,1,2,Spiral,130.69,1871841.09
10,2,1307738.4,2,1,3,2,2,130773.84,6,2,0,2,Iterative,21.37,216708.34
65,45,877530.76,2,1,1,3,2,13500.4732,3,1,0,2,SAFe,3323.99,943556.65
3,24,1198310.41,4,5,5,3,4,399436.8033,15,3,0,2,Spiral,91.55,1409981.45
63,40,14292.88,4,4,3,3,4,226.8711,9,4,0,3,Spiral,2756.5,19741.95
72,27,342050.42,4,3,4,1,4,4750.7003,4,2,0,2,SAFe,2194.8,430074.65
67,47,241119.66,5,4,5,3,1,3598.8009,15,4,0,3,Spiral,3417.6,295365.45
10,2,505946.07,1,3,4,3,3,50594.607,12,5,1,3,Spiral,25.33,529307.61
8,28,620430.9,3,4,4,2,1,77553.8625,8,4,1,2,Spiral,186.5,725618.49
63,13,1011566.95,2,4,5,1,1,16056.6183,5,4,1,3,SAFe,738.99,1147696.42
74,8,452788.53,5,5,1,1,2,6118.7639,1,4,1,1,SAFe,251.94,600957.08
4,14,271721.0,3,5,5,1,4,67930.25,5,4,0,2,XP,48.91,346929.22
41,41,1143460.78,1,1,4,1,1,27889.2873,4,4,1,3,Iterative,1354.75,1202853.02
27,17,1366876.05,1,4,2,2,4,50625.0389,4,4,0,3,Scrum,397.88,1494398.16
80,1,32316.63,4,4,3,3,2,403.9579,9,3,1,3,Spiral,117.88,37984.9
72,17,295954.9,5,2,5,3,3,4110.4847,15,1,0,3,Spiral,2204.47,388918.78
25,24,301665.56,2,3,1,3,1,12066.6224,3,3,0,2,Iterative,417.62,420598.72
3,6,963219.46,4,3,5,3,3,321073.1533,15,2,1,2,Spiral,24.35,495863.28
13,47,1333586.67,5,4,3,1,1,102583.59,3,4,1,2,V-Model,395.11,1459765.17
63,6,524414.47,4,2,1,3,1,8324.0392,3,3,1,1,Agile,343.87,590574.58
19,14,164154.66,1,1,5,3,2,8639.7189,15,3,0,2,Spiral,320.11,203699.03
23,12,185667.73,5,2,2,1,4,8072.51,2,4,0,1,Waterfall,153.31,227184.05
34,33,1071275.64,5,3,3,2,3,31508.1071,6,2,1,2,V-Model,1628.23,1377126.32
47,32,1381188.63,5,2,4,3,3,29386.9921,12,4,1,2,Spiral,1817.86,1682492.93
67,15,31377.54,3,4,2,3,1,468.3215,6,5,0,3,SAFe,985.58,32747.45
65,22,175614.85,3,1,5,2,2,2701.7669,10,3,1,2,Spiral,1372.94,222043.87
29,20,853478.05,2,5,3,2,3,29430.2776,6,5,0,2,Scrum,469.01,1133337.46
8,40,1343038.15,5,2,2,2,1,167879.7688,4,3,0,1,Agile,227.72,1531813.75
80,31,1088940.05,4,5,3,2,3,13611.7506,6,2,0,2,SAFe,2382.94,1249771.8
15,38,670388.14,2,2,1,2,3,44692.5427,2,4,0,1,Agile,506.43,725470.75
57,8,145992.11,1,4,1,3,2,2561.2651,3,2,0,2,SAFe,474.83,187867.58
59,32,252998.53,2,4,3,1,2,4288.1107,3,1,0,2,SAFe,1910.93,277377.37
77,45,1493641.51,5,2,2,2,3,19397.9417,4,4,0,1,SAFe,3125.52,1758799.03
72,23,59689.11,4,5,2,3,1,829.0154,6,3,0,2,Spiral,1755.41,69412.62
45,9,1028096.33,5,5,3,1,4,22846.5851,3,3,0,3,Waterfall,388.9,1177140.68
64,44,179543.86,1,3,4,2,2,2805.3728,8,1,1,1,Iterative,2467.19,201653.04
60,20,721747.88,5,5,5,1,2,12029.1313,5,4,1,2,V-Model,1051.58,868881.15
35,1,286757.07,5,4,4,2,3,8193.0591,8,3,1,3,V-Model,51.47,327306.78
33,11,1487056.27,3,4,5,2,1,45062.3112,10,3,1,3,Spiral,378.95,1983842.04
19,27,869854.91,4,1,5,3,3,45781.8374,15,2,0,2,Spiral,923.36,1019170.84
58,35,1263990.93,5,4,2,1,4,21792.9471,2,5,0,2,SAFe,1168.09,1472484.5
13,19,623384.1,3,2,1,3,2,47952.6231,3,5,1,1,Agile,164.18,718881.93
59,22,16388.13,2,5,3,1,1,277.7649,3,4,1,1,Scrum,928.58,16448.21
63,9,591574.47,1,4,3,2,3,9390.071,6,5,0,2,SAFe,424.86,703977.57
40,45,466762.08,3,5,3,1,1,11669.052,3,1,1,1,V-Model,1658.85,525536.56
33,16,961693.24,1,5,1,2,4,29142.2194,2,1,0,2,Scrum,627.59,1139635.45
14,3,1089993.12,4,1,5,2,3,77856.6514,10,3,0,1,Agile,44.31,689918.86
12,22,528972.69,1,1,4,3,3,44081.0575,12,2,1,3,Spiral,345.15,643927.05
12,6,572657.45,3,5,3,2,1,47721.4542,6,1,0,3,Scrum,77.52,662949.72
16,21,848149.81,1,1,5,2,1,53009.3631,10,4,0,1,Iterative,243.14,1175157.13
19,27,535639.68,3,3,2,3,1,28191.5621,6,2,1,1,Scrum,429.54,573447.74
79,16,213394.47,3,4,1,3,2,2701.1958,3,4,0,1,SAFe,817.25,229658.32
61,35,1412681.83,5,2,2,2,1,23158.7185,4,2,1,2,SAFe,1763.37,1736216.19
62,22,1378787.58,5,5,5,2,4,22238.5094,10,2,1,3,V-Model,1635.11,1597818.32
41,23,1107673.74,2,1,5,1,2,27016.4327,5,1,0,3,Iterative,1189.26,1364174.58
12,34,1400091.86,4,5,4,1,3,116674.3217,4,4,1,3,Scrum,509.51,1624998.35
14,47,930776.04,1,3,4,2,2,66484.0029,8,2,0,2,Scrum,642.24,996540.03
59,41,1170874.79,1,5,5,2,1,19845.3354,10,1,0,3,Agile,3604.57,1227825.2
33,17,899736.94,2,3,1,1,4,27264.7558,1,2,1,3,Scrum,527.86,1031530.55
64,40,747685.21,2,4,3,1,4,11682.5814,3,2,1,2,SAFe,2726.6,937632.51
9,47,1423213.31,5,3,3,2,3,158134.8122,6,5,0,2,Scrum,361.42,1698815.86
20,25,687932.83,4,5,1,1,1,34396.6415,1,5,1,3,Scrum,247.17,924172.37
70,7,1487831.31,5,2,4,3,1,21254.733,12,2,1,1,Spiral,502.1,1790163.04
66,31,781348.45,5,3,2,1,4,11838.6129,2,1,1,3,SAFe,2388.57,1007163.83
29,20,162165.76,3,2,5,3,2,5591.9228,15,2,0,3,Spiral,833.62,194382.16
39,5,757701.59,3,3,5,3,3,19428.2459,15,4,1,3,Spiral,199.48,841983.29
73,21,1408936.23,4,2,3,3,2,19300.4963,9,2,1,2,SAFe,2048.68,1667709.47
29,11,389419.18,1,2,1,3,4,13428.2476,3,2,1,3,Scrum,327.09,478664.64
34,27,1354165.09,2,2,3,1,2,39828.385,3,2,0,2,Iterative,924.14,1536572.8
22,4,664294.98,2,5,5,3,1,30195.2264,15,3,1,1,Spiral,70.16,772728.49
52,13,460402.57,1,4,1,2,2,8853.8956,2,2,0,3,SAFe,593.47,503430.71
32,21,849756.44,5,5,3,1,4,26554.8887,3,5,1,2,Waterfall,404.29,971992.16
18,37,1197912.63,5,3,2,1,2,66550.7017,2,2,1,2,Waterfall,478.91,1503328.91
70,40,440090.89,3,5,5,3,2,6287.0127,15,4,1,3,Spiral,3424.84,550378.75
52,8,1343824.5,5,2,2,2,3,25842.7788,4,5,1,3,SAFe,326.18,1632036.05
2,43,66999.61,5,4,1,1,2,33499.805,1,3,1,2,Waterfall,58.72,80300.35
26,29,1422723.54,5,5,2,2,3,54720.1362,4,3,1,1,V-Model,648.07,1631990.44
35,33,581279.46,5,1,5,1,3,16607.9846,5,2,1,2,V-Model,1663.6,724317.19
44,18,754511.25,5,1,3,1,3,17147.983,3,3,1,1,Waterfall,696.83,865468.12
16,13,1247543.47,4,1,5,1,3,77971.4669,5,4,0,3,Waterfall,183.4,1404313.75
74,36,841620.63,3,3,4,1,4,11373.2518,4,4,0,2,SAFe,2720.49,916730.4
62,25,618920.69,5,1,2,3,1,9982.5918,6,5,1,3,SAFe,1028.25,649703.16
13,22,137684.3,5,1,2,3,1,10591.1,6,2,1,1,Agile,286.33,167199.94
22,45,1163046.78,4,1,4,1,1,52865.7627,4,3,1,3,Agile,1067.48,1278564.74
44,28,52950.52,5,4,5,1,3,1203.4209,5,1,1,1,V-Model,1697.44,54603.5
5,17,1096088.65,5,5,2,1,3,219217.73,2,1,0,2,Waterfall,100.37,958564.53
31,37,339535.71,4,2,3,1,1,10952.7648,3,2,0,3,Waterfall,1042.44,365036.53
73,37,146666.3,1,4,3,3,1,2009.1274,9,2,0,3,SAFe,3086.63,159441.65
41,21,1156499.5,4,5,2,2,2,28207.3049,4,3,1,3,Scrum,756.63,1384109.51
32,43,1076887.78,2,3,2,3,2,33652.7431,6,3,1,2,Scrum,1101.73,1305456.04
12,33,732739.38,1,1,5,2,2,61061.615,10,2,1,1,Spiral,466.16,898411.08
17,31,1164891.94,4,3,3,2,1,68523.0553,6,3,1,2,Agile,360.06,1516234.58
78,47,972004.87,3,1,4,1,2,12461.6009,4,3,1,2,SAFe,2598.36,1187236.49
37,25,488958.02,1,4,5,3,1,13215.0816,15,1,1,3,Spiral,1382.6,667226.82
53,35,703818.86,3,2,2,3,3,13279.6011,6,4,0,1,Iterative,1432.26,881680.11
22,17,982495.43,1,2,4,2,2,44658.8832,8,2,1,3,Iterative,454.66,1364297.05
66,27,1262916.47,3,1,4,3,1,19135.098,12,4,0,2,V-Model,1323.89,1450076.23
5,22,227051.63,5,3,5,2,3,45410.326,10,5,0,3,XP,102.67,301861.68
66,3,107201.98,1,1,1,2,2,1624.2724,2,4,1,1,Iterative,116.76,119332.79
49,38,351657.7,5,4,3,1,2,7176.6878,3,2,1,2,Waterfall,1527.3,459795.07
26,39,1394103.91,2,1,3,2,4,53619.3812,6,3,1,1,Iterative,765.83,1836982.98
72,10,1219855.79,4,3,2,1,3,16942.4415,2,1,0,1,SAFe,658.18,1564616.9
72,43,957959.04,4,5,4,2,4,13304.9867,8,5,0,3,SAFe,2655.77,1108319.05
71,15,232188.25,1,5,4,2,3,3270.257,8,1,1,2,SAFe,1357.66,290180.21
2,8,908704.35,2,2,3,2,2,454352.175,6,1,1,3,Iterative,17.8,182149.66
50,36,508176.18,5,5,4,1,2,10163.5236,4,2,1,1,V-Model,1843.0,603531.42
25,26,46946.91,4,3,5,1,2,1877.8764,5,4,0,1,Waterfall,401.56,56942.3
3,6,629584.03,1,3,1,1,3,209861.3433,1,2,1,2,Kanban,18.77,97546.15
69,23,1438356.6,1,4,1,3,3,20845.7478,3,2,0,2,SAFe,2079.4,1836729.21
46,38,282814.19,5,5,3,3,4,6148.1346,9,3,0,1,Spiral,1879.45,373096.01
15,6,232219.85,5,5,4,1,4,15481.3233,4,5,0,3,Waterfall,64.51,294536.01
15,46,1167448.59,1,3,2,3,1,77829.906,6,2,1,3,Spiral,785.34,1293539.51
27,36,1208130.59,2,2,1,3,2,44745.5774,3,2,1,3,Iterative,1247.48,1297822.38
33,43,1306060.08,3,2,5,3,4,39577.5782,15,1,0,1,Spiral,2224.75,1754966.44
73,35,310200.98,3,3,5,1,3,4249.3285,5,4,1,3,V-Model,3292.17,323368.34
55,19,830711.03,1,5,1,3,1,15103.8369,3,3,1,3,SAFe,921.41,918071.59
35,30,1455564.03,5,2,5,1,3,41587.5437,5,5,1,1,V-Model,770.35,1729065.05
67,22,387591.68,4,5,5,3,1,5784.9504,15,1,1,1,Spiral,1766.15,523339.84
27,25,1250568.02,3,1,2,2,4,46317.3341,4,4,0,1,Agile,623.23,1416686.6
56,42,257700.17,4,1,2,1,3,4601.7888,2,5,1,2,SAFe,1377.61,318505.09
71,22,402723.33,5,1,5,3,3,5672.1596,15,3,0,3,Spiral,2202.27,473232.74
54,39,58108.09,4,3,2,3,4,1076.0757,6,2,0,2,Spiral,3360.98,75381.01
56,39,940533.68,1,2,5,1,1,16795.2443,5,1,0,2,SAFe,218.57,1052194.08
6,47,245121.45,5,4,1,2,2,40853.575,2,1,0,2,Agile,286.35,286650.83
58,14,1227866.94,3,4,4,3,2,21170.1197,12,5,0,3,Spiral,878.94,1247003.26
68,18,54577.29,1,3,4,1,3,802.6072,4,1,0,2,SAFe,1545.21,70641.08
72,41,731792.72,4,3,2,3,1,10163.7878,6,3,0,3,SAFe,2390.77,919602.05
6,11,1127920.61,4,3,1,1,4,187986.7683,1,1,0,1,Waterfall,50.67,247283.02
23,16,39572.89,1,4,2,1,4,1720.5604,2,1,1,3,Scrum,374.22,55344.77
63,35,1323991.34,4,4,5,3,4,21015.7356,15,5,1,3,Spiral,2690.88,1625075.28
11,12,603906.99,3,4,3,3,3,54900.6355,9,4,0,2,Spiral,167.63,792159.39
7,27,1394090.94,3,4,5,1,1,199155.8486,5,4,1,2,Agile,159.26,1742511.02
24,35,659354.45,4,5,3,3,3,27473.1021,9,2,1,3,Spiral,1186.41,932361.55
31,41,263943.23,1,3,4,3,4,8514.2977,12,4,0,1,Spiral,1289.23,331036.1
47,40,209552.64,1,5,4,3,3,4458.5668,12,4,0,2,Spiral,2505.92,257569.89
43,29,448209.39,1,3,4,1,3,10423.4742,4,5,1,2,Iterative,816.53,507986.82
18,13,1038708.29,5,1,5,2,4,57706.0161,10,2,0,1,Waterfall,241.67,1272732.1
17,12,548317.29,3,1,2,2,3,32253.9582,4,2,1,1,Agile,237.68,607551.88
70,32,611557.41,2,4,4,3,1,8736.5344,12,2,0,2,Spiral,1973.92,863062.52
21,42,28758.38,1,5,4,3,4,1369.4467,12,1,0,3,Spiral,1633.2,33995.6
50,60,1197865.99,5,1,4,1,3,23957.3198,4,4,1,1,Waterfall,2047.5,31992187.5
64,44,853979.27,5,3,1,1,1,13343.4261,1,5,1,3,SAFe,1687.12,1056747.09
59,27,1126732.51,4,5,2,3,4,19097.1612,6,2,1,2,Spiral,1822.4,1426751.74
53,18,1318671.05,2,4,2,1,1,24880.5858,2,5,0,2,SAFe,499.25,1385949.75
21,42,984908.49,2,2,4,3,4,46900.4043,12,3,1,2,Spiral,1129.29,1436382.58
31,16,1382222.15,2,2,4,3,1,44587.8113,12,1,1,2,Iterative,663.9,1581289.84
4,45,295954.31,5,3,1,3,3,73988.5775,3,2,0,3,Agile,196.81,408561.46
74,47,1500561.23,4,5,1,3,3,20277.8545,3,4,1,3,SAFe,3112.98,1381000.87
58,25,1292350.54,2,5,3,3,2,22281.9059,9,4,0,3,Spiral,1422.55,1472857.88
66,31,1276714.57,2,4,5,2,2,19344.1602,10,2,1,2,Spiral,2546.95,1690902.98
79,45,1209131.13,3,2,1,2,2,15305.4573,2,2,0,2,SAFe,3041.17,1596186.12
59,3,852118.11,5,3,5,1,4,14442.6798,5,2,1,3,V-Model,216.41,844517.94
32,28,1004237.47,1,1,1,3,1,31382.4209,3,1,1,1,Iterative,749.71,1180459.86
79,5,775851.23,5,5,4,2,4,9820.9016,8,1,1,1,V-Model,467.3,994136.88
70,19,669164.82,4,3,2,3,4,9559.4974,6,3,0,3,Spiral,1527.1,952787.49
38,11,709220.0,1,2,1,2,1,18663.6842,2,2,1,3,Iterative,460.97,954136.75
75,7,1049134.33,3,3,2,3,3,13988.4577,6,1,1,2,SAFe,833.64,1130178.94
6,45,65844.26,4,2,5,1,2,10974.0433,5,4,0,1,Waterfall,247.23,76625.31
2,31,882991.02,3,1,2,2,1,441495.51,4,3,0,2,Iterative,41.19,225377.15
17,28,1243783.52,5,3,2,2,4,73163.7365,4,2,1,3,Scrum,507.02,1406392.71
16,11,346916.36,1,2,5,3,3,21682.2725,15,3,1,2,Spiral,287.44,401441.34
48,10,193990.93,2,4,3,2,4,4041.4777,6,4,0,2,Scrum,340.91,258438.68
17,5,353917.0,4,5,5,2,4,20818.6471,10,1,1,3,V-Model,128.19,412910.01
66,30,1262382.8,5,5,4,1,2,19127.0121,4,4,0,3,SAFe,1539.1,1425074.06
59,22,660502.45,3,3,5,2,4,11194.9568,10,3,0,1,Agile,1317.32,922707.73
53,20,620691.27,2,1,5,3,1,11711.156,15,5,1,3,Spiral,922.26,850923.3
17,48,280609.02,5,1,2,3,2,16506.4129,6,1,0,3,Agile,999.46,346681.21
46,48,432854.94,2,5,2,3,2,9409.89,6,4,1,1,Scrum,1726.31,497102.71
52,9,575667.38,4,3,4,3,1,11070.5265,12,3,0,2,Spiral,464.13,611423.27
44,42,1364445.33,5,3,1,2,2,31010.1211,2,3,1,2,Agile,1332.12,1550425.12
60,3,1426663.78,2,2,5,2,3,23777.7297,10,5,1,1,Spiral,145.5,1723279.58
76,21,1237564.59,5,5,1,1,4,16283.7446,1,5,0,3,SAFe,993.29,1527085.74
65,35,978743.0,2,4,3,2,2,15057.5846,6,2,0,2,SAFe,2200.95,1169386.73
63,2,350085.06,2,4,2,3,4,5556.9057,6,2,1,3,SAFe,188.53,441599.82
74,8,876894.08,5,3,1,3,3,11849.92,3,5,1,3,SAFe,512.57,959472.65
15,12,624629.65,4,1,5,3,4,41641.9767,15,3,1,3,Spiral,248.62,754148.02
64,30,243859.19,5,1,4,2,4,3810.2998,8,5,0,3,SAFe,1619.43,279410.61
61,10,214373.75,5,2,5,3,3,3514.3238,15,2,0,3,Spiral,905.07,248581.37
15,48,615760.89,3,5,3,1,3,41050.726,3,1,0,2,Scrum,885.66,811610.9
14,31,1165395.34,2,4,4,1,2,83242.5243,4,4,1,2,Scrum,287.35,1455700.61
13,4,542950.22,2,1,5,2,3,41765.4015,10,2,0,3,Iterative,73.49,633019.54
56,46,285025.01,5,2,2,2,3,5089.7323,4,5,1,2,SAFe,1830.57,351326.65
27,19,540897.5,3,5,4,3,4,20033.2407,12,2,1,2,Spiral,731.8,621122.91
78,27,613318.04,3,2,2,2,2,7863.0518,4,2,0,2,SAFe,2451.16,768871.64
2,25,1242643.53,5,3,3,2,4,621321.765,6,4,0,3,Waterfall,53.87,621763.13
35,38,1218483.55,4,1,5,3,4,34813.8157,15,3,0,3,Spiral,1989.12,1479527.42
68,16,1472809.47,3,4,1,2,4,21658.9628,2,3,0,3,SAFe,1204.75,1602711.94
31,2,535020.21,4,5,4,3,4,17258.7165,12,5,1,2,Scrum,49.25,606929.96
9,37,842901.29,3,1,5,3,3,93655.6989,15,2,1,2,Spiral,466.53,1020448.6
44,27,351583.27,2,2,4,2,3,7990.5289,8,4,1,2,Spiral,1129.28,348543.71
67,33,418580.4,4,4,2,1,2,6247.4687,2,1,1,3,SAFe,1891.86,541992.1
44,41,132579.8,3,3,4,1,2,3013.1773,4,4,0,3,Iterative,1320.0,146175.52
80,16,613829.77,5,5,1,1,4,7672.8721,1,2,0,3,SAFe,1255.71,778553.66
38,45,404193.02,3,2,2,2,1,10636.6584,4,3,0,1,Agile,1010.85,473170.56
5,28,472817.09,4,4,5,3,3,94563.418,15,4,0,2,Spiral,212.98,587969.09
78,24,746953.44,3,3,3,3,2,9576.3262,9,1,1,1,SAFe,1969.48,870915.58
77,4,870882.21,3,4,4,2,2,11310.1586,8,3,1,2,V-Model,328.94,1066244.8
19,46,1366943.77,3,5,3,2,1,71944.4089,6,2,1,2,V-Model,772.08,1662181.7
25,21,170026.77,4,1,4,3,1,6801.0708,12,1,0,3,Spiral,716.34,210536.47
33,45,314415.31,2,4,4,3,1,9527.7367,12,3,1,2,V-Model,1876.2,350114.17
53,9,1157387.85,3,3,1,3,4,21837.5066,3,3,0,2,SAFe,472.72,1311302.37
60,2,841364.39,5,4,1,2,3,14022.7398,2,1,0,2,SAFe,141.8,952689.21
22,34,719793.41,5,5,5,2,2,32717.8823,10,2,0,2,Scrum,769.1,900341.93
23,32,1355396.3,2,2,2,1,1,58930.2739,2,4,1,1,Agile,437.31,1701454.54
17,40,364976.88,1,5,4,1,3,21469.2282,4,4,0,3,Scrum,586.71,351189.5
37,32,183733.69,1,2,4,3,4,4965.7754,12,2,1,1,Spiral,1515.15,226374.16
53,16,1160890.18,3,3,2,2,3,21903.5883,4,2,0,2,SAFe,871.67,1149940.89
56,14,401293.6,4,5,5,2,2,7165.9571,10,5,0,2,SAFe,584.91,515591.44
18,37,212310.13,1,1,3,3,3,11795.0072,9,1,1,3,Spiral,1081.88,262661.68
61,15,1483770.63,2,3,2,3,3,24324.1087,6,5,1,2,SAFe,756.45,1785466.41
56,40,11480.59,5,3,1,1,1,205.0105,1,1,0,2,SAFe,1703.51,13314.87
62,39,1415216.47,5,1,1,1,3,22826.0721,1,5,0,2,SAFe,1557.97,1636509.34
11,43,29062.55,1,3,4,2,1,2642.05,8,3,0,1,Scrum,401.46,39681.14
68,19,1478660.72,5,2,3,3,1,21745.0106,9,4,1,3,Spiral,1527.09,1929306.58
57,1,899089.61,2,3,5,2,3,15773.5019,10,3,1,2,Spiral,61.59,1159477.08
70,28,381077.66,5,2,3,1,1,5443.9666,3,4,1,2,V-Model,1541.64,515095.73
50,20,415323.13,2,1,1,3,2,8306.4626,3,2,0,3,SAFe,1266.78,485103.48
2,2,1092285.61,1,5,2,2,2,546142.805,4,3,0,1,Kanban,2.88,12986.59
47,39,594371.32,1,2,3,3,4,12646.1983,9,5,1,1,Spiral,1516.29,760045.56
22,16,325321.37,3,1,5,1,3,14787.335,5,4,1,2,V-Model,338.43,366734.96
3,8,310471.68,3,4,3,3,2,103490.56,9,3,1,2,Agile,22.21,257169.25
29,29,1352120.81,4,1,1,2,1,46624.8555,2,1,1,1,Agile,800.19,1627196.39
79,2,48386.99,1,5,2,2,3,612.4935,4,2,1,3,SAFe,159.65,52131.63
60,27,555831.4,3,1,5,3,4,9263.8567,15,3,1,3,Spiral,2221.98,617549.49
78,30,1457770.57,4,1,2,3,1,18689.3663,6,3,0,3,SAFe,2106.1,1630339.29
2,20,1173722.2,3,3,5,1,1,586861.1,5,5,0,2,Waterfall,29.47,445177.97
37,19,496730.81,3,5,2,3,4,13425.157,6,2,0,1,Agile,620.57,574579.15
14,47,355404.55,3,5,3,1,1,25386.0393,3,5,1,1,Scrum,363.95,319491.24
8,26,1220199.32,4,3,4,1,3,152524.915,4,1,0,2,Waterfall,263.1,1230233.07
2,33,1197358.97,5,2,5,2,3,598679.485,10,5,0,1,XP,54.53,1133031.76
48,29,281389.29,3,3,2,2,4,5862.2769,4,2,0,1,Agile,1093.12,311263.33
23,6,545776.4,2,2,3,1,1,23729.4087,3,1,1,1,Iterative,125.54,669483.87
22,33,871481.1,4,2,2,3,3,39612.7773,6,3,1,1,Agile,792.46,1069101.51
61,25,1274440.81,3,1,5,2,2,20892.4723,10,3,1,2,Spiral,1712.72,1445147.75
28,13,1375912.73,4,5,1,2,2,49139.7404,2,3,1,1,Agile,277.05,1648083.0
56,13,658265.59,4,5,5,1,3,11754.7427,5,1,0,3,SAFe,969.86,851086.56
61,30,97613.79,1,4,2,1,1,1600.2261,2,4,0,3,SAFe,987.39,104149.34
69,11,1252549.62,4,3,1,2,3,18152.893,2,3,1,3,SAFe,879.16,1392097.56
22,37,1214529.94,4,3,4,2,2,55205.9064,8,2,1,3,V-Model,1076.07,1300685.34
62,38,519483.41,1,3,1,2,2,8378.7647,2,3,1,3,SAFe,2127.59,677381.62
68,29,560611.75,4,2,1,1,1,8244.2904,1,5,0,2,SAFe,1195.57,755766.26
77,43,244604.18,3,2,5,3,1,3176.6777,15,4,0,2,Spiral,3397.95,318269.22
31,11,1281192.98,4,5,5,1,1,41328.8058,5,3,0,3,Waterfall,325.72,1633433.55
77,12,1460251.71,1,5,2,2,1,18964.3079,4,5,1,3,SAFe,562.05,1615589.86
32,33,10675.34,3,5,2,2,4,333.6044,4,3,0,3,Scrum,1012.87,12079.2
80,12,46376.68,4,2,5,2,2,579.7085,10,5,0,3,SAFe,790.85,56569.28
34,7,558500.84,4,1,3,3,4,16426.4953,9,3,1,1,Agile,262.94,662697.4
46,3,127200.26,4,1,1,3,4,2765.223,3,1,1,1,Agile,166.97,145507.42
17,8,1104093.84,5,2,5,3,3,64946.6965,15,2,0,2,Spiral,162.35,1403292.13
76,38,220637.05,4,4,5,3,2,2903.1191,15,4,0,3,Spiral,3107.17,226868.03
26,11,730272.42,4,3,1,2,1,28087.4008,2,2,1,3,Agile,230.16,930338.02
22,5,1385064.01,2,4,5,2,2,62957.455,10,4,1,1,Spiral,110.91,1477382.87
60,10,1049189.85,1,2,1,2,2,17486.4975,2,1,1,2,SAFe,585.51,1197101.48
78,19,174759.24,3,3,4,1,2,2240.5031,4,1,0,2,Agile,1815.49,212676.39
39,12,1094143.66,4,4,1,2,3,28054.9656,2,3,1,2,Agile,464.6,1281263.01
49,16,477187.34,3,2,1,2,4,9738.5171,2,2,1,2,Iterative,631.58,604883.97
61,36,647815.47,3,4,1,2,1,10619.9257,2,3,1,2,SAFe,1373.94,738824.45
57,31,1232087.23,4,5,2,2,1,21615.5654,4,1,1,2,SAFe,1777.29,1270572.31
18,39,1222798.83,5,1,1,2,4,67933.2683,2,2,1,2,Waterfall,689.48,1482788.96
7,34,608504.33,2,1,3,3,1,86929.19,9,1,1,2,Spiral,267.38,601916.11
71,38,668170.36,5,4,1,3,2,9410.8501,3,4,0,1,SAFe,1654.59,803437.22
60,30,931568.85,4,1,1,3,1,15526.1475,3,3,0,1,Agile,1331.01,1073202.34
56,33,194837.51,5,5,3,2,1,3479.2412,6,3,0,3,SAFe,1317.32,223142.72
33,36,559825.23,1,1,5,1,3,16964.4009,5,5,1,1,Iterative,826.19,597282.89
36,12,915098.8,4,4,5,3,1,25419.4111,15,4,0,3,Spiral,537.39,1101583.23
40,43,1413315.7,1,3,3,3,1,35332.8925,9,5,0,1,Agile,1013.27,2158285.82
11,40,1075707.26,5,1,2,1,4,97791.5691,2,4,1,1,V-Model,368.47,1103620.46
21,4,502483.57,4,2,5,1,3,23927.789,5,3,1,3,V-Model,95.82,650185.62
19,45,986509.52,4,5,4,2,3,51921.5537,8,2,0,1,Scrum,1018.57,1272934.36
63,23,1387782.28,2,3,3,2,1,22028.2902,6,3,1,3,Spiral,1331.72,1818676.54
34,28,413320.97,2,3,5,2,2,12156.4991,10,2,0,1,Agile,986.2,479910.7
62,30,1304252.47,5,3,1,2,4,21036.3302,2,1,0,2,SAFe,2171.44,1608907.93
74,45,993095.79,1,5,4,3,2,13420.2134,12,2,1,1,Spiral,4722.59,1140679.6
68,16,189621.03,2,3,4,1,1,2788.5446,4,3,1,3,SAFe,856.41,211849.72
76,20,1040667.93,5,2,2,2,2,13692.9991,4,4,1,2,SAFe,1011.2,1244206.92
14,48,508365.48,4,3,4,2,4,36311.82,8,4,1,2,V-Model,725.93,561472.64
41,18,1011967.48,1,3,4,1,1,24682.1337,4,2,1,1,Iterative,634.11,1310061.53
34,3,1062424.1,5,3,5,3,2,31247.7676,15,2,1,1,Spiral,111.06,1165056.91
80,25,1474454.94,2,4,1,2,2,18430.6868,2,3,1,1,SAFe,1411.87,1619218.34
48,4,507142.68,5,3,2,2,2,10565.4725,4,3,1,1,RAD,152.64,610715.46
28,12,559274.06,4,2,4,1,1,19974.0736,4,2,1,3,Scrum,385.12,611342.25
25,36,210316.11,1,2,1,1,2,8412.6444,1,2,1,3,Iterative,793.61,238306.96
64,36,316599.84,5,4,1,3,4,4946.8725,3,4,0,3,SAFe,2708.64,347301.61
2,28,884195.03,1,4,5,2,1,442097.515,10,5,1,2,Spiral,42.12,1171161.19
21,33,758810.58,3,3,1,3,1,36133.8371,3,5,1,1,Scrum,461.91,874292.23
56,32,1102059.8,4,5,3,2,4,19679.6393,6,3,1,2,SAFe,1883.93,1350804.31
47,16,720413.57,4,4,1,2,3,15327.9483,2,3,0,1,Agile,705.52,810729.66
11,2,1491482.89,2,3,1,1,3,135589.3536,1,3,0,1,RAD,16.2,94558.89
32,34,1293830.05,1,2,4,1,2,40432.1891,4,3,0,3,Iterative,1112.49,1797689.76
30,18,1208766.37,2,2,3,1,1,40292.2123,3,3,0,1,Agile,398.48,1356843.96
2,19,1472813.09,3,3,1,1,2,736406.545,1,5,1,1,XP,17.24,125931.3
57,38,170497.67,1,2,3,3,2,2991.1872,9,1,1,1,Spiral,2789.9,268069.24
20,25,683518.89,2,5,4,3,2,34175.9445,12,2,1,3,Spiral,777.74,844243.94
17,19,1466024.71,3,1,1,3,1,86236.7476,3,1,1,1,Agile,281.1,1535634.16
32,19,207709.97,5,2,4,2,2,6490.9366,8,1,1,1,V-Model,747.54,258005.83
40,26,1079218.69,2,1,4,3,4,26980.4672,12,1,1,1,Spiral,1419.34,1373933.58
36,15,408954.71,3,3,4,3,1,11359.8531,12,1,0,1,Spiral,636.37,487706.34
38,22,1050311.11,2,4,4,3,2,27639.7661,12,2,1,1,Spiral,1097.78,1387560.5
21,7,987950.44,2,4,2,2,2,47045.259,4,2,1,2,Scrum,127.24,1242004.17
29,1,133372.92,1,3,1,2,2,4599.0662,2,5,0,1,RAD,16.09,89181.08
68,33,389306.11,2,5,3,3,1,5725.0899,9,3,0,2,Spiral,2585.42,477997.79
71,29,1263894.93,3,5,5,2,1,17801.337,10,4,1,3,Spiral,1655.04,1622514.82
52,37,35638.72,2,4,1,1,2,685.36,1,3,1,1,Iterative,1316.75,38820.17
14,22,361985.89,1,3,2,1,4,25856.135,2,4,1,2,Iterative,209.88,458134.81
31,3,499288.45,5,1,1,3,3,16106.079,3,3,1,3,Agile,97.7,614335.15
66,3,594055.67,1,4,1,3,1,9000.8435,3,1,1,1,Iterative,172.2,805996.04
28,30,1338620.63,2,1,1,2,2,47807.8796,2,3,0,1,Iterative,558.22,1576539.15
61,41,38566.65,1,4,4,3,2,632.2402,12,2,0,2,Spiral,2707.28,50760.56
3,12,78857.82,2,5,5,2,1,26285.94,10,5,0,1,XP,23.29,436687.5
35,8,12805.71,3,4,3,1,1,365.8774,3,4,0,2,Agile,192.21,14561.62
69,21,1246182.55,4,4,3,3,2,18060.6167,9,3,1,2,SAFe,1656.76,1497774.2
65,45,1475897.82,5,3,2,2,2,22706.1203,4,3,1,2,Spiral,3260.5,1752119.83
71,31,541481.8,3,4,3,3,2,7626.5042,9,3,0,1,Spiral,1826.55,743324.29
31,25,348376.4,4,1,1,3,1,11237.9484,3,4,1,3,Agile,626.71,431661.15
10,17,1270778.61,5,2,3,1,3,127077.861,3,3,1,3,V-Model,175.39,1556132.87
78,8,1244814.26,3,2,2,3,3,15959.1572,6,3,1,3,SAFe,790.43,1549311.16
43,25,137261.39,1,5,5,1,3,3192.1253,5,2,1,1,Scrum,1441.61,158810.17
37,35,694740.71,5,5,1,3,4,18776.7759,3,4,0,2,Agile,1283.82,922684.78
53,2,1261308.77,3,5,2,3,2,23798.2787,6,1,1,3,SAFe,109.86,961562.18
68,42,1314211.26,1,1,4,1,2,19326.6362,4,4,1,1,Iterative,2266.04,1680430.66
32,39,265965.53,3,2,2,3,4,8311.4228,6,3,1,1,Agile,902.04,247360.1
27,21,96489.68,4,1,4,1,4,3573.6919,4,1,1,1,V-Model,574.24,117920.13
39,35,1183249.14,2,5,5,3,3,30339.7215,15,3,0,1,Spiral,1398.2,1424845.9
12,4,888446.56,3,4,1,1,2,74037.2133,1,2,0,2,RAD,35.0,177427.43
24,8,985763.03,1,3,1,1,4,41073.4596,1,2,0,3,Iterative,207.52,1186925.15
49,4,1323572.25,5,3,4,3,3,27011.6786,12,4,0,1,Agile,198.96,1659556.45
65,46,972071.89,1,2,2,3,3,14954.9522,6,2,0,1,Iterative,2996.06,1106551.81
4,12,1037715.11,3,5,4,1,1,259428.7775,4,4,0,2,XP,33.7,612636.93
6,30,707540.13,2,1,2,2,4,117923.355,4,4,0,3,Iterative,170.74,816704.26
56,32,125411.02,5,3,1,2,2,2239.4825,2,1,0,3,SAFe,1743.33,160869.9
48,15,513088.07,1,4,4,1,2,10689.3348,4,1,0,2,Scrum,788.72,643417.23
4,9,1232989.89,1,3,5,1,3,308247.4725,5,5,0,2,XP,31.82,586201.28
57,2,1460017.19,1,3,1,2,2,25614.3367,2,2,1,1,RAD,107.57,571869.09
52,17,1193096.37,4,5,2,3,4,22944.161,6,2,1,2,SAFe,1033.13,1385529.69
33,46,634124.02,3,5,4,3,1,19215.8794,12,1,0,2,Spiral,1868.09,674029.49
31,46,989546.86,3,4,4,2,2,31920.8665,8,1,0,2,Scrum,1480.87,1241716.02
44,19,981323.11,2,4,2,2,1,22302.798,4,2,0,1,Scrum,626.63,1129916.72
5,24,177432.23,2,3,4,2,3,35486.446,8,2,0,2,Scrum,185.33,198952.47
40,24,930310.64,5,4,5,1,2,23257.766,5,4,1,1,V-Model,611.59,1324607.44
37,28,626627.23,3,2,4,3,4,16935.8711,12,4,0,1,Spiral,969.31,784915.67
13,2,484967.58,2,2,1,3,4,37305.1985,3,1,0,1,Agile,32.66,274010.32
15,24,343821.55,4,2,3,1,3,22921.4367,3,4,1,1,V-Model,267.7,4350125.0
24,9,834109.83,1,2,3,3,3,34754.5762,9,2,1,2,Spiral,342.36,845992.5
77,44,948592.85,3,2,5,3,3,12319.3877,15,3,1,1,Spiral,5260.56,1346550.55
79,28,1009439.21,3,4,3,3,2,12777.7115,9,2,0,1,SAFe,2291.46,1256378.37
61,7,1064205.87,4,4,1,2,3,17445.9979,2,3,0,3,SAFe,443.11,1492366.67
27,47,1077033.19,2,4,1,1,1,39890.1181,1,3,0,2,Agile,901.22,1298803.49
15,11,716303.97,2,3,1,3,3,47753.598,3,5,0,2,Iterative,154.18,909296.68
11,47,826542.16,4,3,5,2,3,75140.1964,10,2,0,3,Agile,871.43,943778.08
65,45,1291972.42,1,5,1,3,2,19876.4988,3,4,0,2,SAFe,1971.27,1480074.93
57,29,773550.87,5,4,3,3,3,13571.0679,9,3,1,2,Spiral,2254.24,1076849.9
65,10,1082728.86,4,3,1,1,2,16657.3671,1,4,1,1,Scrum,434.65,1499032.02
26,34,20294.18,5,2,3,3,4,780.5454,9,3,1,1,Spiral,908.59,25505.15
26,2,474501.01,2,5,2,3,3,18250.0388,6,1,0,3,Scrum,78.03,452319.37
42,9,1279458.62,5,5,5,2,1,30463.3005,10,1,0,2,Scrum,454.7,1696603.02
40,36,850632.59,3,3,1,3,3,21265.8147,3,3,0,3,Scrum,256.32,499520.82
76,11,1205065.45,2,3,1,2,4,15856.1243,2,1,1,1,SAFe,818.91,1044098.02
71,16,597410.51,3,1,2,3,1,8414.2325,6,1,1,1,SAFe,1051.8,767880.8
58,21,48229.88,5,5,5,3,3,831.5497,15,2,0,1,Spiral,1774.95,55296.16
71,37,169497.68,2,2,4,1,1,2387.2913,4,1,1,3,SAFe,2429.39,184312.8
12,32,501089.31,5,5,1,2,2,41757.4425,2,5,1,1,Agile,202.89,516919.34
13,10,1062625.21,5,4,2,2,1,81740.4008,4,1,0,1,Agile,120.98,1432460.42
20,28,787657.31,1,1,4,1,4,39382.8655,4,3,1,2,Iterative,487.61,987551.87
54,7,1364070.73,1,2,1,1,4,25260.5691,1,5,0,1,Agile,213.38,1084655.64
50,18,220085.19,4,4,4,1,3,4401.7038,4,3,0,3,SAFe,1253.12,275984.77
5,23,845226.23,2,2,4,3,4,169045.246,12,3,1,3,Spiral,174.83,1137099.29
50,11,1287748.07,5,5,3,3,2,25754.9614,9,4,1,2,SAFe,445.67,1602193.24
75,3,491982.55,1,2,2,3,4,6559.7673,6,3,0,1,SAFe,227.46,608936.34
80,41,355650.78,5,2,5,1,4,4445.6348,5,1,0,2,SAFe,3720.95,435741.16
64,24,181560.07,1,5,5,2,2,2836.8761,10,1,0,3,SAFe,2279.57,208076.99
30,38,282224.33,4,5,4,3,4,9407.4777,12,3,0,3,Spiral,1997.22,308500.92
9,48,33570.33,1,4,1,3,3,3730.0367,3,1,0,2,Iterative,563.15,43181.97
25,43,1015503.89,1,2,3,2,4,40620.1556,6,4,1,2,Iterative,995.8,1234059.89
76,45,477361.58,5,5,4,3,2,6281.0734,12,4,1,1,Spiral,2970.22,626600.57
7,4,222991.7,4,5,5,3,3,31855.9571,15,3,0,2,Spiral,41.2,265882.18
31,36,382916.88,1,5,4,2,1,12352.1574,8,5,0,2,Scrum,830.0,513597.54
10,5,202595.2,3,5,1,2,2,20259.52,2,4,1,2,Scrum,37.86,224625.11
58,3,977795.32,3,5,3,2,3,16858.54,6,3,0,2,SAFe,191.09,1225723.49
30,4,885570.86,3,4,1,1,4,29519.0287,1,1,0,2,RAD,129.94,993881.82
4,20,1008281.24,5,4,1,3,1,252070.31,3,5,1,1,Agile,48.06,294607.31
20,46,186024.57,4,5,3,3,4,9301.2285,9,3,0,3,Scrum,1032.8,186117.7
7,2,1221553.02,5,3,1,1,2,174507.5743,1,5,0,2,RAD,7.36,38035.81
49,48,1478228.41,4,4,1,1,4,30167.9267,1,2,1,2,Scrum,2309.66,1816546.63
38,34,580496.21,5,5,3,2,2,15276.2161,6,4,0,3,Scrum,956.26,706022.52
33,47,1225485.09,3,3,3,2,1,37135.9118,6,4,1,1,V-Model,1225.8,1638372.37
9,8,471902.24,1,3,4,3,4,52433.5822,12,1,0,3,Spiral,144.76,634604.69
29,33,646392.9,2,1,4,3,1,22289.4103,12,4,1,1,Spiral,743.13,672291.32
51,3,206117.86,3,2,5,3,4,4041.5267,15,2,1,1,Spiral,187.47,250102.72
77,2,782578.11,3,4,4,1,1,10163.3521,4,2,1,2,SAFe,161.03,848458.84
77,24,1207239.31,2,4,5,2,2,15678.4326,10,4,0,3,SAFe,1716.76,1277842.22
54,20,1261896.28,1,2,2,1,2,23368.4496,2,4,0,3,SAFe,635.15,1501078.76
18,45,1243259.44,4,2,2,1,2,69069.9689,2,3,0,2,Waterfall,439.74,1343860.39
20,17,241097.68,5,3,3,2,3,12054.884,6,1,1,3,V-Model,600.82,314599.06
52,42,545415.54,1,2,2,3,3,10488.7604,6,5,1,1,Spiral,1861.7,659762.58
41,6,16164.81,2,3,2,1,1,394.2637,2,3,1,1,Iterative,138.32,20607.11
48,29,953556.85,3,3,2,1,3,19865.7677,2,5,0,1,Scrum,1026.09,1248361.21
73,42,428311.88,2,3,5,1,2,5867.286,5,4,0,2,SAFe,2631.5,532628.65
40,39,872452.07,3,1,4,3,1,21811.3018,12,1,1,3,Spiral,2066.31,939412.63
25,33,947697.58,3,3,1,1,1,37907.9032,1,2,1,1,Waterfall,534.12,1030402.87
8,23,1075952.32,3,4,2,1,2,134494.04,2,3,0,1,Waterfall,114.25,878731.69
50,16,295291.2,4,3,1,3,4,5905.824,3,3,0,1,Agile,681.57,358636.45
2,6,25292.7,4,5,2,1,2,12646.35,2,4,0,1,Kanban,7.92,50490.0
42,8,526650.09,5,1,1,3,4,12539.2879,3,3,0,3,Agile,347.41,674791.75
21,44,730416.46,2,4,3,3,1,34781.7362,9,2,0,3,Spiral,1209.11,898686.58
46,10,73545.86,3,1,1,3,1,1598.823,3,4,1,1,Agile,246.32,89189.24
2,21,151043.91,2,4,5,2,1,75521.955,10,1,1,3,Spiral,59.83,191964.74
11,25,1307271.28,3,4,4,1,1,118842.8436,4,1,0,1,Iterative,197.88,1674463.98
27,6,269421.47,5,5,5,3,4,9978.573,15,4,0,1,Spiral,171.67,276272.27
33,30,480628.21,2,2,3,3,1,14564.4912,9,5,1,3,Iterative,680.95,548220.65
33,18,11121.96,2,3,3,1,4,337.0291,3,3,0,1,Scrum,477.18,10558.49
34,18,1350746.39,2,3,1,2,1,39727.835,2,5,0,1,Scrum,373.07,1634948.98
66,16,1297364.84,3,2,1,2,3,19657.043,2,4,0,2,SAFe,672.37,1479843.52
32,16,578691.06,5,4,1,1,4,18084.0956,1,1,1,2,Agile,531.9,715705.34
17,40,1116805.11,4,1,4,1,1,65694.4182,4,5,0,3,Agile,450.68,1453421.0
35,30,76506.59,3,1,3,1,4,2185.9026,3,2,1,3,Iterative,1135.41,86138.53
14,27,1161935.09,3,4,4,1,3,82995.3636,4,5,0,2,Waterfall,312.03,1513153.91
47,30,297836.0,2,5,2,2,2,6336.9362,4,3,1,1,Scrum,876.85,359537.23
2,21,970373.25,4,1,3,2,1,485186.625,6,3,0,2,Agile,30.07,397562.4
14,45,570157.28,1,4,3,1,4,40725.52,3,4,0,2,Scrum,527.28,768626.69
25,36,780654.54,5,2,4,1,3,31226.1816,4,2,1,1,Waterfall,760.5,9506250.0
49,46,1284483.57,4,4,1,2,1,26213.9504,2,3,0,1,Agile,1956.29,1415926.73
15,45,1263462.55,1,3,5,2,3,84230.8367,10,2,0,2,Iterative,815.36,1433143.84
33,9,707291.6,2,2,3,3,1,21433.0788,9,4,0,2,Iterative,254.25,830972.39
5,24,428313.57,3,4,2,3,3,85662.714,6,2,0,3,Scrum,147.42,509550.18
53,28,1273296.96,2,1,3,1,4,24024.4709,3,3,0,3,SAFe,1289.14,1447646.6
22,21,537076.43,4,2,4,2,4,24412.565,8,1,1,2,V-Model,606.73,616005.11
69,20,274858.1,2,2,5,1,3,3983.4507,5,3,1,2,SAFe,1728.07,330124.92
34,6,949762.6,4,3,2,3,2,27934.1941,6,1,1,2,Agile,249.56,938514.69
26,46,581222.93,2,4,3,3,3,22354.7281,9,5,1,1,Spiral,1096.33,628588.72
42,48,394978.25,3,5,2,3,3,9404.244,6,2,1,1,Spiral,2566.81,405248.05
65,10,1307449.43,5,4,3,2,2,20114.6066,6,5,0,3,SAFe,433.09,1443684.36
20,23,335364.49,1,5,5,2,4,16768.2245,10,1,1,1,Spiral,600.44,411031.21
78,39,1427937.24,3,2,1,3,4,18306.8877,3,4,1,1,Agile,2067.93,744934.82
77,25,806355.52,5,4,1,1,1,10472.1496,1,2,0,1,SAFe,1064.73,1020942.88
21,17,246558.74,3,1,5,3,1,11740.8924,15,3,1,1,Spiral,357.2,313055.04
38,17,1287112.14,2,3,5,3,4,33871.3721,15,4,0,1,Spiral,669.75,1494498.17
28,45,579684.05,2,3,3,2,2,20703.0018,6,3,0,1,Scrum,1099.85,756095.98
51,45,153427.68,4,1,4,1,1,3008.3859,4,5,0,2,SAFe,1650.23,170195.16
4,14,59743.52,4,1,2,1,3,14935.88,2,4,1,1,Agile,48.89,63939.84
63,45,1221066.23,1,5,4,3,4,19382.0037,12,1,1,2,Spiral,2616.25,1741515.69
22,13,570156.37,2,3,5,3,2,25916.1986,15,1,0,2,Spiral,429.43,711330.49
8,20,121665.97,1,3,3,2,4,15208.2462,6,4,0,2,Agile,160.74,1768140.0
78,11,327545.78,3,4,4,2,2,4199.3049,8,5,1,2,Spiral,843.88,427407.85
70,27,288861.76,3,1,1,3,2,4126.5966,3,4,0,3,SAFe,1753.12,329890.72
54,45,740063.78,5,5,4,1,1,13704.8848,4,4,0,2,SAFe,1637.42,906858.21
57,24,1035454.94,2,5,5,2,1,18165.8761,10,4,1,3,Spiral,1219.75,1290984.98
56,11,249277.87,5,5,3,1,1,4451.3905,3,5,0,1,Waterfall,299.16,299075.81
77,48,1467267.45,3,1,5,1,1,19055.4214,5,1,0,2,SAFe,4005.27,1708561.6
55,2,158005.06,4,5,3,3,2,2872.8193,9,2,0,1,Agile,118.79,181062.66
68,3,324532.08,1,2,3,3,1,4772.5306,9,1,1,2,V-Model,225.03,383757.24
28,36,765115.96,2,5,3,1,3,27325.57,3,1,0,2,Scrum,1328.09,978940.3
69,32,262001.8,3,5,3,3,2,3797.1275,9,5,1,3,Spiral,2168.76,326609.34
28,34,1530353.91,1,5,4,1,4,54655.4968,4,4,1,1,Scrum,632.68,1627694.05
69,14,115490.9,1,3,4,2,1,1673.7812,8,5,1,3,Spiral,791.15,142941.59
65,3,1159150.18,1,3,5,2,3,17833.0797,10,1,1,1,Spiral,279.84,1472456.18
78,11,1154144.0,3,2,5,1,1,14796.7179,5,3,0,2,SAFe,688.64,1386600.54
61,2,785039.79,1,1,5,1,3,12869.5048,5,3,0,2,SAFe,116.57,691069.82
71,3,844188.72,1,3,3,2,3,11889.982,6,4,1,2,SAFe,194.3,1080143.89
31,19,924220.98,3,2,4,2,1,29813.58,8,5,0,3,Iterative,522.95,1122290.54
13,21,1347202.49,5,3,4,3,3,103630.9608,12,2,0,1,Spiral,406.41,1633690.56
49,21,894000.71,2,4,2,1,3,18244.9124,2,4,1,1,Scrum,581.83,1022086.87
2,11,629540.43,5,1,4,2,3,314770.215,8,3,0,3,Waterfall,24.71,315890.18
56,1,1000826.7,5,4,5,1,1,17871.9054,5,4,0,1,RAD,30.06,373515.02
35,31,134614.45,5,3,1,3,1,3846.1271,3,5,0,2,Agile,700.18,174270.8
15,24,241592.58,1,3,4,2,4,16106.172,8,3,0,3,Iterative,382.54,5259925.0
31,5,803492.19,1,4,5,1,3,25919.1029,5,5,0,1,Scrum,143.64,958447.15
80,7,1203017.26,4,1,1,3,2,15037.7158,3,5,1,2,SAFe,439.55,1398122.23
42,39,636228.49,1,2,4,1,4,15148.2974,4,2,1,2,Iterative,2062.56,762781.79
59,44,1461688.5,1,3,5,3,3,24774.3814,15,5,1,1,Spiral,2480.52,1679122.24
78,44,926519.5,2,4,5,2,4,11878.4551,10,4,0,2,SAFe,3702.07,1231093.2
8,19,43757.47,1,5,4,3,3,5469.6838,12,4,0,2,Spiral,215.45,54539.35
43,47,1457895.5,5,5,2,2,3,33904.5465,4,5,1,1,V-Model,1435.11,1537441.81
12,1,733875.81,5,2,1,1,1,61156.3175,1,3,0,2,Waterfall,8.89,77296.91
52,28,1086997.5,5,4,3,3,3,20903.7981,9,5,0,1,Spiral,1330.18,1116985.82
29,17,256132.42,5,3,4,1,2,8832.1524,4,2,0,2,Waterfall,400.45,321999.78
59,19,619975.9,2,2,3,3,1,10508.0661,9,1,1,2,Spiral,1382.13,697453.96
5,7,101517.07,1,1,5,3,2,20303.414,15,3,0,2,Spiral,36.5,117103.73
31,30,444596.76,5,1,2,3,4,14341.831,6,1,0,3,Spiral,1499.79,520217.4
49,14,386963.9,1,5,1,2,1,7897.2224,2,2,0,2,Scrum,574.2,432130.05
20,36,501840.26,1,1,3,2,2,25092.013,6,1,1,2,Iterative,789.0,692551.27
11,3,1190111.11,1,4,5,2,3,108191.9191,10,2,1,2,Spiral,41.98,1125486.43
61,26,192206.56,5,2,4,1,2,3150.9272,4,4,0,1,Waterfall,890.48,271668.39
70,24,750538.94,2,1,4,1,3,10721.9849,4,2,0,2,SAFe,1635.34,851806.47
59,43,331691.88,1,5,3,3,4,5621.8963,9,1,0,3,Spiral,3948.63,407209.62
61,35,170483.12,4,2,3,3,1,2794.8052,9,5,0,2,SAFe,1727.2,232036.75
65,43,548659.0,2,2,1,3,4,8440.9077,3,2,1,3,SAFe,4135.01,644973.26
57,47,1275517.38,1,4,2,2,2,22377.4979,4,2,1,1,Iterative,2097.07,1476137.07
20,30,1318781.84,4,5,2,1,2,65939.092,2,3,1,1,Scrum,426.97,1551325.33
65,7,1030237.73,4,5,3,1,4,15849.8112,3,4,1,1,V-Model,237.1,1399713.69
71,42,1123022.43,5,4,1,2,3,15817.2173,2,5,0,2,SAFe,2522.54,1352666.68
69,32,235776.25,1,4,5,3,2,3417.0471,15,1,0,1,Spiral,2827.28,281941.33
60,13,993036.15,1,2,3,1,3,16550.6025,3,4,1,2,SAFe,684.77,1158932.05
43,37,425152.46,5,4,4,1,3,9887.2665,4,4,1,1,V-Model,1294.52,496443.87
34,1,709075.78,1,1,3,3,4,20855.17,9,1,0,1,Iterative,42.93,388863.77
61,36,983977.57,2,2,2,2,4,16130.7798,4,2,0,1,Agile,1756.55,1245081.47
44,19,793754.41,1,4,3,2,1,18039.873,6,4,0,2,Scrum,449.77,1006142.65
36,23,299934.56,2,1,3,1,4,8331.5156,3,5,1,2,Iterative,703.21,346954.35
23,30,218177.01,1,4,4,3,2,9485.957,12,4,1,2,Spiral,849.42,240646.02
40,48,902340.8,4,1,5,1,3,22558.52,5,5,1,1,Waterfall,1537.54,24024062.5
48,44,1384688.59,3,5,1,1,4,28847.679,1,5,0,1,Scrum,1225.2,1671974.98
62,42,837499.37,5,1,1,3,4,13508.0544,3,2,1,3,SAFe,3511.08,890826.74
56,34,800401.27,1,4,5,1,2,14292.8798,5,5,1,3,SAFe,1326.26,873165.2
78,13,18949.33,5,3,1,3,4,242.9401,3,1,1,3,SAFe,1404.42,22119.06
80,21,204713.94,2,2,5,3,4,2558.9242,15,1,1,2,Spiral,2759.27,264623.13
67,35,789355.73,2,5,4,3,4,11781.4288,12,1,1,1,Spiral,3471.45,814207.89
77,26,1076231.11,4,5,1,1,3,13977.0274,1,1,1,3,SAFe,2289.39,1747991.15
50,60,1188940.54,5,1,4,1,3,23778.8108,4,4,1,1,Agile,2047.5,31992187.5
60,18,15955.38,1,3,3,3,4,265.923,9,3,1,2,Spiral,1457.27,20174.63
37,40,314185.33,3,1,5,3,2,8491.4954,15,1,1,2,Spiral,2349.73,382012.73
5,5,39834.41,5,4,1,1,1,7966.882,1,5,0,1,Kanban,13.2,84150.0
24,24,1344573.94,2,4,4,3,2,56023.9142,12,3,1,2,Spiral,765.37,1567718.55
45,30,1101436.18,2,3,2,1,2,24476.3596,2,5,0,3,Scrum,850.74,1267264.16
32,32,424203.77,3,1,1,3,2,13256.3678,3,5,0,2,Agile,750.55,497298.95
73,12,571145.82,4,2,4,3,2,7823.9153,12,3,0,1,Spiral,870.91,727297.64
19,37,924690.62,1,3,4,2,4,48667.9274,8,4,0,2,Agile,691.68,1180356.73
31,43,1419433.23,1,2,1,2,4,45788.1687,2,5,1,1,Agile,917.37,1756743.3
17,16,649696.18,5,3,3,1,4,38217.4224,3,5,0,1,Waterfall,154.09,857987.75
42,30,584251.59,3,1,2,1,2,13910.7521,2,4,1,3,Iterative,947.79,792046.46
64,27,807973.29,4,3,5,1,2,12624.5827,5,5,0,3,SAFe,1252.09,847707.46
33,7,1270773.22,3,4,4,1,2,38508.2794,4,3,1,3,V-Model,165.39,1446749.04
26,37,757802.47,5,3,4,3,2,29146.2488,12,3,1,3,Spiral,1174.6,824538.14
41,22,633591.99,2,2,4,3,4,15453.4632,12,1,1,3,Spiral,1469.96,742035.39
15,42,1465260.14,4,3,1,3,4,97684.0093,3,3,0,2,Agile,645.89,2017380.45
74,15,864689.27,3,3,1,3,2,11684.9901,3,3,1,1,SAFe,1135.51,1013124.93
25,25,242774.35,5,2,4,2,2,9710.974,8,4,0,1,Waterfall,526.68,291955.34
40,20,1405862.54,3,2,3,1,1,35146.5635,3,1,1,2,V-Model,822.86,1642535.25
22,14,827837.47,4,2,5,1,4,37628.9759,5,3,0,3,Waterfall,282.54,1000319.88
9,14,1403175.76,2,3,5,2,2,155908.4178,10,1,1,1,Spiral,154.49,1471359.05
6,26,1159888.97,5,5,5,3,4,193314.8283,15,5,0,2,Spiral,143.46,1344055.89
26,7,674400.41,3,5,5,2,1,25938.4773,10,5,1,2,V-Model,161.98,770484.75
63,6,1218319.42,1,2,2,3,2,19338.4035,6,1,0,1,Iterative,379.71,1383844.62
30,41,867259.3,3,1,5,1,2,28908.6433,5,4,0,3,Waterfall,892.09,1026036.95
38,31,1053756.44,1,1,2,2,3,27730.4326,4,4,0,1,Iterative,822.97,1176767.59
48,31,1302164.99,1,3,3,2,2,27128.4373,6,1,0,2,Iterative,2030.8,1284627.76
80,33,518319.94,2,5,3,3,1,6478.9992,9,2,0,1,Iterative,2906.19,589535.47
61,36,767632.73,3,2,2,1,4,12584.1431,2,4,0,1,Iterative,1493.49,952155.32
54,30,866238.72,1,5,1,3,3,16041.4578,3,5,0,3,SAFe,1526.66,917875.1
36,15,107279.81,1,3,5,1,1,2979.9947,5,1,1,1,Scrum,533.3,131287.8
69,34,1121529.49,5,4,1,3,4,16254.0506,3,4,0,2,SAFe,2238.33,1116677.84
48,44,1325526.48,2,2,5,2,3,27615.135,10,1,1,1,Spiral,2984.38,1670976.76
55,18,534797.4,5,3,1,1,3,9723.5891,1,1,1,1,Waterfall,933.61,680796.63
15,15,1040657.23,3,5,4,3,3,69377.1487,12,2,0,2,Spiral,297.69,1119948.44
56,21,403299.06,5,2,3,1,3,7201.7689,3,5,1,3,SAFe,898.52,485630.0
70,12,1056081.37,3,3,3,2,1,15086.8767,6,4,1,1,Spiral,648.52,1390114.9
80,42,397164.3,3,4,3,3,4,4964.5538,9,4,0,2,Spiral,3547.17,456775.76
46,43,208700.43,2,2,4,3,2,4536.9659,12,5,1,2,Spiral,1971.54,233416.67
17,24,555512.36,2,2,4,2,3,32677.1976,8,4,0,3,Scrum,536.04,610642.41
63,38,901304.09,1,2,3,3,2,14306.4141,9,1,1,2,Spiral,3462.81,1136466.92
31,46,299111.99,3,4,2,3,4,9648.7739,6,4,1,2,Agile,1375.21,377278.76
73,41,1322682.63,3,3,1,1,3,18118.9401,1,1,1,3,SAFe,3877.76,1607932.49
5,29,892408.89,2,5,1,1,4,178481.778,1,4,1,1,Scrum,107.35,1236116.05
60,38,631866.44,1,5,3,2,2,10531.1073,6,5,0,2,SAFe,1609.05,782454.14
40,32,1265227.17,3,1,2,1,2,31630.6792,2,1,0,2,Waterfall,855.43,1599502.8
32,40,36625.03,3,3,1,2,1,1144.5322,2,4,1,1,Agile,688.08,45250.13
66,40,1487163.74,5,5,4,3,4,22532.7839,12,3,0,1,Spiral,2729.12,1753117.43
11,38,868489.71,2,1,5,1,1,78953.61,5,2,0,1,Iterative,438.68,1046948.59
20,22,716142.03,4,4,1,2,3,35807.1015,2,1,0,3,Scrum,601.09,974896.71
77,42,1419843.91,5,2,3,2,4,18439.5313,6,3,1,1,SAFe,2407.85,1717137.6
52,31,1422916.21,5,4,1,1,4,27363.7733,1,2,1,2,SAFe,1493.03,1611929.78
71,18,225057.61,1,3,3,3,1,3169.8255,9,1,1,3,Spiral,1701.75,262641.56
35,6,1451987.38,2,2,5,3,2,41485.3537,15,5,1,1,Spiral,194.71,1851877.45
3,14,1258668.02,2,2,2,3,3,419556.0067,6,2,0,3,Agile,60.25,456227.59
60,29,1316414.95,4,4,4,3,4,21940.2492,12,2,0,1,Spiral,2132.83,1597221.09
34,8,800592.53,1,1,1,2,1,23546.8391,2,5,0,3,Iterative,167.16,845502.96
5,11,404325.5,4,4,1,3,3,80865.1,3,5,0,1,XP,44.51,428638.52
8,20,323904.64,1,3,3,1,4,40488.08,3,4,0,1,Iterative,131.35,388851.69
29,38,428343.27,1,1,3,2,4,14770.4576,6,1,0,3,Iterative,1570.33,498715.38
79,27,1153288.24,5,2,4,3,1,14598.5853,12,4,1,1,Spiral,1284.43,1215768.56
67,20,1481557.16,4,5,2,1,1,22112.7934,2,3,0,1,Waterfall,974.28,1796068.9
16,16,327421.04,2,2,2,1,4,20463.815,2,4,0,1,Iterative,142.55,380657.76
80,13,1240307.75,2,5,5,1,3,15503.8469,5,5,0,3,SAFe,1027.82,1267581.07
64,8,308863.1,1,5,5,2,4,4825.9859,10,2,0,1,Scrum,788.82,408894.51
33,13,861771.49,1,4,5,1,4,26114.2876,5,3,1,3,Scrum,386.71,924227.65
24,32,51994.84,1,5,2,3,3,2166.4517,6,3,1,3,Scrum,1160.69,64517.89
77,16,624175.31,3,1,4,1,3,8106.1729,4,5,0,3,SAFe,1081.17,813532.52
31,31,851824.74,2,3,1,3,2,27478.2174,3,3,0,3,Scrum,948.15,964878.82
18,37,292786.99,4,2,2,1,2,16265.9439,2,2,1,1,Agile,444.78,371357.67
57,18,864572.34,2,1,4,1,2,15167.9358,4,4,0,1,Iterative,754.17,1174116.22
27,20,529405.24,5,2,2,1,1,19607.6015,2,5,0,1,Waterfall,213.92,744433.31
29,17,901927.52,3,3,5,3,2,31100.949,15,4,0,3,Spiral,577.0,937584.56
37,39,504060.58,4,3,4,2,3,13623.2589,8,2,0,1,Scrum,1742.09,638950.27
44,26,732659.59,3,3,4,2,2,16651.3543,8,1,1,3,V-Model,1577.71,897315.81
77,42,907623.89,2,2,1,3,1,11787.3232,3,2,1,3,SAFe,3292.32,1094058.61
74,14,806101.33,2,5,1,1,2,10893.2612,1,5,1,1,SAFe,490.71,940283.03
20,48,1202392.45,4,4,5,2,4,60119.6225,10,5,1,2,Spiral,875.19,1471142.48
25,19,582031.45,3,4,4,3,4,23281.258,12,4,1,1,Spiral,379.17,668593.09
37,32,216263.68,2,5,5,3,2,5844.9643,15,2,0,2,Spiral,1420.21,235488.03
43,4,318419.52,1,1,5,3,3,7405.1051,15,5,0,1,Spiral,197.46,433485.04
57,31,1047078.32,4,2,4,3,1,18369.7951,12,3,0,1,Spiral,1957.1,1212561.99
49,4,1057089.92,1,4,2,1,1,21573.2637,2,2,0,1,RAD,145.85,1440662.05
74,36,1034977.62,3,2,3,1,3,13986.1841,3,4,0,3,SAFe,2010.22,1228310.19
55,23,1511955.19,3,2,4,3,4,27490.0944,12,2,1,2,Spiral,1646.31,1802095.13
28,23,471090.92,2,1,5,1,1,16824.6757,5,4,0,2,Iterative,363.66,678069.54
37,13,880000.43,3,1,1,3,1,23783.7954,3,2,1,2,Agile,462.52,1019129.01
3,15,998330.47,3,1,5,3,2,332776.8233,15,3,0,2,Spiral,57.56,948113.8
30,37,783809.56,3,1,2,3,2,26126.9853,6,2,1,1,Agile,1033.47,853270.18
68,33,978534.62,2,4,5,3,2,14390.215,15,2,0,3,Spiral,2641.34,1084478.76
11,31,224822.61,2,5,4,3,2,20438.4191,12,2,0,3,Spiral,417.76,218500.41
34,12,843097.07,3,3,3,2,1,24796.9726,6,3,0,2,Agile,303.29,927274.48
14,24,1240640.61,3,2,4,2,4,88617.1864,8,1,0,2,Agile,468.18,1549993.54
37,15,62834.27,4,3,1,2,3,1698.2235,2,2,0,1,Waterfall,598.56,78253.04
49,48,1427301.41,2,1,4,1,3,29128.6002,4,2,1,1,Iterative,2401.6,2069104.3
76,41,643304.96,3,5,3,2,4,8464.5389,6,2,1,1,Spiral,2897.73,893507.5
34,20,732298.61,4,1,4,1,1,21538.1944,4,1,0,3,Waterfall,702.87,833129.42
52,6,553361.97,5,5,4,3,3,10641.5763,12,3,1,2,SAFe,412.1,690937.21
4,31,885438.76,4,1,4,2,1,221359.69,8,5,1,1,Agile,69.48,919147.69
19,42,1176170.85,3,2,3,2,4,61903.7289,6,5,1,2,Spiral,757.93,1337995.72
56,40,462023.07,1,2,3,3,1,8250.412,9,1,0,2,Spiral,2801.72,495667.38
32,8,1221994.64,1,3,4,2,1,38187.3325,8,3,0,3,Scrum,315.02,1135176.43
45,39,1342901.1,4,1,4,3,3,29842.2467,12,1,0,2,Spiral,2890.48,1505394.76
46,2,63230.75,1,3,3,3,2,1374.5815,9,1,0,3,Spiral,138.65,75175.06
59,39,1258994.66,3,5,4,1,1,21338.8925,4,1,1,3,SAFe,2766.61,1598355.03
16,43,551726.28,3,5,1,2,3,34482.8925,2,4,1,2,Scrum,507.26,732076.17
69,39,324072.02,2,4,5,2,4,4696.6959,10,3,1,3,Spiral,3178.83,395432.8
6,44,1273347.03,1,2,2,3,3,212224.505,6,2,1,3,Iterative,299.87,1580983.88
33,48,179877.34,5,4,1,3,2,5450.8285,3,2,0,3,Scrum,2260.12,221881.73
61,33,1144583.17,4,4,2,3,3,18763.6585,6,2,1,2,Spiral,2287.97,1414813.23
67,5,1077333.81,3,2,1,3,2,16079.6091,3,5,1,3,SAFe,275.53,1203321.64
29,41,1257737.95,5,1,3,3,2,43370.2741,9,2,1,1,Agile,1173.84,1634760.74
53,43,1467842.53,3,1,3,3,3,27695.1421,9,5,1,1,Agile,2124.58,1803561.64
5,5,50801.89,3,5,3,1,1,10160.378,3,4,0,1,RAD,15.0,118125.0
44,28,138567.51,4,1,5,1,4,3149.2616,5,4,0,1,Waterfall,1219.3,171056.63
38,23,659582.41,5,1,1,3,4,17357.4318,3,5,0,2,Agile,641.75,901739.14
80,26,1276428.01,2,1,1,3,4,15955.3501,3,5,0,3,SAFe,1643.92,1648819.03
65,6,918915.21,3,4,5,3,2,14137.1571,15,3,0,2,Spiral,483.92,1184349.45
35,12,1048233.18,5,3,1,1,2,29949.5194,1,3,0,2,Waterfall,336.9,1235855.99
8,6,1444313.28,1,4,5,3,4,180539.16,15,1,0,2,Spiral,78.12,1633959.1
35,6,821639.03,2,5,3,1,2,23475.4009,3,2,0,1,Scrum,182.82,1064219.5
6,42,1435846.68,3,3,4,2,1,239307.78,8,4,0,3,Scrum,260.28,1842100.78
59,6,373725.85,1,3,5,1,2,6334.3364,5,3,0,3,SAFe,448.51,440057.26
54,33,1461046.01,1,2,1,3,3,27056.4076,3,3,0,3,SAFe,1933.76,1964220.75
21,32,228699.61,1,3,1,3,2,10890.4576,3,4,1,1,Scrum,441.11,271289.45
64,48,1210175.91,2,5,4,2,1,18908.9986,8,4,1,2,SAFe,2234.01,1273429.43
7,20,762471.46,4,1,4,3,4,108924.4943,12,4,1,1,Spiral,119.43,987182.53
31,22,1200960.5,1,2,1,3,3,38740.6613,3,2,1,3,Iterative,751.87,1662677.0
36,9,28383.65,1,2,1,1,2,788.4347,1,2,0,3,Iterative,266.97,33036.77
73,1,780496.05,3,3,1,3,2,10691.7267,3,1,1,2,SAFe,95.77,818665.45
38,35,1379649.56,3,5,4,3,4,36306.5674,12,5,0,2,Spiral,1137.78,1623961.25
5,12,682765.94,5,4,4,1,1,136553.188,4,3,1,3,V-Model,50.24,931367.23
34,16,571266.58,2,3,5,1,2,16801.9582,5,2,1,2,Iterative,584.75,709481.79
21,47,403134.56,2,2,3,1,2,19196.8838,3,3,1,3,Scrum,743.03,451817.52
53,42,1279240.12,1,5,3,1,3,24136.606,3,2,1,2,SAFe,2458.15,1436650.5
31,28,930788.54,5,2,1,1,2,30025.4368,1,4,0,3,Waterfall,721.53,1074094.49
20,40,124627.78,2,5,3,1,3,6231.389,3,5,1,3,Scrum,596.4,177454.95
67,9,830488.8,5,1,3,1,4,12395.3552,3,2,0,2,SAFe,620.75,1094713.77
48,38,1006533.88,2,1,5,3,2,20969.4558,15,4,0,1,Spiral,1797.88,1146270.98
71,45,576085.79,1,2,1,2,2,8113.8844,2,1,1,3,SAFe,3102.97,739251.34
40,36,248607.73,1,1,4,2,2,6215.1932,8,2,0,2,Iterative,1291.89,294168.45
14,3,171302.92,3,3,2,3,1,12235.9229,6,5,1,3,Iterative,35.4,208574.32
78,18,892528.74,2,4,5,2,2,11442.6762,10,4,0,3,SAFe,1565.64,988579.56
52,25,344388.4,5,5,4,2,4,6622.8538,8,5,1,1,V-Model,892.11,407171.2
60,35,789514.47,5,3,5,3,3,13158.5745,15,3,0,1,Spiral,2834.31,978757.74
55,3,419856.15,5,4,2,1,1,7633.7482,2,1,0,1,RAD,118.94,543571.72
11,17,350019.27,3,3,5,1,4,31819.9336,5,2,1,3,Scrum,260.07,456569.27
51,44,1491315.19,1,3,5,2,4,29241.4743,10,1,0,1,Iterative,307.21,1020291.36
2,27,180824.04,3,4,4,1,2,90412.02,4,2,0,2,Waterfall,42.16,217220.22
45,8,50410.36,2,2,1,2,3,1120.2302,2,4,0,3,Scrum,307.69,58894.67
23,17,1324535.16,3,4,3,1,3,57588.4852,3,5,1,3,Scrum,342.2,1716960.12
8,34,304014.2,1,3,1,2,1,38001.775,2,4,0,3,Scrum,161.91,367539.42
24,47,316761.54,1,5,4,2,2,13198.3975,8,1,0,1,Scrum,1348.17,354910.3
9,41,889371.9,4,4,4,2,2,98819.1,8,2,1,2,V-Model,467.76,1007633.7
69,45,80257.64,4,5,3,3,4,1163.1542,9,3,1,2,Spiral,4278.72,90319.18
3,39,717126.88,4,5,2,2,3,239042.2933,4,5,0,2,Agile,104.21,863709.53
64,19,40495.79,4,4,2,3,1,632.7467,6,4,0,3,Spiral,1047.54,37769.13
9,32,560413.76,1,1,2,1,3,62268.1956,2,2,1,3,Iterative,406.1,739295.65
21,33,509469.2,1,1,2,1,1,24260.4381,2,4,1,3,Iterative,461.23,627124.42
58,31,470509.19,2,1,3,3,3,8112.2274,9,5,0,3,Spiral,1911.72,489780.71
19,16,1405219.05,2,5,3,2,4,73958.8974,6,4,1,2,Spiral,302.43,1858027.04
23,19,1000789.22,4,4,2,2,4,43512.5748,4,5,0,1,Agile,292.54,1259691.79
67,3,840400.87,2,3,3,3,1,12543.2966,9,2,0,3,SAFe,215.04,1103029.36
76,25,950299.41,5,1,1,1,1,12503.9396,1,2,0,1,SAFe,1077.9,1129485.07
73,27,891281.82,3,2,5,1,4,12209.34,5,4,0,1,SAFe,1946.87,1058173.19
63,1,776221.06,2,5,5,2,1,12320.9692,10,3,0,2,SAFe,73.14,931688.44
40,24,228278.62,1,3,2,1,4,5706.9655,2,1,0,2,Iterative,882.94,343658.89
13,27,758190.52,1,2,2,2,4,58322.3477,4,2,1,3,Iterative,373.87,906429.89
24,1,331377.85,2,1,2,1,3,13807.4104,2,2,1,3,Agile,29.99,356307.82
34,14,926977.55,3,3,2,3,1,27264.0456,6,2,1,3,Agile,684.94,1068813.38
30,3,642635.94,5,5,4,3,3,21421.198,12,1,1,2,Spiral,166.05,772774.72
78,15,1018217.38,5,5,1,3,4,13054.069,3,3,0,2,SAFe,1293.91,1326720.25
79,12,569439.24,3,5,1,1,3,7208.0916,1,2,0,1,SAFe,695.02,783054.2
22,10,1061392.62,5,4,1,3,1,48245.1191,3,1,1,2,Agile,243.01,1211630.72
16,16,565536.34,1,1,4,2,2,35346.0212,8,2,1,2,Iterative,264.49,647262.1
29,38,1188674.92,3,4,3,3,4,40988.7903,9,3,1,2,Scrum,1130.26,1516668.73
58,35,1202956.66,4,5,3,3,1,20740.6321,9,4,0,1,Agile,1531.25,1300501.24
23,19,1280998.72,1,1,1,1,2,55695.5965,1,4,0,3,Iterative,252.24,1270742.77
8,2,181202.36,1,3,4,2,3,22650.295,8,3,0,3,RAD,16.02,150957.66
49,27,825673.01,4,5,4,2,4,16850.4696,8,3,0,1,Scrum,1348.36,873771.35
44,34,834353.23,3,1,4,2,4,18962.5734,8,5,1,3,V-Model,1714.51,889837.6
68,17,728959.3,5,4,3,2,2,10719.9897,6,3,0,2,SAFe,1131.02,836617.67
40,35,289082.61,1,1,5,1,2,7227.0652,5,3,0,3,Iterative,1872.11,348441.44
58,6,682752.38,5,2,1,1,2,11771.5928,1,2,0,1,Waterfall,296.1,697855.62
55,47,1239690.22,3,5,5,3,3,22539.8222,15,4,1,3,Spiral,230.61,1219986.52
56,24,1069436.53,1,3,1,2,4,19097.0809,2,4,0,3,SAFe,1357.47,1251461.81
58,43,603098.88,5,3,1,2,3,10398.2566,2,2,0,2,SAFe,2671.03,688497.46
50,35,657402.87,4,2,1,2,4,13148.0574,2,3,0,3,SAFe,1465.0,908862.06
34,13,138899.12,1,1,2,3,3,4085.2682,6,1,0,1,Iterative,478.18,172129.34
53,1,1353022.73,1,4,3,3,4,25528.7308,9,1,1,2,Spiral,75.15,1400433.65
65,13,427356.79,1,2,1,1,4,6574.7198,1,4,0,1,Agile,620.54,554619.37
5,5,51489.15,1,3,3,1,1,10297.83,3,4,0,1,RAD,15.0,118125.0
43,21,1079872.67,4,2,2,2,2,25113.3179,4,2,0,2,Agile,1102.8,1117977.9
18,10,1196987.32,4,1,1,2,4,66499.2956,2,2,0,1,Agile,179.74,1128322.4
63,32,860024.03,2,2,5,3,4,13651.1751,15,3,0,2,Spiral,2981.72,1181237.37
21,15,207193.43,4,4,4,3,1,9866.3538,12,2,0,2,Spiral,454.39,217527.78
2,16,287252.43,2,3,5,1,1,143626.215,5,5,1,1,Iterative,17.31,319636.93
21,18,340482.45,3,4,3,2,1,16213.45,6,2,0,1,Scrum,330.15,387412.16
52,15,618564.04,3,1,5,2,1,11895.4623,10,1,1,1,V-Model,842.11,769777.51
30,36,603299.18,5,2,2,1,2,20109.9727,2,5,1,1,Waterfall,679.54,8494250.0
75,29,884255.96,1,2,3,3,1,11790.0795,9,4,1,1,Spiral,1603.26,1106997.45
9,10,1144435.47,4,1,1,3,4,127159.4967,3,5,0,1,Agile,65.58,378371.04
16,22,61383.13,5,3,5,3,4,3836.4456,15,3,0,2,Spiral,406.26,68478.72
18,24,441478.51,4,1,4,1,3,24526.5839,4,3,1,1,V-Model,345.95,7027109.38
13,13,272722.6,3,1,3,1,4,20978.6615,3,4,1,2,Agile,102.05,305366.73
2,42,386259.08,2,5,1,3,4,193129.54,3,3,1,1,Scrum,67.85,465039.93
16,36,955463.59,5,1,5,1,4,59716.4744,5,4,1,2,V-Model,493.33,1089499.63
25,23,535214.68,3,5,1,1,2,21408.5872,1,3,0,3,Scrum,462.84,615487.77
15,28,77671.56,3,2,5,3,4,5178.104,15,5,0,2,Spiral,463.76,103902.81
52,16,357607.97,2,4,5,2,4,6877.0763,10,2,1,3,Spiral,1158.9,415955.45
9,21,419083.96,4,5,3,2,3,46564.8844,6,5,1,3,Scrum,171.28,436081.92
3,5,1203797.43,1,3,1,3,3,401265.81,3,2,1,1,Kanban,19.8,152861.19
51,18,1195799.65,3,5,1,1,3,23447.052,1,2,0,3,SAFe,953.95,1316594.47
61,11,1310032.05,3,1,3,1,2,21475.9352,3,1,0,2,SAFe,727.07,1595077.35
2,12,444806.86,2,1,1,3,4,222403.43,3,3,1,2,Iterative,21.27,154278.11
64,17,297464.14,1,2,5,3,2,4647.8772,15,1,1,3,Spiral,1871.47,384382.87
25,26,1128782.14,5,2,3,2,4,45151.2856,6,1,1,2,V-Model,819.65,1311636.25
53,14,154599.44,4,1,1,2,2,2916.9706,2,4,0,1,Agile,522.41,186195.59
58,25,315290.55,1,5,2,3,3,5436.044,6,1,1,1,Scrum,1653.15,368989.19
73,43,1092246.23,2,1,5,1,1,14962.2771,5,2,0,2,SAFe,2374.48,1211395.29
80,11,680609.47,5,3,4,1,4,8507.6184,4,4,0,2,SAFe,623.16,717493.63
29,42,800940.16,4,2,5,2,4,27618.6262,10,3,0,3,Agile,1324.27,995824.97
5,13,1444084.92,2,3,1,1,4,288816.984,1,5,1,3,Iterative,49.11,363727.27
69,27,211800.72,3,1,2,2,4,3069.5757,4,4,1,2,SAFe,1275.35,265286.46
54,27,519240.11,5,5,3,2,2,9615.5576,6,2,1,3,V-Model,1595.25,594759.36
25,30,1148690.05,4,2,1,3,3,45947.602,3,2,1,1,Agile,726.33,1378040.15
73,47,1125895.31,2,3,2,1,3,15423.2234,2,5,0,3,SAFe,2387.79,1280769.94
75,42,511704.3,1,1,1,1,1,6822.724,1,4,1,2,SAFe,1515.86,695585.04
11,2,1312133.74,5,4,1,2,4,119284.8855,2,3,1,3,RAD,24.48,174490.6
20,25,502933.81,5,4,3,2,4,25146.6905,6,5,0,2,Scrum,389.24,625658.59
75,15,900334.29,5,2,5,1,4,12004.4572,5,3,0,2,SAFe,1417.26,1034603.26
8,3,83502.08,2,5,3,1,2,10437.76,3,4,0,1,RAD,13.94,109777.5
43,48,210320.4,4,3,3,3,1,4891.1721,9,1,0,2,Spiral,2525.92,286639.5
71,44,203788.02,1,5,1,3,1,2870.2538,3,2,1,3,SAFe,3610.99,243396.66
5,22,1164907.18,3,2,4,2,3,232981.436,8,4,1,1,V-Model,90.95,1306515.16
16,11,571861.53,1,5,5,2,1,35741.3456,10,4,1,3,Spiral,138.62,602217.01
54,7,101183.24,1,5,5,1,3,1873.7637,5,4,0,3,SAFe,458.66,119362.56
65,38,578978.42,5,2,4,2,3,8907.3603,8,3,0,1,Waterfall,2313.7,723687.19
35,47,597638.62,1,5,2,2,4,17075.3891,4,1,1,3,Scrum,2121.79,707194.31
63,34,1215688.28,4,1,1,3,4,19296.6394,3,5,0,3,SAFe,1863.6,1425602.72
76,31,372380.2,1,1,1,3,2,4899.7395,3,4,0,1,SAFe,1918.08,445415.36
47,48,745949.31,2,5,4,2,2,15871.2619,8,1,0,2,Scrum,2749.88,917981.59
27,19,1013941.87,4,5,3,2,2,37553.4026,6,3,1,3,Spiral,474.66,1070106.39
78,25,1135308.72,3,5,5,1,4,14555.24,5,2,1,3,SAFe,2009.68,1448643.27
75,31,619428.12,4,4,2,1,3,8259.0416,2,2,1,2,SAFe,1897.01,803011.79
42,19,209899.64,4,5,5,3,3,4997.6105,15,2,0,2,Spiral,1236.91,252493.33
3,30,682311.88,2,5,1,2,4,227437.2933,2,1,0,2,Scrum,103.85,622997.82
51,14,832037.59,2,4,5,1,4,16314.4625,5,4,1,2,SAFe,579.83,1030399.11
30,3,801507.41,1,4,2,2,2,26716.9137,4,5,0,2,RAD,67.25,534196.3
17,46,693084.0,1,4,4,2,2,40769.6471,8,3,0,3,Scrum,909.54,796719.2
42,20,477560.8,5,2,5,1,3,11370.4952,5,3,0,1,Waterfall,915.66,520554.81
20,30,460024.19,5,1,4,2,3,23001.2095,8,5,1,1,V-Model,552.55,11223671.88
10,7,171286.41,4,3,5,1,2,17128.641,5,2,1,2,Scrum,87.15,193201.9
19,32,1103243.89,1,2,2,2,4,58065.4679,4,4,0,2,Iterative,453.36,1211588.9
50,28,11264.61,1,1,2,3,1,225.2922,6,2,0,2,SAFe,1551.93,11605.25
19,32,1084617.3,4,3,5,2,3,57085.1211,10,5,1,3,V-Model,626.38,1428736.75
2,7,1062450.84,2,4,4,1,2,531225.42,4,5,0,3,XP,8.66,110249.97
69,11,506270.8,5,1,1,2,4,7337.258,2,4,1,2,SAFe,548.83,594819.66
68,46,1497405.45,1,1,3,2,4,22020.6684,6,5,1,1,Iterative,2180.49,1892407.07
20,27,42871.85,4,2,3,3,3,2143.5925,9,5,0,3,Spiral,696.97,53977.95
41,23,308787.61,4,4,2,1,1,7531.4051,2,3,0,1,Agile,632.5,340535.94
28,46,1357829.99,2,3,3,3,4,48493.9282,9,4,1,1,Agile,827.1,1641691.65
65,34,129980.7,2,2,4,2,4,1999.7031,8,2,1,3,SAFe,3276.78,152072.65
53,3,542695.27,4,2,4,1,1,10239.5334,4,4,0,3,SAFe,128.18,661054.74
59,4,759913.73,5,5,1,2,1,12879.8937,2,1,0,3,SAFe,231.52,1000512.1
42,23,1004057.21,5,1,1,1,3,23906.124,1,2,1,3,Waterfall,1043.5,1258739.51
3,36,1375841.4,1,2,2,1,4,458613.8,2,5,1,3,Iterative,79.78,871696.63
47,7,1054741.85,4,5,3,3,4,22441.316,9,1,1,3,Scrum,503.71,1331790.97
46,4,981002.16,2,5,1,1,3,21326.1339,1,3,0,3,RAD,182.64,1015534.62
53,27,734963.4,1,4,5,3,3,13867.234,15,1,1,3,Spiral,3109.55,721478.73
78,39,260332.3,5,3,4,1,1,3337.5936,4,3,0,1,SAFe,1806.13,375270.32
61,32,181127.33,2,3,1,3,2,2969.3005,3,5,0,3,SAFe,1847.5,234443.12
45,16,557331.48,2,3,1,1,4,12385.144,1,4,0,3,Iterative,544.23,617989.03
70,28,908014.59,1,2,2,2,4,12971.637,4,4,0,1,SAFe,1203.12,1055697.35
60,24,1054464.77,5,4,2,2,1,17574.4128,4,5,0,3,SAFe,1184.04,15984540.0
34,35,1484370.33,2,1,3,1,1,43657.9509,3,4,1,2,Agile,858.83,1925043.65
60,6,175098.26,5,2,5,2,4,2918.3043,10,5,0,1,Agile,293.73,230753.34
47,39,245703.78,4,1,3,2,2,5227.74,6,4,1,3,Agile,1524.9,275787.61
55,14,875832.8,4,3,2,1,2,15924.2327,2,3,1,2,SAFe,515.58,1065823.57
30,39,1072875.11,4,3,3,1,1,35762.5037,3,5,0,3,Scrum,843.24,1342031.24
25,13,605169.22,2,3,2,2,1,24206.7688,4,5,0,2,Scrum,194.37,713853.95
68,33,1201894.59,4,1,3,2,4,17674.9204,6,5,0,3,SAFe,2080.17,1426288.34
34,20,859687.2,3,4,4,3,1,25284.9176,12,2,0,2,Spiral,916.15,900864.7
71,18,1127307.78,1,4,2,1,2,15877.5744,2,3,1,2,SAFe,873.1,1343917.21
44,29,1474209.42,2,4,4,1,3,33504.7595,4,5,1,3,Scrum,1310.06,1681265.16
32,18,372749.97,2,2,3,1,1,11648.4366,3,4,1,1,Agile,379.91,478328.69
80,23,1082916.51,3,5,3,1,4,13536.4564,3,5,1,1,V-Model,1327.33,1394366.5
62,27,462526.6,5,4,2,2,3,7460.1065,4,5,1,1,Agile,1394.42,486706.1
16,40,430667.92,4,5,3,3,1,26916.745,9,2,1,2,Spiral,697.32,595182.31
4,29,466085.4,4,4,1,1,2,116521.35,1,2,0,2,Waterfall,97.43,519013.64
43,41,1392199.91,2,4,4,1,1,32376.7421,4,1,0,3,Scrum,1927.92,1650039.26
54,4,1434843.4,2,3,2,3,4,26571.1741,6,1,0,1,Iterative,272.98,1623826.84
52,12,1221072.25,1,5,2,2,4,23482.1587,4,4,1,1,Scrum,383.49,1371053.88
73,35,849988.46,5,2,4,2,4,11643.6775,8,3,1,3,V-Model,3697.64,924244.51
25,22,448853.3,3,3,5,3,1,17954.132,15,4,1,2,Spiral,436.45,557982.53
34,29,1353387.89,2,4,5,2,2,39805.5262,10,2,1,2,Spiral,1081.5,1783258.57
16,29,387919.11,1,2,1,2,4,24244.9444,2,4,0,1,Iterative,300.51,486289.92
72,1,644169.75,1,4,3,2,2,8946.8021,6,1,1,2,SAFe,84.62,738029.27
78,9,419363.49,3,4,4,1,4,5376.455,4,2,0,2,SAFe,771.25,520193.36
32,28,331277.05,1,5,1,2,3,10352.4078,2,4,0,2,Scrum,588.57,434021.12
66,2,1317661.84,2,3,2,2,4,19964.5733,4,5,1,3,SAFe,100.9,801294.61
69,1,398987.4,2,1,2,1,1,5782.4261,2,1,0,1,Iterative,43.28,229697.42
47,25,596956.99,3,3,5,1,4,12701.2126,5,3,0,3,Scrum,1297.36,636552.46
52,32,388113.33,2,4,3,3,3,7463.7179,9,2,1,1,Spiral,2705.38,460694.69
4,9,47999.06,2,2,5,1,1,11999.765,5,2,1,3,Iterative,33.55,51326.22
48,25,62011.42,2,4,4,3,3,1291.9046,12,1,0,2,Spiral,1909.47,71294.16
32,33,327519.73,4,4,5,3,4,10234.9916,15,2,1,1,Spiral,1611.58,407403.28
36,17,828460.9,3,3,3,1,1,23012.8028,3,1,1,1,Waterfall,463.48,978450.09
18,19,1459630.66,5,5,1,1,4,81090.5922,1,3,0,2,Waterfall,279.85,1336401.21
74,26,1230689.16,3,3,4,2,2,16630.9346,8,3,0,3,SAFe,2387.35,1338299.12
53,30,1507866.12,5,4,1,1,3,28450.3042,1,4,0,3,Scrum,1004.57,1672283.11
15,43,1370005.05,5,4,3,1,2,91333.67,3,1,0,3,Waterfall,634.63,1775674.18
56,38,603706.26,1,4,4,1,3,10780.4689,4,1,0,2,SAFe,2845.29,769070.45
4,45,1097061.93,1,3,3,1,2,274265.4825,3,5,1,1,Iterative,99.05,1038175.95
77,22,1449204.62,4,2,3,2,3,18820.8392,6,3,0,2,SAFe,1770.94,1889731.37
14,18,306033.93,1,1,3,2,2,21859.5664,6,2,1,3,Iterative,256.76,329232.4
73,34,1265652.0,5,2,4,3,4,17337.6986,12,2,0,1,Spiral,3520.62,1362019.58
32,12,770466.11,5,4,4,2,3,24077.0659,8,3,1,3,V-Model,569.37,954974.2
76,38,1004634.43,2,4,2,3,1,13218.8741,6,2,1,2,Spiral,3468.0,1294948.46
53,24,71549.67,3,5,5,3,3,1349.9938,15,5,0,1,Spiral,1150.78,81515.47
36,42,1370348.14,5,5,4,1,2,38065.2261,4,5,1,3,V-Model,960.92,1495879.88
31,18,1478678.04,1,3,4,2,3,47699.2916,8,3,1,2,Spiral,785.89,1636128.31
20,23,532181.42,4,2,1,3,3,26609.071,3,2,1,2,Scrum,612.59,698491.03
69,6,219321.21,3,4,5,3,4,3178.5683,15,4,0,1,Spiral,473.12,260214.56
11,20,1468208.29,1,5,4,3,4,133473.4809,12,5,1,1,Spiral,197.36,1911220.6
70,30,1216667.41,4,2,4,2,4,17380.963,8,3,1,3,SAFe,2390.85,60518390.62
39,15,1191586.83,4,3,1,3,4,30553.5085,3,1,1,3,Scrum,804.37,1593646.83
24,21,332429.37,1,1,4,3,3,13851.2238,12,1,0,3,Spiral,934.13,455589.1
71,32,593034.59,2,5,4,3,3,8352.5999,12,5,1,2,Spiral,2285.91,612607.98
25,13,878187.91,5,2,4,3,2,35127.5164,12,1,0,1,Agile,395.47,1041934.32
23,15,973537.66,1,5,5,1,4,42327.7243,5,3,0,3,Scrum,347.57,1103553.27
15,22,944042.98,2,4,4,2,4,62936.1987,8,4,0,2,Scrum,258.85,1075406.43
8,14,912450.48,5,1,4,1,1,114056.31,4,4,1,1,V-Model,80.03,1077071.38
72,8,647553.56,2,4,2,1,1,8993.7994,2,1,0,2,SAFe,391.28,641537.73
67,21,1371645.34,3,1,1,2,2,20472.3185,2,4,1,1,Iterative,930.97,1615492.78
42,8,894609.59,3,2,3,1,4,21300.2283,3,3,1,3,V-Model,305.12,981344.34
55,32,681714.99,1,1,2,2,3,12394.818,4,5,1,3,SAFe,1530.9,753818.68
52,33,1193049.79,5,3,5,2,3,22943.2652,10,2,1,3,V-Model,2751.26,1498641.64
55,38,370323.03,3,5,5,2,4,6733.146,10,4,1,3,Spiral,2514.81,499421.68
2,19,125629.56,4,4,1,3,4,62814.78,3,5,0,1,Agile,31.86,141946.28
4,25,632185.03,5,4,3,2,1,158046.2575,6,5,0,1,XP,56.8,678347.92
20,7,1249163.9,5,2,2,1,3,62458.195,2,5,1,3,Waterfall,88.52,591427.8
39,25,819600.37,4,3,5,2,2,21015.3941,10,2,1,3,V-Model,1443.25,920897.44
35,4,1156744.25,3,2,3,2,2,33049.8357,6,4,0,2,Agile,143.57,1406571.73
29,34,1361516.26,1,3,5,2,2,46948.8366,10,3,1,1,Spiral,1085.34,1606646.26
71,17,75038.8,3,4,5,2,4,1056.8845,10,1,0,1,SAFe,1208.29,97201.76
21,26,1319163.39,5,3,5,3,2,62817.3043,15,2,0,2,V-Model,838.43,1672538.84
75,10,1301257.71,5,2,3,1,2,17350.1028,3,1,0,2,SAFe,682.06,1321068.43
45,41,414377.93,3,3,2,3,3,9208.3984,6,2,0,2,Iterative,2319.7,507245.16
30,25,977542.94,5,3,5,1,3,32584.7647,5,3,1,1,V-Model,772.24,1362513.7
20,6,677776.99,2,2,3,1,1,33888.8495,3,5,0,2,Iterative,58.97,503117.91
78,21,1016213.62,3,2,3,1,2,13028.3797,3,5,0,3,SAFe,1134.88,1303571.68
53,24,992238.48,1,3,2,3,2,18721.4808,6,1,0,2,Spiral,1821.98,1218441.77
2,31,232694.65,2,3,5,1,2,116347.325,5,5,0,2,XP,38.93,249029.08
34,23,379580.24,5,4,2,2,3,11164.1247,4,5,0,2,Agile,565.94,498803.99
40,45,285700.71,5,1,2,2,2,7142.5178,4,3,0,3,Agile,1644.67,244316.13
13,26,424025.66,1,5,3,2,1,32617.3585,6,4,1,3,Scrum,285.58,496424.76
70,47,1202517.33,1,1,2,2,1,17178.819,4,4,1,3,SAFe,2937.11,1320676.2
60,43,928344.49,5,3,5,2,1,15472.4082,10,1,0,1,Agile,2826.41,1143670.39
51,11,45697.66,3,4,3,2,3,896.0325,6,2,1,3,SAFe,773.93,50809.5
69,1,16038.12,1,3,3,1,4,232.4365,3,4,0,3,SAFe,57.27,21861.0
30,36,597015.63,5,1,2,1,2,19900.521,2,3,1,1,Waterfall,679.54,8494250.0
59,36,61391.99,4,4,2,2,1,1040.5422,4,1,0,2,SAFe,2064.75,70591.14
79,39,159972.27,2,1,3,2,3,2024.9654,6,2,0,3,SAFe,3739.43,166572.21
67,11,724717.26,4,2,4,1,1,10816.6755,4,1,0,2,SAFe,715.44,910254.59
19,29,633631.5,2,4,3,2,2,33349.0263,6,1,1,2,Scrum,656.58,779543.79
37,45,1121132.8,4,4,4,2,2,30300.8865,8,5,0,3,Scrum,1294.31,1218815.48
38,18,243264.82,2,4,1,3,4,6401.7058,3,3,1,3,Scrum,829.3,254622.28
18,27,1193946.13,5,2,3,1,4,66330.3406,3,2,1,1,Waterfall,494.42,1159326.73
35,2,308703.97,5,4,1,3,3,8820.1134,3,1,1,1,Agile,80.93,401185.56
23,29,1409946.02,2,1,4,3,3,61302.0009,12,4,0,3,Spiral,902.03,1549387.15
40,4,1323353.1,2,5,4,1,2,33083.8275,4,3,0,2,RAD,121.35,1323069.1
4,7,1051069.26,1,1,2,3,2,262767.315,6,3,0,3,Iterative,32.34,291805.77
2,42,120632.0,4,2,4,3,4,60316.0,12,5,1,1,Spiral,70.79,131506.0
33,19,747929.98,3,5,5,2,4,22664.5448,10,4,0,3,Scrum,674.99,815997.03
76,28,1226873.94,3,4,3,2,2,16143.0782,6,3,0,2,SAFe,2161.15,1489670.33
4,9,990539.76,1,4,2,2,4,247634.94,4,5,0,2,XP,26.47,323226.0
3,46,446204.8,5,5,4,1,2,148734.9333,4,2,1,1,V-Model,118.63,568949.96
70,30,983563.85,1,1,3,3,4,14050.9121,9,4,1,3,SAFe,2288.53,1224083.84
37,6,1325975.53,3,3,5,1,4,35837.1765,5,4,1,2,Scrum,195.36,1484769.87
37,27,180002.74,5,3,3,1,4,4864.9389,3,4,1,3,Waterfall,921.64,182918.82
21,42,158322.47,4,1,3,1,2,7539.1652,3,5,1,2,Waterfall,494.66,190198.33
71,31,1065819.7,1,3,3,1,4,15011.5451,3,3,0,2,SAFe,1717.56,1143296.27
26,30,1037909.01,4,1,4,2,2,39919.5773,8,2,0,3,Agile,1154.92,1441862.85
48,26,667468.6,3,5,4,2,2,13905.5958,8,1,0,3,Scrum,1899.52,786865.9
31,2,1209337.19,5,5,4,3,1,39010.8771,12,2,1,3,Scrum,83.22,1205331.22
52,13,729202.02,3,3,2,3,4,14023.1158,6,5,0,2,SAFe,553.9,761187.12
56,32,1477498.75,3,5,4,2,3,26383.9062,8,2,1,2,SAFe,2194.5,2035095.46
54,36,1380527.79,1,4,2,3,2,25565.3294,6,2,1,1,Agile,1537.19,1784944.65
51,20,61110.19,1,1,4,2,2,1198.239,8,5,0,1,Iterative,802.47,81562.05
66,27,1225329.98,1,3,5,3,2,18565.6058,15,2,0,3,Spiral,2390.15,1359671.6
14,26,1287963.5,3,3,2,3,1,91997.3929,6,1,1,1,Agile,326.88,1616410.2
14,23,363832.02,1,1,4,1,2,25988.0014,4,2,0,3,Iterative,302.94,448520.69
15,13,479456.64,5,4,2,2,3,31963.776,4,3,1,2,Agile,173.8,597887.58
72,22,1122210.11,5,2,3,3,4,15586.2515,9,4,1,1,Spiral,1694.46,1362082.15
41,14,455090.18,3,1,4,2,2,11099.7605,8,4,1,3,Spiral,444.32,514071.63
7,29,574619.15,2,2,4,1,3,82088.45,4,2,0,2,Iterative,244.73,784826.36
24,14,673717.73,2,3,3,3,4,28071.5721,9,5,1,2,Scrum,335.47,793029.28
19,24,824400.5,1,5,3,1,3,43389.5,3,5,0,1,Scrum,296.32,1156751.35
59,15,201846.01,1,2,4,2,2,3421.1188,8,3,0,1,Iterative,637.77,274828.91
69,47,475910.02,3,4,1,3,2,6897.2467,3,4,0,1,Agile,1910.6,645891.82
15,34,1354732.34,1,4,1,2,2,90315.4893,2,4,0,2,Scrum,289.74,1693036.93
20,24,604815.74,4,5,2,3,2,30240.787,6,2,0,1,Spiral,569.23,722758.71
30,11,1476964.21,5,3,5,3,1,49232.1403,15,5,1,3,Spiral,316.77,1465570.06
23,6,377821.64,2,4,2,2,3,16427.0278,4,4,1,2,Scrum,128.73,519071.79
34,31,916452.77,4,3,4,2,1,26954.4932,8,2,0,1,Agile,1107.22,1034294.6
64,31,802764.78,4,5,2,2,4,12543.1997,4,3,0,3,SAFe,1642.27,964520.01
75,37,1580495.99,4,2,4,3,3,21073.2799,12,4,0,2,Spiral,3144.38,1719529.82
38,25,11329.37,1,4,4,1,4,298.1413,4,1,1,1,Scrum,946.79,12616.66
62,13,15725.61,1,2,5,1,3,253.6389,5,1,1,2,SAFe,1061.44,17914.82
66,30,448257.86,3,1,5,1,3,6791.7858,5,1,1,1,Iterative,2196.04,593415.79
33,1,1204504.3,3,1,4,3,1,36500.1303,12,4,0,3,Agile,34.09,403812.5
44,19,1011934.63,5,1,5,2,3,22998.5143,10,4,1,3,V-Model,1079.2,1234496.47
34,31,1035193.19,2,3,1,3,2,30446.8585,3,1,0,1,Scrum,984.69,1192757.03
16,37,489775.38,2,4,5,3,3,30610.9612,15,3,1,2,Spiral,759.67,590772.09
70,10,889610.18,5,4,5,3,1,12708.7169,15,1,0,2,Spiral,998.62,1014200.36
71,17,1311815.76,3,3,1,1,3,18476.2783,1,1,1,2,SAFe,965.0,1439504.14
63,26,1035444.42,2,4,2,3,4,16435.6257,6,5,1,2,SAFe,1586.68,1360099.27
16,40,1284446.58,1,3,2,3,1,80277.9112,6,3,0,1,Spiral,602.2,1636281.8
53,34,886328.34,1,4,2,2,3,16723.1762,4,5,0,2,SAFe,1155.44,1290031.94
62,28,436489.07,4,1,3,2,2,7040.1463,6,4,1,2,SAFe,1645.41,607479.65
21,1,1434946.04,5,2,2,2,2,68330.7638,4,3,0,3,Waterfall,19.2,167292.8
58,46,1087062.69,2,4,1,1,2,18742.4602,1,3,1,3,SAFe,2237.0,1392778.48
36,40,1292695.37,3,1,5,1,1,35908.2047,5,3,1,1,Agile,755.56,1476396.7
80,9,1291013.33,2,3,5,1,3,16137.6666,5,3,1,1,SAFe,813.47,1523774.08
47,33,190890.26,5,3,1,1,2,4061.4949,1,2,0,1,Waterfall,1192.35,203462.58
27,22,1442455.72,3,1,2,1,2,53424.2859,2,5,1,3,Agile,345.32,1611898.69
38,43,831030.04,3,5,4,2,2,21869.2116,8,4,1,3,Scrum,1674.62,848433.62
68,42,191902.48,2,1,3,1,1,2822.0953,3,3,1,3,SAFe,2566.07,235100.43
17,11,842353.47,3,1,4,3,1,49550.2041,12,1,1,2,Spiral,257.31,1033613.59
7,5,1246936.77,4,1,4,1,3,178133.8243,4,2,1,1,V-Model,33.57,700306.36
18,28,492071.99,2,5,1,2,3,27337.3328,2,1,0,2,Scrum,523.87,504019.63
32,16,590524.52,5,5,3,3,4,18453.8912,9,2,0,1,Agile,606.37,797638.53
66,11,1519911.07,1,1,2,3,4,23028.9556,6,5,0,3,SAFe,661.26,1641519.89
20,31,310861.35,2,2,5,1,2,15543.0675,5,1,1,1,Iterative,626.82,363526.83
45,8,186855.51,4,2,4,1,3,4152.3447,4,3,0,3,Scrum,498.47,213512.48
23,22,58956.02,2,4,5,1,2,2563.3052,5,4,1,1,Scrum,430.03,68473.26
49,42,764396.31,4,1,2,3,2,15599.9247,6,1,0,2,Spiral,2568.92,833585.73
49,4,1094199.52,3,5,3,3,2,22330.6024,9,3,0,1,Scrum,187.61,1492356.69
36,23,838452.34,2,1,4,3,2,23290.3428,12,1,1,1,Spiral,1169.34,935133.76
70,47,981587.21,5,3,4,2,2,14022.6744,8,5,0,3,Scrum,382.28,608652.87
63,37,152937.33,5,4,3,2,2,2427.5767,6,4,0,3,SAFe,1875.24,198010.7
80,18,807057.23,5,3,4,2,4,10088.2154,8,4,0,2,SAFe,1228.79,1002691.44
56,45,1328436.18,3,3,5,1,3,23722.0746,5,3,0,3,Scrum,716.73,703837.7
10,18,279063.75,2,2,5,3,4,27906.375,15,4,1,2,Iterative,207.57,5643309.38
59,2,585983.98,1,2,3,2,1,9931.9319,6,2,0,1,RAD,92.44,797923.8
26,8,1106255.1,5,1,5,1,4,42548.2731,5,2,1,3,V-Model,232.65,1217647.97
24,27,1243728.21,2,5,2,2,4,51822.0088,4,3,1,1,Scrum,620.32,1394543.4
24,28,493686.67,5,3,3,3,2,20570.2779,9,1,0,3,Spiral,1096.68,577436.82
48,38,1270016.34,4,4,2,3,1,26458.6738,6,2,0,1,Scrum,1473.31,1375196.92
3,25,444149.76,3,1,2,2,1,148049.92,4,3,1,2,Agile,69.38,578001.82
3,32,1043329.96,5,3,3,3,1,347776.6533,9,4,1,2,Spiral,108.48,1512717.27
34,7,1067456.87,1,1,1,3,2,31395.7903,3,5,0,1,Iterative,151.32,823519.71
49,15,784110.2,2,3,4,1,1,16002.249,4,3,1,1,Scrum,528.11,1015483.04
62,12,911052.34,2,2,4,2,4,14694.3926,8,3,1,3,Spiral,788.15,1002829.93
27,45,23855.62,2,5,2,1,2,883.5415,2,4,1,2,Scrum,762.0,30075.27
11,12,452218.51,4,3,3,2,2,41110.7736,6,5,1,2,Spiral,101.52,524126.89
25,36,581058.21,5,3,3,2,3,23242.3284,6,4,1,1,V-Model,706.39,14348546.88
38,37,563211.45,2,4,5,3,4,14821.3539,15,2,1,1,Spiral,2185.26,660045.11
66,2,101822.5,3,2,3,1,1,1542.7652,3,1,0,1,RAD,97.27,131674.01
22,46,1419223.02,1,5,2,2,1,64510.1373,4,5,0,1,Scrum,509.05,1976578.16
47,44,112811.75,1,1,2,2,3,2400.25,4,5,0,3,Iterative,1897.32,155811.1
78,39,386633.12,1,1,2,3,1,4956.8349,6,1,0,2,Spiral,3363.93,469961.81
60,43,373104.6,2,2,4,3,2,6218.41,12,1,0,2,Spiral,3710.31,432372.78
60,20,733391.87,5,4,5,3,1,12223.1978,15,1,1,2,Spiral,1695.99,867243.88
74,45,37803.29,1,3,3,1,2,510.8553,3,4,0,3,SAFe,2606.56,52484.14
31,16,409987.55,5,3,5,2,3,13225.4048,10,3,0,2,Agile,561.7,556251.84
41,26,623697.1,4,4,3,2,1,15212.1244,6,4,1,3,V-Model,833.34,719218.35
44,19,632944.05,5,2,4,2,3,14385.092,8,2,1,3,V-Model,1120.94,608013.49
37,4,1026798.21,4,4,4,1,2,27751.303,4,2,0,2,RAD,170.91,1347524.44
78,30,1021174.89,4,3,4,2,4,13091.9858,8,5,1,2,V-Model,1692.6,1224554.09
50,2,834278.2,3,3,5,1,1,16685.564,5,3,1,3,SAFe,95.59,881999.88
46,8,1101889.14,3,2,5,1,3,23954.1117,5,1,0,2,Agile,511.86,1493248.54
16,17,1407209.71,4,5,3,3,4,87950.6069,9,1,1,1,Agile,361.45,1700842.77
27,15,1469758.67,4,4,5,1,2,54435.5063,5,2,1,3,V-Model,553.28,1566919.18
44,8,641938.69,4,5,3,2,3,14589.5157,6,4,0,2,Scrum,376.56,894538.35
63,32,1081674.8,3,3,4,2,3,17169.4413,8,4,0,2,SAFe,1914.6,1150119.93
6,45,1310905.37,1,5,1,2,1,218484.2283,2,2,1,2,Scrum,193.29,1488993.83
76,38,621807.72,4,3,4,1,3,8181.6805,4,4,0,2,SAFe,2824.67,806480.83
58,13,1460746.88,1,3,5,2,4,25185.291,10,5,1,1,Spiral,610.01,1846082.97
71,45,202441.01,2,3,2,1,3,2851.2818,2,3,0,3,SAFe,3319.53,256412.89
25,33,947042.93,3,4,5,3,1,37881.7172,15,2,1,3,Spiral,972.27,1022395.79
16,43,1117877.98,1,3,4,1,4,69867.3738,4,2,1,2,Scrum,810.62,1391472.84
41,26,125991.22,1,1,3,2,2,3072.9566,6,1,1,1,Spiral,1278.56,163526.78
45,24,1380965.39,5,3,4,3,2,30688.1198,12,4,1,1,Spiral,839.57,1691830.63
72,38,744796.97,3,3,1,1,4,10344.4024,1,1,0,3,SAFe,2723.17,956330.07
64,23,1091328.09,2,1,3,3,1,17052.0014,9,5,0,2,Spiral,1195.08,1284856.35
61,17,1283530.93,2,4,2,3,3,21041.4907,6,3,1,1,Scrum,1208.0,1402567.79
10,21,550312.72,1,2,1,3,4,55031.272,3,4,1,2,Iterative,211.39,790566.77
49,28,1322972.75,5,4,3,2,4,26999.4439,6,4,1,3,V-Model,1274.97,1748862.16
75,32,1300352.94,5,2,5,2,2,17338.0392,10,2,1,2,V-Model,2563.81,1622048.46
36,32,299558.09,2,4,5,2,2,8321.0581,10,3,1,1,Spiral,1070.22,385523.72
42,15,839856.74,4,1,1,2,1,19996.589,2,1,1,1,Agile,493.29,1139813.26
68,43,851992.99,4,4,1,3,2,12529.3087,3,2,0,1,Agile,2857.97,979392.85
25,24,1350859.43,4,2,2,3,2,54034.3772,6,2,0,3,Spiral,781.08,1938992.09
25,28,42366.54,1,2,5,3,1,1694.6616,15,2,1,3,Spiral,1001.68,51255.34
29,35,164094.74,4,5,3,2,3,5658.4393,6,3,0,1,Scrum,1063.0,195266.55
16,14,609992.41,4,4,5,2,1,38124.5256,10,5,0,1,Scrum,138.56,692108.96
48,7,357437.83,5,2,3,2,2,7446.6215,6,1,0,3,Waterfall,442.07,427471.9
14,33,600917.37,3,5,4,1,2,42922.6693,4,5,1,3,Scrum,382.78,638964.12
62,3,624484.12,2,4,5,1,4,10072.3245,5,4,1,3,SAFe,194.36,794015.32
10,2,106450.61,1,4,4,2,2,10645.061,8,3,1,3,RAD,18.29,129286.89
15,35,281982.59,4,3,5,1,4,18798.8393,5,1,1,1,V-Model,559.91,351471.73
59,1,39474.67,2,5,5,3,4,669.0622,15,4,0,3,Spiral,78.86,48403.73
40,18,455140.02,2,1,5,3,1,11378.5005,15,2,1,2,Spiral,839.71,563004.29
60,25,668199.1,1,5,3,2,2,11136.6517,6,2,0,1,Scrum,1564.75,852382.51
48,21,477114.21,5,2,1,3,1,9939.8794,3,3,0,1,Agile,740.2,568976.19
39,48,1211087.8,4,5,3,3,4,31053.5333,9,5,1,2,Agile,1421.21,1423816.34
30,22,654820.59,1,5,2,1,3,21827.353,2,2,1,3,Scrum,717.17,746077.3
34,12,611530.28,3,1,1,1,2,17986.1847,1,4,1,2,Agile,249.25,698242.34
5,47,385036.35,2,5,4,2,2,77007.27,8,3,1,2,Spiral,234.93,431201.49
67,18,1159510.44,1,1,5,3,4,17306.126,15,1,0,2,Spiral,1913.77,1378881.77
